{"credit":"Made with Blockbench","texture_size":[32,32],"textures":{"0":"custom/cosmetics/summer/crab_arm","particle":"custom/cosmetics/summer/crab_arm"},"elements":[{"from":[5,12,5],"to":[11,17,11],"rotation":{"angle":0,"axis":"y","origin":[8.375,6.625,8]},"faces":{"north":{"uv":[6,0,9,2.5],"texture":"#0","tintindex":0},"east":{"uv":[9,0,6,2.5],"texture":"#0","tintindex":0},"south":{"uv":[6,0,9,2.5],"texture":"#0","tintindex":0},"west":{"uv":[9,0,6,2.5],"texture":"#0","tintindex":0},"up":{"uv":[12,0,15,3],"rotation":90,"texture":"#0","tintindex":0},"down":{"uv":[6,2,6.5,2.5],"texture":"#0","tintindex":0}}},{"from":[5,3,5],"to":[11,8,11],"rotation":{"angle":0,"axis":"y","origin":[8.375,6.625,8]},"faces":{"north":{"uv":[6,0,9,2.5],"texture":"#0","tintindex":0},"east":{"uv":[9,0,6,2.5],"texture":"#0","tintindex":0},"south":{"uv":[6,0,9,2.5],"texture":"#0","tintindex":0},"west":{"uv":[9,0,6,2.5],"texture":"#0","tintindex":0},"up":{"uv":[12,0,15,3],"rotation":90,"texture":"#0","tintindex":0},"down":{"uv":[6,2,6.5,2.5],"texture":"#0","tintindex":0}}},{"from":[5.75,8,5.75],"to":[10.25,12,10.25],"rotation":{"angle":0,"axis":"y","origin":[8.375,6.625,8]},"faces":{"north":{"uv":[6,2.5,8,4.5],"texture":"#0","tintindex":0},"east":{"uv":[6,2.5,8,4.5],"texture":"#0","tintindex":0},"south":{"uv":[6,2.5,8,4.5],"texture":"#0","tintindex":0},"west":{"uv":[6,2.5,8,4.5],"texture":"#0","tintindex":0}}},{"from":[7,13,8],"to":[13,19,8],"rotation":{"angle":0,"axis":"y","origin":[8.375,6.625,8]},"faces":{"north":{"uv":[9,0,12,3],"texture":"#0","tintindex":0},"south":{"uv":[12,0,9,3],"texture":"#0","tintindex":0}}},{"from":[7,4,8],"to":[13,10,8],"rotation":{"angle":0,"axis":"y","origin":[8.375,6.625,8]},"faces":{"north":{"uv":[9,0,12,3],"texture":"#0","tintindex":0},"south":{"uv":[12,0,9,3],"texture":"#0","tintindex":0}}},{"from":[8,-4,3.5],"to":[10,-1,3.5],"rotation":{"angle":0,"axis":"z","origin":[8.5,3,8]},"faces":{"north":{"uv":[3,2,4,3.5],"texture":"#0","tintindex":0},"south":{"uv":[4,2,3,3.5],"texture":"#0","tintindex":0}}},{"from":[4,-6,3.5],"to":[8,3,12.5],"rotation":{"angle":0,"axis":"z","origin":[8.5,3,8]},"faces":{"north":{"uv":[4,0,6,4.5],"texture":"#0","tintindex":0},"east":{"uv":[9,4.5,4.5,9],"texture":"#0","tintindex":0},"south":{"uv":[6,0,4,4.5],"texture":"#0","tintindex":0},"west":{"uv":[13.5,4.5,9,9],"texture":"#0","tintindex":0},"up":{"uv":[9,11,4.5,13],"rotation":90,"texture":"#0","tintindex":0},"down":{"uv":[4.5,11,9,9],"rotation":270,"texture":"#0","tintindex":0}}},{"from":[8,-4,12.5],"to":[10,-1,12.5],"rotation":{"angle":0,"axis":"z","origin":[8.5,3,8]},"faces":{"north":{"uv":[3,2,4,3.5],"texture":"#0","tintindex":0},"south":{"uv":[4,2,3,3.5],"texture":"#0","tintindex":0}}},{"from":[8.1,-5.725,3.6],"to":[13.9,3.075,12.4],"rotation":{"angle":0,"axis":"z","origin":[7.875,2.9625,8]},"faces":{"north":{"uv":[0,0,3,4.5],"texture":"#0","tintindex":0},"east":{"uv":[0,4.5,4.5,9],"texture":"#0","tintindex":0},"south":{"uv":[3,0,0,4.5],"texture":"#0","tintindex":0},"west":{"uv":[4.5,4.5,9,9],"texture":"#0","tintindex":0},"up":{"uv":[0,12,4.5,15],"rotation":270,"texture":"#0","tintindex":0},"down":{"uv":[0,12,4.5,9],"rotation":270,"texture":"#0","tintindex":0}}},{"from":[9.75,-5.75,8],"to":[15.75,0.25,8],"rotation":{"angle":0,"axis":"z","origin":[7.875,2.9625,8]},"faces":{"north":{"uv":[9,3,12,0],"texture":"#0","tintindex":0},"south":{"uv":[12,3,9,0],"texture":"#0","tintindex":0}}}],"display":{"thirdperson_righthand":{"rotation":[90,0,3],"translation":[0,-2,4.25],"scale":[1.07,1.07,1.07]},"thirdperson_lefthand":{"rotation":[90,-180,-3],"translation":[0,-2,4.25],"scale":[1.07,1.07,1.07]},"firstperson_righthand":{"translation":[0,0,3.5],"scale":[0,0,0]},"firstperson_lefthand":{"translation":[0,0,3.5],"scale":[0,0,0]},"gui":{"rotation":[2,-156,45],"translation":[1.75,1.25,0],"scale":[0.64,0.64,0.64]}},"groups":[0,1,2,3,4,{"name":"group","origin":[0,0,16],"color":0,"children":[]},{"name":"group","origin":[8.375,6.625,8],"color":0,"children":[{"name":"group","origin":[8.375,6.625,8],"color":0,"children":[5,6,7]},{"name":"group","origin":[8.375,6.625,8],"color":0,"children":[8,9]}]}]}