{"credit":"Made with Blockbench","texture_size":[64,64],"textures":{"0":"custom/cosmetics/summer/fish_balloon","particle":"custom/cosmetics/summer/fish_balloon"},"elements":[{"from":[4,0,0],"to":[12,8,9],"faces":{"north":{"uv":[0.25,9.75,2.25,11.75],"texture":"#0","tintindex":0},"east":{"uv":[8.75,2,6.5,4],"texture":"#0","tintindex":0},"south":{"uv":[8.75,2,10.75,4],"texture":"#0","tintindex":0},"west":{"uv":[6.5,2,8.75,4],"texture":"#0","tintindex":0},"up":{"uv":[6.5,0,8.75,2],"rotation":90,"texture":"#0","tintindex":0}}},{"from":[4,0,0],"to":[12,8,9],"faces":{"north":{"uv":[8.75,4,10.75,6],"texture":"#0"},"east":{"uv":[8.75,4,6.5,6],"texture":"#0"},"south":{"uv":[8.75,4,10.75,6],"texture":"#0"},"west":{"uv":[6.5,4,8.75,6],"texture":"#0"},"down":{"uv":[8.75,6,6.5,8],"rotation":90,"texture":"#0"}}},{"from":[7,6.5,8],"to":[9,17.5,14],"rotation":{"angle":45,"axis":"x","origin":[8,11.5,8]},"faces":{"north":{"uv":[12.5,1.25,12.75,4],"texture":"#0","tintindex":0},"east":{"uv":[12.5,1.25,14,4],"texture":"#0","tintindex":0},"south":{"uv":[12.5,1.25,12.75,4],"texture":"#0","tintindex":0},"west":{"uv":[12.5,1.25,14,4],"texture":"#0","tintindex":0},"down":{"uv":[12.5,4,14,3.75],"rotation":90,"texture":"#0","tintindex":0}}},{"from":[7,6.5,8],"to":[9,17.5,14],"rotation":{"angle":45,"axis":"x","origin":[8,11.5,8]},"faces":{"north":{"uv":[12.5,4,12.75,6.75],"texture":"#0"},"east":{"uv":[12.5,4,14,6.75],"texture":"#0"},"south":{"uv":[12.5,4,12.75,6.75],"texture":"#0"},"west":{"uv":[12.5,4,14,6.75],"texture":"#0"},"up":{"uv":[12.5,4.25,14,4],"rotation":90,"texture":"#0"}}},{"from":[7,-4.75,7.75],"to":[9,2.25,13.75],"rotation":{"angle":-45,"axis":"x","origin":[8,-2.5,9]},"faces":{"north":{"uv":[14,4,14.25,2.25],"texture":"#0","tintindex":0},"east":{"uv":[14,4,15.5,2.25],"texture":"#0","tintindex":0},"south":{"uv":[14,4,14.25,2.25],"texture":"#0","tintindex":0},"west":{"uv":[14,4,15.5,2.25],"texture":"#0","tintindex":0},"up":{"uv":[15.5,3.75,14,4],"rotation":90,"texture":"#0","tintindex":0}}},{"from":[7,-4.75,7.75],"to":[9,2.25,13.75],"rotation":{"angle":-45,"axis":"x","origin":[8,-2.5,9]},"faces":{"north":{"uv":[14,6.75,14.25,5],"texture":"#0"},"east":{"uv":[14,6.75,15.5,5],"texture":"#0"},"south":{"uv":[14,6.75,14.25,5],"texture":"#0"},"west":{"uv":[14,6.75,15.5,5],"texture":"#0"},"down":{"uv":[15.5,5,14,5.25],"rotation":90,"texture":"#0"}}}],"display":{"head":{"translation":[0,3.5,18.25],"scale":[2.2857,2.2857,2.2857]}}}