{"credit":"Made with Blockbench","texture_size":[64,64],"textures":{"0":"custom/cosmetics/summer/fish_balloon","particle":"custom/cosmetics/summer/fish_balloon"},"elements":[{"from":[3,0,-14],"to":[13,10,-4],"rotation":{"angle":0,"axis":"y","origin":[0,0,-4]},"faces":{"north":{"uv":[2.5,9.5,5,12],"texture":"#0","tintindex":0},"east":{"uv":[2.5,2.5,0,5],"texture":"#0","tintindex":0},"south":{"uv":[0,9.5,2.5,12],"texture":"#0","tintindex":0},"west":{"uv":[0,2.5,2.5,5],"texture":"#0","tintindex":0},"up":{"uv":[0,0,2.5,2.5],"rotation":90,"texture":"#0","tintindex":0}}},{"from":[3,0,-4],"to":[13,10,12],"rotation":{"angle":0,"axis":"y","origin":[0,0,-4]},"faces":{"north":{"uv":[5,9.5,7.5,12],"texture":"#0"},"east":{"uv":[6.5,4.5,2.5,7],"texture":"#0"},"south":{"uv":[5,9.5,7.5,12],"texture":"#0"},"west":{"uv":[2.5,4.5,6.5,7],"texture":"#0"},"down":{"uv":[6.5,9.5,2.5,7],"rotation":90,"texture":"#0"}}},{"from":[12,-12,-1],"to":[14,-1,6],"rotation":{"angle":45,"axis":"z","origin":[8,0.5,5]},"faces":{"north":{"uv":[11,6.75,10.75,4],"texture":"#0"},"east":{"uv":[12.5,6.75,10.75,4],"texture":"#0"},"south":{"uv":[11,6.75,10.75,4],"texture":"#0"},"west":{"uv":[12.5,6.75,10.75,4],"texture":"#0"},"down":{"uv":[12.5,4.25,10.75,4],"rotation":90,"texture":"#0"}}},{"from":[7,8,5.5],"to":[9,19,12.5],"rotation":{"angle":45,"axis":"x","origin":[8,15.5,5]},"faces":{"north":{"uv":[10.75,4,11,6.75],"texture":"#0"},"east":{"uv":[10.75,4,12.5,6.75],"texture":"#0"},"south":{"uv":[10.75,4,11,6.75],"texture":"#0"},"west":{"uv":[10.75,4,12.5,6.75],"texture":"#0"},"up":{"uv":[10.75,4,12.5,4.25],"rotation":90,"texture":"#0"}}},{"from":[7,8,5.5],"to":[9,19,12.5],"rotation":{"angle":45,"axis":"x","origin":[8,15.5,5]},"faces":{"north":{"uv":[10.75,1.25,11,4],"texture":"#0","tintindex":0},"east":{"uv":[10.75,1.25,12.5,4],"texture":"#0","tintindex":0},"south":{"uv":[10.75,1.25,11,4],"texture":"#0","tintindex":0},"west":{"uv":[10.75,1.25,12.5,4],"texture":"#0","tintindex":0},"down":{"uv":[10.75,3.75,12.5,4],"rotation":90,"texture":"#0","tintindex":0}}},{"from":[2,-12,-1],"to":[4,-1,6],"rotation":{"angle":-45,"axis":"z","origin":[8,0.5,5]},"faces":{"north":{"uv":[10.75,6.75,11,4],"texture":"#0"},"east":{"uv":[10.75,6.75,12.5,4],"texture":"#0"},"south":{"uv":[10.75,6.75,11,4],"texture":"#0"},"west":{"uv":[10.75,6.75,12.5,4],"texture":"#0"},"down":{"uv":[12.5,4,10.75,4.25],"rotation":90,"texture":"#0"}}},{"from":[2,-12,-1],"to":[4,-1,6],"rotation":{"angle":-45,"axis":"z","origin":[8,0.5,5]},"faces":{"north":{"uv":[10.75,4,11,1.25],"texture":"#0","tintindex":0},"east":{"uv":[10.75,4,12.5,1.25],"texture":"#0","tintindex":0},"south":{"uv":[10.75,4,11,1.25],"texture":"#0","tintindex":0},"west":{"uv":[10.75,4,12.5,1.25],"texture":"#0","tintindex":0},"up":{"uv":[12.5,3.75,10.75,4],"rotation":90,"texture":"#0","tintindex":0}}},{"from":[12,-12,-1],"to":[14,-1,6],"rotation":{"angle":45,"axis":"z","origin":[8,0.5,5]},"faces":{"north":{"uv":[11,4,10.75,1.25],"texture":"#0","tintindex":0},"east":{"uv":[12.5,4,10.75,1.25],"texture":"#0","tintindex":0},"south":{"uv":[11,4,10.75,1.25],"texture":"#0","tintindex":0},"west":{"uv":[12.5,4,10.75,1.25],"texture":"#0","tintindex":0},"up":{"uv":[12.5,4,10.75,3.75],"rotation":90,"texture":"#0","tintindex":0}}},{"from":[3,0,-4],"to":[13,10,12],"rotation":{"angle":0,"axis":"y","origin":[0,0,-4]},"faces":{"north":{"uv":[0,9.5,2.5,12],"texture":"#0","tintindex":0},"east":{"uv":[6.5,2.5,2.5,5],"texture":"#0","tintindex":0},"south":{"uv":[0,9.5,2.5,12],"texture":"#0","tintindex":0},"west":{"uv":[2.5,2.5,6.5,5],"texture":"#0","tintindex":0},"up":{"uv":[2.5,0,6.5,2.5],"rotation":90,"texture":"#0","tintindex":0}}},{"from":[3,0,-14],"to":[13,10,-4],"rotation":{"angle":0,"axis":"y","origin":[0,0,-4]},"faces":{"north":{"uv":[5,9.5,7.5,12],"texture":"#0"},"east":{"uv":[2.5,4.5,0,7],"texture":"#0"},"south":{"uv":[5,9.5,7.5,12],"texture":"#0"},"west":{"uv":[0,4.5,2.5,7],"texture":"#0"},"down":{"uv":[0,7,2.5,9.5],"rotation":270,"texture":"#0"}}},{"from":[5,1,-16],"to":[11,7,-14],"rotation":{"angle":0,"axis":"y","origin":[0,0,-4]},"faces":{"north":{"uv":[8.75,0.5,10.25,2],"texture":"#0"},"east":{"uv":[10.75,0.5,10.25,2],"texture":"#0"},"west":{"uv":[10.25,0.5,10.75,2],"texture":"#0"},"up":{"uv":[10.25,0.5,11.75,0],"rotation":180,"texture":"#0"},"down":{"uv":[10.25,0.5,11.75,0],"rotation":180,"texture":"#0"}}},{"from":[4,1,12],"to":[12,9,21],"rotation":{"angle":0,"axis":"y","origin":[0,1,12]},"faces":{"north":{"uv":[0.25,9.75,2.25,11.75],"texture":"#0","tintindex":0},"east":{"uv":[8.75,2,6.5,4],"texture":"#0","tintindex":0},"south":{"uv":[8.75,2,10.75,4],"texture":"#0","tintindex":0},"west":{"uv":[6.5,2,8.75,4],"texture":"#0","tintindex":0},"up":{"uv":[6.5,0,8.75,2],"rotation":90,"texture":"#0","tintindex":0}}},{"from":[4,1,12],"to":[12,9,21],"rotation":{"angle":0,"axis":"y","origin":[0,1,12]},"faces":{"north":{"uv":[8.75,4,10.75,6],"texture":"#0"},"east":{"uv":[8.75,4,6.5,6],"texture":"#0"},"south":{"uv":[8.75,4,10.75,6],"texture":"#0"},"west":{"uv":[6.5,4,8.75,6],"texture":"#0"},"down":{"uv":[8.75,6,6.5,8],"rotation":90,"texture":"#0"}}},{"from":[7,7.5,20],"to":[9,18.5,26],"rotation":{"angle":45,"axis":"x","origin":[8,12.5,20]},"faces":{"north":{"uv":[12.5,1.25,12.75,4],"texture":"#0","tintindex":0},"east":{"uv":[12.5,1.25,14,4],"texture":"#0","tintindex":0},"south":{"uv":[12.5,1.25,12.75,4],"texture":"#0","tintindex":0},"west":{"uv":[12.5,1.25,14,4],"texture":"#0","tintindex":0},"down":{"uv":[12.5,4,14,3.75],"rotation":90,"texture":"#0","tintindex":0}}},{"from":[7,7.5,20],"to":[9,18.5,26],"rotation":{"angle":45,"axis":"x","origin":[8,12.5,20]},"faces":{"north":{"uv":[12.5,4,12.75,6.75],"texture":"#0"},"east":{"uv":[12.5,4,14,6.75],"texture":"#0"},"south":{"uv":[12.5,4,12.75,6.75],"texture":"#0"},"west":{"uv":[12.5,4,14,6.75],"texture":"#0"},"up":{"uv":[12.5,4.25,14,4],"rotation":90,"texture":"#0"}}},{"from":[7,-3.75,19.75],"to":[9,3.25,25.75],"rotation":{"angle":-45,"axis":"x","origin":[8,-1.5,21]},"faces":{"north":{"uv":[14,4,14.25,2.25],"texture":"#0","tintindex":0},"east":{"uv":[14,4,15.5,2.25],"texture":"#0","tintindex":0},"south":{"uv":[14,4,14.25,2.25],"texture":"#0","tintindex":0},"west":{"uv":[14,4,15.5,2.25],"texture":"#0","tintindex":0},"up":{"uv":[15.5,3.75,14,4],"rotation":90,"texture":"#0","tintindex":0}}},{"from":[7,-3.75,19.75],"to":[9,3.25,25.75],"rotation":{"angle":-45,"axis":"x","origin":[8,-1.5,21]},"faces":{"north":{"uv":[14,6.75,14.25,5],"texture":"#0"},"east":{"uv":[14,6.75,15.5,5],"texture":"#0"},"south":{"uv":[14,6.75,14.25,5],"texture":"#0"},"west":{"uv":[14,6.75,15.5,5],"texture":"#0"},"down":{"uv":[15.5,5,14,5.25],"rotation":90,"texture":"#0"}}}],"display":{"gui":{"rotation":[30,135,0],"translation":[1,1.25,0],"scale":[0.45,0.45,0.45]},"head":{"translation":[0,1,-11.5],"scale":[2.2857,2.2857,2.2857]}}}