{"credit":"Made with Blockbench","texture_size":[64,64],"textures":{"0":"custom/cosmetics/summer/fish_balloon","particle":"custom/cosmetics/summer/fish_balloon"},"elements":[{"from":[3,0,3],"to":[13,10,13],"faces":{"north":{"uv":[2.5,9.5,5,12],"texture":"#0","tintindex":0},"east":{"uv":[2.5,2.5,0,5],"texture":"#0","tintindex":0},"south":{"uv":[0,9.5,2.5,12],"texture":"#0","tintindex":0},"west":{"uv":[0,2.5,2.5,5],"texture":"#0","tintindex":0},"up":{"uv":[0,0,2.5,2.5],"rotation":90,"texture":"#0","tintindex":0}}},{"from":[3,0,3],"to":[13,10,13],"faces":{"north":{"uv":[5,9.5,7.5,12],"texture":"#0"},"east":{"uv":[2.5,4.5,0,7],"texture":"#0"},"south":{"uv":[5,9.5,7.5,12],"texture":"#0"},"west":{"uv":[0,4.5,2.5,7],"texture":"#0"},"down":{"uv":[0,7,2.5,9.5],"rotation":270,"texture":"#0"}}},{"from":[5,1,1],"to":[11,7,3],"faces":{"north":{"uv":[8.75,0.5,10.25,2],"texture":"#0"},"east":{"uv":[10.75,0.5,10.25,2],"texture":"#0"},"west":{"uv":[10.25,0.5,10.75,2],"texture":"#0"},"up":{"uv":[10.25,0.5,11.75,0],"rotation":180,"texture":"#0"},"down":{"uv":[10.25,0.5,11.75,0],"rotation":180,"texture":"#0"}}}],"display":{"head":{"translation":[0,1,-11.5],"scale":[2.2857,2.2857,2.2857]}}}