{"credit":"Made with Blockbench","texture_size":[64,64],"textures":{"0":"custom/cosmetics/summer/fish_balloon","particle":"custom/cosmetics/summer/fish_balloon"},"elements":[{"from":[3,0,0],"to":[13,10,16],"faces":{"north":{"uv":[0,9.5,2.5,12],"texture":"#0","tintindex":0},"east":{"uv":[6.5,2.5,2.5,5],"texture":"#0","tintindex":0},"south":{"uv":[0,9.5,2.5,12],"texture":"#0","tintindex":0},"west":{"uv":[2.5,2.5,6.5,5],"texture":"#0","tintindex":0},"up":{"uv":[2.5,0,6.5,2.5],"rotation":90,"texture":"#0","tintindex":0}}},{"from":[3,0,0],"to":[13,10,16],"faces":{"north":{"uv":[5,9.5,7.5,12],"texture":"#0"},"east":{"uv":[6.5,4.5,2.5,7],"texture":"#0"},"south":{"uv":[5,9.5,7.5,12],"texture":"#0"},"west":{"uv":[2.5,4.5,6.5,7],"texture":"#0"},"down":{"uv":[6.5,9.5,2.5,7],"rotation":90,"texture":"#0"}}},{"from":[7,8,9.5],"to":[9,19,16.5],"rotation":{"angle":45,"axis":"x","origin":[8,15.5,9]},"faces":{"north":{"uv":[10.75,4,11,6.75],"texture":"#0"},"east":{"uv":[10.75,4,12.5,6.75],"texture":"#0"},"south":{"uv":[10.75,4,11,6.75],"texture":"#0"},"west":{"uv":[10.75,4,12.5,6.75],"texture":"#0"},"up":{"uv":[10.75,4,12.5,4.25],"rotation":90,"texture":"#0"}}},{"from":[7,8,9.5],"to":[9,19,16.5],"rotation":{"angle":45,"axis":"x","origin":[8,15.5,9]},"faces":{"north":{"uv":[10.75,1.25,11,4],"texture":"#0","tintindex":0},"east":{"uv":[10.75,1.25,12.5,4],"texture":"#0","tintindex":0},"south":{"uv":[10.75,1.25,11,4],"texture":"#0","tintindex":0},"west":{"uv":[10.75,1.25,12.5,4],"texture":"#0","tintindex":0},"down":{"uv":[10.75,3.75,12.5,4],"rotation":90,"texture":"#0","tintindex":0}}},{"from":[2,-12,3],"to":[4,-1,10],"rotation":{"angle":-45,"axis":"z","origin":[8,0.5,9]},"faces":{"north":{"uv":[10.75,6.75,11,4],"texture":"#0"},"east":{"uv":[10.75,6.75,12.5,4],"texture":"#0"},"south":{"uv":[10.75,6.75,11,4],"texture":"#0"},"west":{"uv":[10.75,6.75,12.5,4],"texture":"#0"},"down":{"uv":[12.5,4,10.75,4.25],"rotation":90,"texture":"#0"}}},{"from":[2,-12,3],"to":[4,-1,10],"rotation":{"angle":-45,"axis":"z","origin":[8,0.5,9]},"faces":{"north":{"uv":[10.75,4,11,1.25],"texture":"#0","tintindex":0},"east":{"uv":[10.75,4,12.5,1.25],"texture":"#0","tintindex":0},"south":{"uv":[10.75,4,11,1.25],"texture":"#0","tintindex":0},"west":{"uv":[10.75,4,12.5,1.25],"texture":"#0","tintindex":0},"up":{"uv":[12.5,3.75,10.75,4],"rotation":90,"texture":"#0","tintindex":0}}},{"from":[12,-12,3],"to":[14,-1,10],"rotation":{"angle":45,"axis":"z","origin":[8,0.5,9]},"faces":{"north":{"uv":[11,6.75,10.75,4],"texture":"#0"},"east":{"uv":[12.5,6.75,10.75,4],"texture":"#0"},"south":{"uv":[11,6.75,10.75,4],"texture":"#0"},"west":{"uv":[12.5,6.75,10.75,4],"texture":"#0"},"down":{"uv":[12.5,4.25,10.75,4],"rotation":90,"texture":"#0"}}},{"from":[12,-12,3],"to":[14,-1,10],"rotation":{"angle":45,"axis":"z","origin":[8,0.5,9]},"faces":{"north":{"uv":[11,4,10.75,1.25],"texture":"#0","tintindex":0},"east":{"uv":[12.5,4,10.75,1.25],"texture":"#0","tintindex":0},"south":{"uv":[11,4,10.75,1.25],"texture":"#0","tintindex":0},"west":{"uv":[12.5,4,10.75,1.25],"texture":"#0","tintindex":0},"up":{"uv":[12.5,4,10.75,3.75],"rotation":90,"texture":"#0","tintindex":0}}}],"display":{"head":{"translation":[0,1,0],"scale":[2.2857,2.2857,2.2857]}},"groups":[0,1,{"name":"group","origin":[0,0,0],"color":0,"children":[2,3]},{"name":"group","origin":[0,0,0],"color":0,"children":[4,5]},{"name":"group","origin":[0,0,0],"color":0,"children":[6,7]}]}