{"credit":"Made with Blockbench","texture_size":[32,32],"textures":{"0":"custom/cosmetics/summer/frog_hat","particle":"custom/cosmetics/summer/frog_hat"},"elements":[{"from":[9.5,4,5.5],"to":[14.5,9,5.5],"faces":{"north":{"uv":[2.5,0,5,2.5],"texture":"#0"}}},{"from":[1.5,4,5.5],"to":[6.5,9,5.5],"faces":{"north":{"uv":[5,0,2.5,2.5],"texture":"#0"}}},{"from":[1.5,4,5.5],"to":[6.5,9,7.5],"faces":{"north":{"uv":[2.5,0,0,2.5],"texture":"#0","tintindex":0},"east":{"uv":[2,0,2.5,2.5],"texture":"#0","tintindex":0},"south":{"uv":[9.5,0,12,2.5],"texture":"#0","tintindex":0},"west":{"uv":[0,0,0.5,2.5],"texture":"#0","tintindex":0},"up":{"uv":[0,0,2.5,0.5],"texture":"#0","tintindex":0},"down":{"uv":[0,2,0.5,2.5],"rotation":180,"texture":"#0","tintindex":0}}},{"from":[9.5,4,5.5],"to":[14.5,9,7.5],"faces":{"north":{"uv":[0,0,2.5,2.5],"texture":"#0","tintindex":0},"east":{"uv":[0,0,0.5,2.5],"texture":"#0","tintindex":0},"south":{"uv":[12,0,9.5,2.5],"texture":"#0","tintindex":0},"west":{"uv":[2,0,2.5,2.5],"texture":"#0","tintindex":0},"up":{"uv":[0,0,2.5,0.5],"rotation":180,"texture":"#0","tintindex":0},"down":{"uv":[0,2,0.5,2.5],"rotation":180,"texture":"#0","tintindex":0}}},{"from":[3.5,0,3.5],"to":[12.5,5,12.5],"faces":{"north":{"uv":[0,2.5,4.5,5],"texture":"#0","tintindex":0},"east":{"uv":[0,5,4.5,7.5],"texture":"#0","tintindex":0},"south":{"uv":[4.5,5,9,7.5],"texture":"#0","tintindex":0},"west":{"uv":[4.5,5,0,7.5],"texture":"#0","tintindex":0},"up":{"uv":[5,0,9.5,4.5],"rotation":180,"texture":"#0","tintindex":0}}},{"from":[1.5,0,1.5],"to":[14.5,0,14.5],"faces":{"up":{"uv":[0,8,6.5,14.5],"texture":"#0","tintindex":0},"down":{"uv":[0,8,6.5,14.5],"texture":"#0","tintindex":0}}},{"name":"cube inverted","from":[12.5,5,12.5],"to":[3.5,0,3.5],"faces":{"north":{"uv":[4.5,7.5,9,5],"texture":"#0","tintindex":0},"east":{"uv":[4.5,7.5,0,5],"texture":"#0","tintindex":0},"south":{"uv":[0,5,4.5,2.5],"texture":"#0","tintindex":0},"west":{"uv":[0,7.5,4.5,5],"texture":"#0","tintindex":0},"down":{"uv":[9.5,0,5,4.5],"rotation":180,"texture":"#0","tintindex":0}}}],"display":{"gui":{"rotation":[30,135,0],"translation":[0,4,0],"scale":[0.94,0.94,0.94]},"head":{"rotation":[9,0,0],"translation":[0,16.5,2],"scale":[1.71,1.71,1.71]},"thirdperson_righthand":{"rotation":[99.0,0,0],"translation":[-1.0,-3.25,23.417969],"scale":[1.0019531,1.0019531,1.0019531]}},"groups":[0,1,{"name":"group","origin":[0,0,0],"children":[2,3,4,5,6]}]}