{"credit":"Made with Blockbench","textures":{"0":"custom/cosmetics/summer/ice_cream_cone","particle":"custom/cosmetics/summer/ice_cream_cone"},"elements":[{"from":[7,0.2,7],"to":[9,3.2,9],"faces":{"north":{"uv":[15,2,13,5],"texture":"#0"},"east":{"uv":[13,2,15,5],"texture":"#0"},"south":{"uv":[15,2,13,5],"texture":"#0"},"west":{"uv":[13,2,15,5],"texture":"#0"},"down":{"uv":[13,3,15,5],"texture":"#0"}}},{"from":[6.1,3.2,6.1],"to":[9.9,5,9.9],"faces":{"north":{"uv":[12,0,16,2],"texture":"#0"},"east":{"uv":[12,0,16,2],"texture":"#0"},"south":{"uv":[12,0,16,2],"texture":"#0"},"west":{"uv":[12,0,16,2],"texture":"#0"},"up":{"uv":[14,2,15,3],"texture":"#0"},"down":{"uv":[14,2,15,3],"texture":"#0"}}},{"from":[5,9,5],"to":[9,13,9],"faces":{"north":{"uv":[0,4,4,8],"texture":"#0"},"east":{"uv":[0,4,4,8],"texture":"#0"},"south":{"uv":[0,4,4,8],"texture":"#0"},"west":{"uv":[0,4,4,8],"texture":"#0"},"up":{"uv":[8,0,12,4],"texture":"#0"},"down":{"uv":[4,8,8,12],"texture":"#0"}}},{"from":[6,-3,6],"to":[10,5,10],"faces":{"north":{"uv":[8,4,12,12],"texture":"#0","tintindex":0},"east":{"uv":[8,4,12,12],"texture":"#0","tintindex":0},"south":{"uv":[0,8,4,16],"texture":"#0","tintindex":0},"west":{"uv":[8,4,12,12],"texture":"#0","tintindex":0}}},{"from":[6,5,6],"to":[10,9,10],"faces":{"north":{"uv":[0,0,4,4],"texture":"#0","tintindex":0},"east":{"uv":[0,0,4,4],"texture":"#0","tintindex":0},"south":{"uv":[0,0,4,4],"texture":"#0","tintindex":0},"west":{"uv":[0,0,4,4],"texture":"#0","tintindex":0},"up":{"uv":[4,0,8,4],"texture":"#0","tintindex":0},"down":{"uv":[4,4,8,8],"texture":"#0","tintindex":0}}},{"from":[6,13,6],"to":[10,17,10],"faces":{"north":{"uv":[0,0,4,4],"texture":"#0","tintindex":0},"east":{"uv":[0,0,4,4],"texture":"#0","tintindex":0},"south":{"uv":[0,0,4,4],"texture":"#0","tintindex":0},"west":{"uv":[0,0,4,4],"texture":"#0","tintindex":0},"up":{"uv":[4,0,8,4],"texture":"#0","tintindex":0},"down":{"uv":[4,4,8,8],"texture":"#0","tintindex":0}}},{"from":[7,17,7],"to":[9,19,9],"faces":{"north":{"uv":[14,5,16,7],"texture":"#0"},"east":{"uv":[16,5,14,7],"texture":"#0"},"south":{"uv":[14,5,16,7],"texture":"#0"},"west":{"uv":[16,5,14,7],"texture":"#0"},"up":{"uv":[12,5,14,7],"texture":"#0"},"down":{"uv":[14,6,15,7],"texture":"#0"}}},{"from":[7,18.8,8],"to":[8,20.8,8],"rotation":{"angle":22.5,"axis":"z","origin":[7.5,19,8]},"faces":{"north":{"uv":[15,7,16,9],"texture":"#0"},"south":{"uv":[15,7,16,9],"texture":"#0"}}}],"display":{"thirdperson_righthand":{"rotation":[70.0,180.0,-6.0],"translation":[-2.40625,2.21875,6.484375],"scale":[0.9375,0.9375,0.9375]},"thirdperson_lefthand":{"rotation":[70,-180,6],"translation":[0.5,2.5,6.25]},"firstperson_righthand":{"rotation":[6,0,0],"translation":[12.75,1.75,-5.25]},"firstperson_lefthand":{"rotation":[6,64,0],"translation":[12.75,1.75,-5.25],"scale":[0,0,0]},"gui":{"rotation":[0,47,-56],"translation":[-0.75,-0.5,0],"scale":[1.14,1.14,1.14]}},"groups":[0,1,2,{"name":"group","origin":[0,0,0],"children":[3,4,5]},6,7]}