{"credit":"Made with Blockbench","texture_size":[32,32],"textures":{"0":"custom/cosmetics/summer/jellyfish_balloon","particle":"custom/cosmetics/summer/jellyfish_balloon"},"elements":[{"from":[1,20,1],"to":[15,32,15],"rotation":{"angle":0,"axis":"y","origin":[0,20,0]},"faces":{"north":{"uv":[0,7,7,13],"texture":"#0","tintindex":0},"east":{"uv":[0,7,7,13],"texture":"#0","tintindex":0},"south":{"uv":[0,7,7,13],"texture":"#0","tintindex":0},"west":{"uv":[0,7,7,13],"texture":"#0","tintindex":0},"up":{"uv":[0,0,7,7],"texture":"#0","tintindex":0},"down":{"uv":[7,0,14,7],"texture":"#0","tintindex":0}}},{"from":[1,15,1],"to":[15,20,1],"rotation":{"angle":45,"axis":"x","origin":[8,20,1]},"faces":{"north":{"uv":[7,7,14,9.5],"texture":"#0","tintindex":0},"south":{"uv":[7,7,14,9.5],"texture":"#0","tintindex":0}}},{"from":[1,15,15],"to":[15,20,15],"rotation":{"angle":-45,"axis":"x","origin":[8,20,15]},"faces":{"north":{"uv":[14,7,7,9.5],"texture":"#0","tintindex":0},"south":{"uv":[14,7,7,9.5],"texture":"#0","tintindex":0}}},{"from":[-4,20,1],"to":[1,20,15],"rotation":{"angle":45,"axis":"z","origin":[1,20,8]},"faces":{"up":{"uv":[14,7,7,9.5],"rotation":90,"texture":"#0","tintindex":0},"down":{"uv":[14,7,7,9.5],"rotation":90,"texture":"#0","tintindex":0}}},{"from":[15,20,1],"to":[20,20,15],"rotation":{"angle":-45,"axis":"z","origin":[15,20,8]},"faces":{"up":{"uv":[7,9.5,14,7],"rotation":90,"texture":"#0","tintindex":0},"down":{"uv":[7,9.5,14,7],"rotation":90,"texture":"#0","tintindex":0}}},{"from":[2.5,-1,4],"to":[5.5,20,4],"rotation":{"angle":45,"axis":"y","origin":[4,9.5,4]},"faces":{"north":{"uv":[14,0,15.5,10.5],"texture":"#0","tintindex":0},"south":{"uv":[14,0,15.5,10.5],"texture":"#0","tintindex":0}}},{"from":[2.5,-1,4],"to":[5.5,20,4],"rotation":{"angle":-45,"axis":"y","origin":[4,9.5,4]},"faces":{"north":{"uv":[14,0,15.5,10.5],"texture":"#0","tintindex":0},"south":{"uv":[14,0,15.5,10.5],"texture":"#0","tintindex":0}}},{"from":[10.5,-1,4],"to":[13.5,20,4],"rotation":{"angle":-45,"axis":"y","origin":[12,9.5,4]},"faces":{"north":{"uv":[15.5,0,14,10.5],"texture":"#0","tintindex":0},"south":{"uv":[15.5,0,14,10.5],"texture":"#0","tintindex":0}}},{"from":[10.5,-1,4],"to":[13.5,20,4],"rotation":{"angle":45,"axis":"y","origin":[12,9.5,4]},"faces":{"north":{"uv":[15.5,0,14,10.5],"texture":"#0","tintindex":0},"south":{"uv":[15.5,0,14,10.5],"texture":"#0","tintindex":0}}},{"from":[10.5,-1,12],"to":[13.5,20,12],"rotation":{"angle":45,"axis":"y","origin":[12,9.5,12]},"faces":{"north":{"uv":[14,0,15.5,10.5],"texture":"#0","tintindex":0},"south":{"uv":[14,0,15.5,10.5],"texture":"#0","tintindex":0}}},{"from":[10.5,-1,12],"to":[13.5,20,12],"rotation":{"angle":-45,"axis":"y","origin":[12,9.5,12]},"faces":{"north":{"uv":[14,0,15.5,10.5],"texture":"#0","tintindex":0},"south":{"uv":[14,0,15.5,10.5],"texture":"#0","tintindex":0}}},{"from":[2.5,-1,12],"to":[5.5,20,12],"rotation":{"angle":-45,"axis":"y","origin":[4,9.5,12]},"faces":{"north":{"uv":[15.5,0,14,10.5],"texture":"#0","tintindex":0},"south":{"uv":[15.5,0,14,10.5],"texture":"#0","tintindex":0}}},{"from":[2.5,-1,12],"to":[5.5,20,12],"rotation":{"angle":45,"axis":"y","origin":[4,9.5,12]},"faces":{"north":{"uv":[15.5,0,14,10.5],"texture":"#0","tintindex":0},"south":{"uv":[15.5,0,14,10.5],"texture":"#0","tintindex":0}}}],"display":{"gui":{"rotation":[30,45,0],"translation":[0,-3.25,0],"scale":[0.42,0.42,0.42]},"head":{"translation":[0,12,0],"scale":[2.2857,2.2857,2.2857]}}}