{"credit":"Made with Blockbench","texture_size":[32,32],"textures":{"0":"custom/cosmetics/summer/jellyfish_balloon","particle":"custom/cosmetics/summer/jellyfish_balloon"},"elements":[{"from":[1,0,1],"to":[15,12,15],"faces":{"north":{"uv":[0,7,7,13],"texture":"#0","tintindex":0},"east":{"uv":[0,7,7,13],"texture":"#0","tintindex":0},"south":{"uv":[0,7,7,13],"texture":"#0","tintindex":0},"west":{"uv":[0,7,7,13],"texture":"#0","tintindex":0},"up":{"uv":[0,0,7,7],"texture":"#0","tintindex":0},"down":{"uv":[7,0,14,7],"texture":"#0","tintindex":0}}},{"from":[1,-5,1],"to":[15,0,1],"rotation":{"angle":45,"axis":"x","origin":[8,0,1]},"faces":{"north":{"uv":[7,7,14,9.5],"texture":"#0","tintindex":0},"south":{"uv":[7,7,14,9.5],"texture":"#0","tintindex":0}}},{"from":[1,-5,15],"to":[15,0,15],"rotation":{"angle":-45,"axis":"x","origin":[8,0,15]},"faces":{"north":{"uv":[14,7,7,9.5],"texture":"#0","tintindex":0},"south":{"uv":[14,7,7,9.5],"texture":"#0","tintindex":0}}},{"from":[-4,0,1],"to":[1,0,15],"rotation":{"angle":45,"axis":"z","origin":[1,0,8]},"faces":{"up":{"uv":[14,7,7,9.5],"rotation":90,"texture":"#0","tintindex":0},"down":{"uv":[14,7,7,9.5],"rotation":90,"texture":"#0","tintindex":0}}},{"from":[15,0,1],"to":[20,0,15],"rotation":{"angle":-45,"axis":"z","origin":[15,0,8]},"faces":{"up":{"uv":[7,9.5,14,7],"rotation":90,"texture":"#0","tintindex":0},"down":{"uv":[7,9.5,14,7],"rotation":90,"texture":"#0","tintindex":0}}},{"name":"cube inverted","from":[15,12,15],"to":[1,0,1],"faces":{"north":{"uv":[0,13,7,7],"texture":"#0","tintindex":0},"east":{"uv":[0,13,7,7],"texture":"#0","tintindex":0},"south":{"uv":[0,13,7,7],"texture":"#0","tintindex":0},"west":{"uv":[0,13,7,7],"texture":"#0","tintindex":0},"up":{"uv":[14,0,7,7],"texture":"#0","tintindex":0},"down":{"uv":[7,0,0,7],"texture":"#0","tintindex":0}}}],"display":{"head":{"translation":[0,12,0],"scale":[2.2857,2.2857,2.2857]}}}