{"credit":"Made with Blockbench","texture_size":[64,64],"textures":{"0":"custom/furniture/summer/life_guard_chair","1":"custom/cosmetics/summer/life_ring","particle":"custom/furniture/summer/life_guard_chair"},"elements":[{"from":[2,2,0],"to":[14,14,3],"rotation":{"angle":0,"axis":"x","origin":[17.5,8,8]},"faces":{"north":{"uv":[1,6.5,4,9.5],"texture":"#0"},"east":{"uv":[4,6.5,4.75,9.5],"texture":"#0"},"south":{"uv":[1,6.5,4,9.5],"texture":"#0"},"west":{"uv":[4,6.5,4.75,9.5],"texture":"#0"},"up":{"uv":[1,9.5,4,10.25],"rotation":180,"texture":"#0"},"down":{"uv":[1,9.25,4,9.5],"texture":"#0"}}},{"from":[11,11,3],"to":[5,5,0],"rotation":{"angle":0,"axis":"x","origin":[17.5,8,8]},"faces":{"east":{"uv":[4.75,6.5,5.5,8],"rotation":180,"texture":"#0"},"west":{"uv":[4.75,6.5,5.5,8],"rotation":180,"texture":"#0"},"up":{"uv":[4.75,8,5.5,9.5],"rotation":90,"texture":"#0"},"down":{"uv":[4.75,8,5.5,9.5],"rotation":270,"texture":"#0"}}},{"from":[2,2,0],"to":[14,14,3],"rotation":{"angle":0,"axis":"x","origin":[17.5,8,8]},"faces":{"north":{"uv":[1,10.25,4,13.25],"texture":"#0","tintindex":0},"east":{"uv":[4,10.25,4.75,13.25],"texture":"#0","tintindex":0},"south":{"uv":[1,10.25,4,13.25],"texture":"#0","tintindex":0},"west":{"uv":[4,10.25,4.75,13.25],"texture":"#0","tintindex":0},"up":{"uv":[1,13.25,4,14],"rotation":180,"texture":"#0","tintindex":0},"down":{"uv":[1,13,4,13.25],"texture":"#0","tintindex":0}}},{"from":[11,11,3],"to":[5,5,0],"rotation":{"angle":0,"axis":"x","origin":[17.5,8,8]},"faces":{"east":{"uv":[4.75,10.25,5.5,11.75],"rotation":180,"texture":"#0","tintindex":0},"west":{"uv":[4.75,10.25,5.5,11.75],"rotation":180,"texture":"#0","tintindex":0},"up":{"uv":[4.75,11.75,5.5,13.25],"rotation":90,"texture":"#0","tintindex":0},"down":{"uv":[4.75,11.75,5.5,13.25],"rotation":270,"texture":"#0","tintindex":0}}},{"from":[7.76514,-1.68693,1.1],"to":[9.76514,0.31307,2.1],"rotation":{"angle":-22.5,"axis":"z","origin":[7,-1.36955,1.6125]},"faces":{"north":{"uv":[4.25,1,4.75,1.5],"rotation":90,"texture":"#1","tintindex":0},"east":{"uv":[4.25,1.25,4.75,1.5],"rotation":90,"texture":"#1","tintindex":0},"south":{"uv":[4.75,1,4.25,1.5],"rotation":270,"texture":"#1","tintindex":0},"west":{"uv":[4.25,1,4.75,1.25],"rotation":90,"texture":"#1","tintindex":0},"up":{"uv":[4.25,1,4.5,1.5],"rotation":270,"texture":"#1","tintindex":0},"down":{"uv":[4.5,1,4.75,1.5],"rotation":270,"texture":"#1","tintindex":0}}},{"from":[5.31738,-4.13469,1.1],"to":[7.31738,-2.13469,2.1],"rotation":{"angle":22.5,"axis":"z","origin":[7,-1.36955,1.6125]},"faces":{"north":{"uv":[4.75,1,4.25,1.5],"texture":"#1","tintindex":0},"east":{"uv":[4.5,1,4.75,1.5],"texture":"#1","tintindex":0},"south":{"uv":[4.25,1,4.75,1.5],"texture":"#1","tintindex":0},"west":{"uv":[4.25,1,4.5,1.5],"texture":"#1","tintindex":0},"up":{"uv":[4.25,1,4.75,1.25],"texture":"#1","tintindex":0},"down":{"uv":[4.25,1.25,4.75,1.5],"texture":"#1","tintindex":0}}},{"from":[4,-2,1.15],"to":[10,0,2.15],"rotation":{"angle":45,"axis":"z","origin":[7,-1.36955,1.6125]},"faces":{"north":{"uv":[4,0.5,5.5,1],"texture":"#1","tintindex":0},"east":{"uv":[4,0.5,4.25,1],"texture":"#1","tintindex":0},"south":{"uv":[4,0.5,5.5,1],"texture":"#1","tintindex":0},"west":{"uv":[4,0.5,4.25,1],"texture":"#1","tintindex":0},"up":{"uv":[4,0.5,5.5,0.75],"texture":"#1","tintindex":0},"down":{"uv":[4,0.75,5.5,1],"texture":"#1","tintindex":0}}},{"from":[6,0,1.1],"to":[8,2,2.1],"rotation":{"angle":45,"axis":"z","origin":[7,-1.36955,1.6125]},"faces":{"north":{"uv":[4.5,0,5,0.5],"texture":"#1","tintindex":0},"east":{"uv":[4.5,0,5,0.5],"texture":"#1","tintindex":0},"south":{"uv":[4.5,0,5,0.5],"texture":"#1","tintindex":0},"west":{"uv":[4.5,0,5,0.5],"texture":"#1","tintindex":0},"up":{"uv":[4.5,0,5,0.5],"texture":"#1","tintindex":0}}},{"from":[0,-9,1],"to":[16,16,1],"rotation":{"angle":0,"axis":"x","origin":[17.5,8,8]},"faces":{"north":{"uv":[0,0,4,6.5],"texture":"#1"},"south":{"uv":[0,0,4,6.5],"texture":"#1"}}},{"from":[4,8,3.1],"to":[9,11,4.1],"rotation":{"angle":-22.5,"axis":"z","origin":[11.5,-3.5,1.6]},"faces":{"north":{"uv":[5.5,0,6.75,0.75],"texture":"#1"},"east":{"uv":[5.5,0,5.75,0.75],"texture":"#1"},"south":{"uv":[5.5,0,6.75,0.75],"texture":"#1"},"west":{"uv":[5.5,0,5.75,0.75],"texture":"#1"},"up":{"uv":[5.5,0,6.75,0.25],"texture":"#1"},"down":{"uv":[5.5,0.5,6.75,0.75],"texture":"#1"}}},{"from":[5,7,3.6],"to":[8,8,3.6],"rotation":{"angle":-22.5,"axis":"z","origin":[11.5,-3.5,1.6]},"faces":{"north":{"uv":[5.75,0.75,6.5,1],"texture":"#1"},"south":{"uv":[5.75,0.75,6.5,1],"texture":"#1"}}}],"gui_light":"front","display":{"gui":{"translation":[0,2.25,0],"scale":[0.68,0.68,0.68]},"head":{"rotation":[-13,0,0],"translation":[0,-46.5,17.75],"scale":[1.61,1.61,1.61]},"fixed":{"rotation":[0,-180,0],"translation":[0,0,-16],"scale":[2,2,2]},"thirdperson_righthand":{"rotation":[77.0,0,0],"translation":[-1.0,-13.09375,18.537498],"scale":[1.00625,1.00625,1.00625]}},"groups":[{"name":"group","origin":[0,0,0],"children":[0,1,{"name":"group","origin":[0,0,0],"children":[2,3,{"name":"group","origin":[5,-1.36955,1.6125],"children":[4,5,6,7]}]},8]},{"name":"group","origin":[11.5,-3.5,1.6],"children":[9,10]}]}