{"credit":"Made with Blockbench","texture_size":[32,32],"textures":{"0":"custom/cosmetics/summer/shark_hat","particle":"custom/cosmetics/summer/shark_hat"},"elements":[{"from":[3,4,-1],"to":[13,10,14],"faces":{"north":{"uv":[10,3,15,6],"texture":"#0"},"east":{"uv":[15.5,0,8,3],"texture":"#0"},"west":{"uv":[8,0,15.5,3],"texture":"#0"}}},{"from":[3,6,-1],"to":[13,6,14],"faces":{"down":{"uv":[0,11,7.5,16],"rotation":90,"texture":"#0"}}},{"from":[3.1,0,2],"to":[13.1,5,15],"rotation":{"angle":-22.5,"axis":"x","origin":[8,2.5,12]},"faces":{"north":{"uv":[0,8.5,5,11],"texture":"#0"},"east":{"uv":[6.5,6,0,8.5],"texture":"#0"},"south":{"uv":[12.5,6,15,11],"rotation":270,"texture":"#0"},"west":{"uv":[0,6,6.5,8.5],"texture":"#0"},"down":{"uv":[5,9,11.5,9.5],"rotation":270,"texture":"#0"}}},{"from":[3.1,3.1,2],"to":[13.1,3.1,15],"rotation":{"angle":-22.5,"axis":"x","origin":[8,2.5,12]},"faces":{"up":{"uv":[1,11,7.5,16],"rotation":270,"texture":"#0"}}},{"name":"cube inverted","from":[13.1,-4.56,15.1],"to":[3.1,-9.56,2.1],"rotation":{"angle":-22.5,"axis":"x","origin":[-8,-2.5,-12]},"faces":{"north":{"uv":[0,16,2.5,11],"rotation":90,"texture":"#0"},"east":{"uv":[0,8.5,6.5,6],"texture":"#0"},"south":{"uv":[0,11,5,8.5],"texture":"#0"},"west":{"uv":[6.5,8.5,0,6],"texture":"#0"}}},{"name":"cube inverted","from":[13,10,14],"to":[3,4,-1],"faces":{"east":{"uv":[8,3,15.5,0],"texture":"#0"},"south":{"uv":[10,6,15,3],"texture":"#0"},"west":{"uv":[15.5,3,8,0],"texture":"#0"}}},{"from":[7.5,7.66916,5.35506],"to":[8.5,13.66916,17.35506],"rotation":{"angle":-45,"axis":"x","origin":[8,11.66916,9.35506]},"faces":{"north":{"uv":[12,6,12.5,6.5],"rotation":180,"texture":"#0","tintindex":0},"east":{"uv":[6.5,9,12.5,6],"texture":"#0","tintindex":0},"south":{"uv":[6.5,6,7,9],"texture":"#0","tintindex":0},"west":{"uv":[6.5,6,12.5,9],"rotation":180,"texture":"#0","tintindex":0},"up":{"uv":[6.5,8.5,12.5,9],"rotation":270,"texture":"#0","tintindex":0},"down":{"uv":[6.5,6,12.5,6.5],"rotation":90,"texture":"#0","tintindex":0}}},{"from":[3,4,-1],"to":[13,10,14],"faces":{"north":{"uv":[0,3,5,6],"texture":"#0","tintindex":0},"east":{"uv":[7.5,0,0,3],"texture":"#0","tintindex":0},"south":{"uv":[5,3,10,6],"texture":"#0","tintindex":0},"west":{"uv":[0,0,7.5,3],"texture":"#0","tintindex":0},"up":{"uv":[7.5,11,15,16],"rotation":270,"texture":"#0","tintindex":0}}},{"name":"cube inverted","from":[13,10,14],"to":[3,4,-1],"faces":{"east":{"uv":[0,3,7.5,0],"texture":"#0","tintindex":0},"south":{"uv":[0,6,5,3],"texture":"#0","tintindex":0},"west":{"uv":[7.5,3,0,0],"texture":"#0","tintindex":0},"down":{"uv":[7.5,16,15,11],"rotation":270,"texture":"#0","tintindex":0}}}],"display":{"gui":{"rotation":[30,135,0],"translation":[0,0.5,0],"scale":[0.64,0.64,0.64]},"head":{"rotation":[8,0,0],"translation":[0,5.5,0.5],"scale":[1.61,1.61,1.61]},"thirdperson_righthand":{"rotation":[98.0,0,0],"translation":[-1.0,-2.3125,16.972656],"scale":[0.9433594,0.9433594,0.9433594]}},"groups":[0,1,2,3,{"name":"group","origin":[0,0,0],"children":[]},4,5,{"name":"group","origin":[0,0,0],"children":[6,7,8]}]}