{"credit":"Made with Blockbench","texture_size":[64,64],"textures":{"1":"custom/cosmetics/summer/surfboard"},"elements":[{"from":[2,-16,7],"to":[14,24,9],"faces":{"north":{"uv":[3,0,6,10],"texture":"#1","tintindex":0},"south":{"uv":[3,0,6,10],"texture":"#1","tintindex":0}}},{"from":[2,-16,7],"to":[14,24,9],"faces":{"north":{"uv":[0,0,3,10],"texture":"#1"},"east":{"uv":[0,0,0.25,10],"texture":"#1"},"south":{"uv":[0,0,3,10],"texture":"#1"},"west":{"uv":[2.75,0,3,10],"texture":"#1"},"up":{"uv":[0,0,3,0.25],"texture":"#1"},"down":{"uv":[0,9.75,3,10],"texture":"#1"}}},{"from":[7.5,13,6.75],"to":[8.5,19,16.75],"rotation":{"angle":-45,"axis":"x","origin":[8,14,13.5]},"faces":{"north":{"uv":[7.5,2.25,6,2.5],"rotation":90,"texture":"#1"},"east":{"uv":[7.5,2.5,6,0],"rotation":90,"texture":"#1"},"south":{"uv":[6,0,7.5,0.25],"rotation":90,"texture":"#1"},"west":{"uv":[7.5,0,6,2.5],"rotation":90,"texture":"#1"},"up":{"uv":[7.25,2.5,7.5,0],"texture":"#1"},"down":{"uv":[6,0,6.25,2.5],"texture":"#1"}}}],"display":{"thirdperson_righthand":{"rotation":[98.0,0,-59],"translation":[3.375,-6.0625,20.099998],"scale":[1.0,1.0,1.0]},"thirdperson_lefthand":{"rotation":[164,94,0],"translation":[-1.25,-7.25,3]},"firstperson_righthand":{"rotation":[-77,97,0],"translation":[8.5,-3,0.75]},"firstperson_lefthand":{"rotation":[-77,97,0],"translation":[8.5,-3,0.75]},"ground":{"translation":[0,11.5,0],"scale":[0.32,0.32,0.32]},"gui":{"rotation":[-38,-42,-76],"translation":[1.25,1,0],"scale":[0.47,0.47,0.47]},"head":{"rotation":[8,0,-59],"translation":[7,-44,6.5],"scale":[1.6,1.6,1.6]},"fixed":{"rotation":[-80,-180,0],"translation":[0,8.75,-13],"scale":[2.01,2.01,2.01]}}}