{"credit":"Made with Blockbench","texture_size":[64,64],"textures":{"0":"custom/cosmetics/christmas/candy_cane_staff","particle":"custom/cosmetics/christmas/candy_cane_staff"},"elements":[{"from":[7,0,6],"to":[10,22,9],"faces":{"north":{"uv":[0.75,0.75,1.5,6.25],"texture":"#0","tintindex":0},"east":{"uv":[0,0.75,0.75,6.25],"texture":"#0","tintindex":0},"south":{"uv":[1.5,0.75,0.75,6.25],"texture":"#0","tintindex":0},"west":{"uv":[4,0.75,4.75,6.25],"texture":"#0","tintindex":0},"up":{"uv":[0.75,0,1.5,0.75],"rotation":180,"texture":"#0","tintindex":0},"down":{"uv":[0.75,5.75,1.25,6.25],"texture":"#0","tintindex":0}}},{"from":[3,19,6],"to":[7,22,9],"faces":{"north":{"uv":[1.5,0.75,2.5,1.5],"texture":"#0","tintindex":0},"south":{"uv":[1.5,0.75,2.5,1.5],"texture":"#0","tintindex":0},"up":{"uv":[1.5,0,2.5,0.75],"texture":"#0","tintindex":0},"down":{"uv":[4.75,0,5.75,0.75],"texture":"#0","tintindex":0}}},{"from":[0,14,6],"to":[3,22,9],"faces":{"north":{"uv":[2.5,0.75,3.25,2.75],"texture":"#0","tintindex":0},"east":{"uv":[5.75,0.75,6.5,2.75],"texture":"#0","tintindex":0},"south":{"uv":[3.25,0.75,2.5,2.75],"texture":"#0","tintindex":0},"west":{"uv":[3.25,0.75,4,2.75],"texture":"#0","tintindex":0},"up":{"uv":[2.5,0,3.25,0.75],"rotation":180,"texture":"#0","tintindex":0},"down":{"uv":[0.75,5.75,1.25,6.25],"texture":"#0","tintindex":0}}},{"from":[0,14,6],"to":[3,22,9],"faces":{"north":{"uv":[9,0.75,9.75,2.75],"texture":"#0"},"east":{"uv":[12.25,0.75,13,2.75],"texture":"#0"},"south":{"uv":[9.75,0.75,9,2.75],"texture":"#0"},"west":{"uv":[9.75,0.75,10.5,2.75],"texture":"#0"},"up":{"uv":[9,0,9.75,0.75],"rotation":180,"texture":"#0"},"down":{"uv":[7.25,5.75,7.75,6.25],"texture":"#0"}}},{"from":[3,19,6],"to":[7,22,9],"faces":{"north":{"uv":[8,0.75,9,1.5],"texture":"#0"},"south":{"uv":[8,0.75,9,1.5],"texture":"#0"},"up":{"uv":[8,0,9,0.75],"texture":"#0"},"down":{"uv":[11.25,0,12.25,0.75],"texture":"#0"}}},{"from":[7,0,6],"to":[10,22,9],"faces":{"north":{"uv":[7.25,0.75,8,6.25],"texture":"#0"},"east":{"uv":[6.5,0.75,7.25,6.25],"texture":"#0"},"south":{"uv":[8,0.75,7.25,6.25],"texture":"#0"},"west":{"uv":[10.5,0.75,11.25,6.25],"texture":"#0"},"up":{"uv":[7.25,0,8,0.75],"rotation":180,"texture":"#0"},"down":{"uv":[7.25,5.75,7.75,6.25],"texture":"#0"}}},{"from":[8,14,5.75],"to":[15,17,5.75],"rotation":{"angle":-45,"axis":"z","origin":[8.5,15.5,5.9]},"faces":{"north":{"uv":[0,6.25,1.75,7],"texture":"#0"},"south":{"uv":[1.75,6.25,0,7],"texture":"#0"}}},{"from":[2,14,5.8],"to":[9,17,5.8],"rotation":{"angle":22.5,"axis":"z","origin":[8.5,15.5,5.9]},"faces":{"north":{"uv":[1.75,7,0,6.25],"texture":"#0"},"south":{"uv":[0,7,1.75,6.25],"texture":"#0"}}},{"from":[6.85,14.85,5.85],"to":[10.15,16.15,9.15],"faces":{"north":{"uv":[0,7.25,0.75,7.5],"texture":"#0"},"east":{"uv":[0.75,7.25,0,7.5],"texture":"#0"},"south":{"uv":[0,7.25,0.75,7.5],"texture":"#0"},"west":{"uv":[0.75,7.25,0,7.5],"texture":"#0"}}},{"name":"cube inverted","from":[10.15,16.15,9.15],"to":[6.85,14.85,5.85],"faces":{"north":{"uv":[0,7.5,0.75,7.25],"texture":"#0"},"east":{"uv":[0.75,7.5,0,7.25],"texture":"#0"},"south":{"uv":[0,7.5,0.75,7.25],"texture":"#0"},"west":{"uv":[0.75,7.5,0,7.25],"texture":"#0"}}}],"display":{"thirdperson_righthand":{"rotation":[52.0,-40.0,-0.0],"translation":[-2.40625,-2.703125,-1.953125],"scale":[0.9375,0.9375,0.9375]},"thirdperson_lefthand":{"rotation":[52,40,0],"translation":[0.5,-2.75,-2.75]},"firstperson_righthand":{"rotation":[-15,89,0],"translation":[35,-10.5,-14],"scale":[1.56,1.56,1.56]},"firstperson_lefthand":{"rotation":[-15,103,0],"translation":[35,-22,-14],"scale":[0,0,0]},"ground":{"rotation":[41,0,0],"translation":[0,5.25,0],"scale":[0.48,0.48,0.48]},"gui":{"rotation":[30,155,31],"translation":[-2.75,-1.25,0],"scale":[0.75,0.75,0.75]},"head":{"rotation":[0,0,36]},"fixed":{"rotation":[-90,0,11],"translation":[3,0,-14.5],"scale":[2,2,2]}}}