{"credit":"Made with Blockbench","texture_size":[64,64],"textures":{"0":"custom/cosmetics/christmas/santa_sack","particle":"custom/cosmetics/christmas/santa_sack"},"elements":[{"from":[2,0,2],"to":[14,13,14],"faces":{"north":{"uv":[3.5,0,6.5,3.25],"texture":"#0","tintindex":0},"east":{"uv":[3.5,0,6.5,3.25],"texture":"#0","tintindex":0},"south":{"uv":[3.5,0,6.5,3.25],"texture":"#0","tintindex":0},"west":{"uv":[3.5,0,6.5,3.25],"texture":"#0","tintindex":0},"down":{"uv":[6.5,0,9.5,3],"texture":"#0","tintindex":0}}},{"from":[1.8,8.8,1.8],"to":[14.2,12.2,14.2],"faces":{"north":{"uv":[0,4.25,3,5],"texture":"#0"},"east":{"uv":[0,4.25,3,5],"texture":"#0"},"south":{"uv":[0,4.25,3,5],"texture":"#0"},"west":{"uv":[0,4.25,3,5],"texture":"#0"}}},{"from":[1,12,1],"to":[15,15,15],"faces":{"north":{"uv":[0,3.5,3.5,4.25],"texture":"#0"},"east":{"uv":[0,3.5,3.5,4.25],"texture":"#0"},"south":{"uv":[0,3.5,3.5,4.25],"texture":"#0"},"west":{"uv":[0,3.5,3.5,4.25],"texture":"#0"},"up":{"uv":[0,0,3.5,3.5],"texture":"#0"},"down":{"uv":[0,4,0.25,4.25],"texture":"#0"}}},{"name":"cube inverted","from":[14.2,12.2,14.2],"to":[1.8,8.8,1.8],"faces":{"north":{"uv":[0,5,3,4.25],"texture":"#0"},"east":{"uv":[0,5,3,4.25],"texture":"#0"},"south":{"uv":[0,5,3,4.25],"texture":"#0"},"west":{"uv":[0,5,3,4.25],"texture":"#0"}}},{"from":[-2,9,13],"to":[2,12,17],"rotation":{"angle":-45,"axis":"y","origin":[2,10.5,13]},"faces":{"north":{"uv":[3,5.25,4,6],"texture":"#0"},"east":{"uv":[4,5.25,3,6],"texture":"#0"},"south":{"uv":[4,4.25,3,5],"texture":"#0"},"west":{"uv":[3,4.25,4,5],"texture":"#0"}}},{"from":[-1,9,14],"to":[3,12,18],"rotation":{"angle":22.5,"axis":"y","origin":[3,10.5,14]},"faces":{"north":{"uv":[3,5.25,4,6],"texture":"#0"},"east":{"uv":[4,5.25,3,6],"texture":"#0"},"south":{"uv":[4,4.25,3,5],"texture":"#0"},"west":{"uv":[3,4.25,4,5],"texture":"#0"}}},{"name":"cube inverted","from":[3,12,18],"to":[-1,9,14],"rotation":{"angle":22.5,"axis":"y","origin":[3,10.5,14]},"faces":{"north":{"uv":[4,5,3,4.25],"texture":"#0"},"east":{"uv":[3,5,4,4.25],"texture":"#0"},"south":{"uv":[3,6,4,5.25],"texture":"#0"},"west":{"uv":[4,6,3,5.25],"texture":"#0"}}},{"name":"cube inverted","from":[2,12,17],"to":[-2,9,13],"rotation":{"angle":-45,"axis":"y","origin":[2,10.5,13]},"faces":{"north":{"uv":[4,5,3,4.25],"texture":"#0"},"east":{"uv":[3,5,4,4.25],"texture":"#0"},"south":{"uv":[3,6,4,5.25],"texture":"#0"},"west":{"uv":[4,6,3,5.25],"texture":"#0"}}},{"from":[1,14,3],"to":[7,20,9],"rotation":{"angle":22.5,"axis":"z","origin":[5,17,5]},"faces":{"north":{"uv":[4,5.5,5.5,7],"texture":"#0"},"east":{"uv":[4,5.5,5.5,7],"texture":"#0"},"south":{"uv":[4,5.5,5.5,7],"texture":"#0"},"west":{"uv":[4,5.5,5.5,7],"texture":"#0"},"up":{"uv":[4,4,5.5,5.5],"texture":"#0"},"down":{"uv":[4,4,5.5,5.5],"texture":"#0"}}},{"from":[7,12,2],"to":[13,18,8],"faces":{"north":{"uv":[5.5,5.5,7,7],"texture":"#0"},"east":{"uv":[5.5,5.5,7,7],"texture":"#0"},"south":{"uv":[5.5,5.5,7,7],"texture":"#0"},"west":{"uv":[5.5,5.5,7,7],"texture":"#0"},"up":{"uv":[5.5,4,7,5.5],"texture":"#0"},"down":{"uv":[5.5,4,7,5.5],"texture":"#0"}}},{"from":[2,12,8],"to":[8,18,14],"faces":{"north":{"uv":[8.5,5.5,10,7],"texture":"#0"},"east":{"uv":[8.5,5.5,10,7],"texture":"#0"},"south":{"uv":[8.5,5.5,10,7],"texture":"#0"},"west":{"uv":[8.5,5.5,10,7],"texture":"#0"},"up":{"uv":[8.5,4,10,5.5],"texture":"#0"},"down":{"uv":[8.5,4,10,5.5],"texture":"#0"}}},{"from":[8,14,8],"to":[14,20,14],"rotation":{"angle":22.5,"axis":"x","origin":[10,17,11]},"faces":{"north":{"uv":[7,5.5,8.5,7],"texture":"#0"},"east":{"uv":[7,5.5,8.5,7],"texture":"#0"},"south":{"uv":[7,5.5,8.5,7],"texture":"#0"},"west":{"uv":[7,5.5,8.5,7],"texture":"#0"},"up":{"uv":[7,4,8.5,5.5],"texture":"#0"},"down":{"uv":[7,4,8.5,5.5],"texture":"#0"}}},{"from":[16,19,5],"to":[18,21,7],"rotation":{"angle":-22.5,"axis":"z","origin":[12.33333,15,6]},"faces":{"north":{"uv":[1.5,5.5,1,6],"texture":"#0"},"east":{"uv":[1.25,5.5,1.5,6],"texture":"#0"},"south":{"uv":[1,5.5,1.5,6],"texture":"#0"},"west":{"uv":[1,5.5,1.25,6],"texture":"#0"},"down":{"uv":[1.25,5.25,1.5,5.5],"texture":"#0"}}},{"from":[14,21,5],"to":[18,23,7],"rotation":{"angle":-22.5,"axis":"z","origin":[12.33333,15,6]},"faces":{"north":{"uv":[1.5,5,0.5,5.5],"texture":"#0"},"east":{"uv":[1.25,5,1.5,5.5],"texture":"#0"},"south":{"uv":[0.5,5,1.5,5.5],"texture":"#0"},"up":{"uv":[0.5,5,1.5,5.25],"texture":"#0"},"down":{"uv":[0.5,5.25,1.5,5.5],"texture":"#0"}}},{"from":[12,13,5],"to":[14,23,7],"rotation":{"angle":-22.5,"axis":"z","origin":[12.33333,15,6]},"faces":{"north":{"uv":[0.5,5,0,7.5],"texture":"#0"},"east":{"uv":[0.25,5,0.5,7.5],"texture":"#0"},"south":{"uv":[0,5,0.5,7.5],"texture":"#0"},"west":{"uv":[0,5,0.25,7.5],"texture":"#0"},"up":{"uv":[0,5,0.5,5.25],"texture":"#0"},"down":{"uv":[0.25,7.25,0.5,7.5],"texture":"#0"}}}],"display":{"gui":{"rotation":[30,135,0],"translation":[-0.25,-1.25,0],"scale":[0.57,0.57,0.57]},"head":{"rotation":[11,0,0],"translation":[0,-51.5,12],"scale":[1.6,1.6,1.6]},"thirdperson_righthand":{"rotation":[101.0,0,0],"translation":[-1.0,-9.5,15.412498],"scale":[1.0,1.0,1.0]}},"groups":[0,1,2,3,4,5,6,7,8,9,10,11,{"name":"group","origin":[0,0,0],"color":0,"children":[]},{"name":"group","origin":[0,0,0],"color":0,"children":[12,13,14]}]}