{"credit":"Made with Blockbench","texture_size":[64,64],"textures":{"0":"custom/cosmetics/christmas/glacial_wings","particle":"custom/cosmetics/christmas/glacial_wings"},"elements":[{"from":[-8,0,6.99],"to":[7,9,6.99],"rotation":{"angle":22.5,"axis":"y","origin":[7,4.5,6.95]},"faces":{"north":{"uv":[7.5,0,0,4.5],"texture":"#0"},"south":{"uv":[0,4.5,7.5,9],"texture":"#0","tintindex":0}}},{"from":[-8,0,7],"to":[7,9,7],"rotation":{"angle":22.5,"axis":"y","origin":[7,4.5,6.95]},"faces":{"north":{"uv":[7.5,4.5,0,9],"texture":"#0","tintindex":0},"south":{"uv":[0,0,7.5,4.5],"texture":"#0"}}},{"from":[9,0,6.99],"to":[24,9,6.99],"rotation":{"angle":-22.5,"axis":"y","origin":[9,4.5,6.95]},"faces":{"north":{"uv":[0,0,7.5,4.5],"texture":"#0"},"south":{"uv":[7.5,4.5,0,9],"texture":"#0","tintindex":0}}},{"from":[9,0,7],"to":[24,9,7],"rotation":{"angle":-22.5,"axis":"y","origin":[9,4.5,6.95]},"faces":{"north":{"uv":[0,4.5,7.5,9],"texture":"#0","tintindex":0},"south":{"uv":[7.5,0,0,4.5],"texture":"#0"}}}],"gui_light":"front","display":{"gui":{"translation":[0,1.5,0],"scale":[0.52,0.52,0.52]},"head":{"rotation":[27,0,0],"translation":[0,-43,7.25],"scale":[3.2,3.2,3.2]},"thirdperson_righthand":{"rotation":[117.0,0,0],"translation":[-1.0,-6.53125,20.724998],"scale":[2.0,2.0,2.0]}},"groups":[{"name":"group","origin":[7,4.5,7],"color":0,"children":[0,1]},{"name":"group","origin":[7,4.5,7],"color":0,"children":[2,3]}]}