{"credit":"Made with Blockbench","texture_size":[32,32],"textures":{"0":"custom/cosmetics/ancient/ancient_cane","particle":"custom/cosmetics/ancient/ancient_cane"},"elements":[{"from":[7,0,7],"to":[9,17,9],"faces":{"north":{"uv":[2,4.5,2.5,13],"texture":"#0"},"east":{"uv":[1.5,4.5,2.5,13],"texture":"#0"},"south":{"uv":[1.5,4.5,2,13],"texture":"#0"},"west":{"uv":[2.5,4.5,1.5,13],"texture":"#0"},"up":{"uv":[1.5,4.5,2,5],"texture":"#0"},"down":{"uv":[1.5,4.5,2,5],"texture":"#0"}}},{"from":[7,17,7],"to":[9,19,12],"faces":{"north":{"uv":[2,3.5,2.5,4.5],"texture":"#0"},"east":{"uv":[0,3.5,2.5,4.5],"texture":"#0"},"west":{"uv":[2.5,3.5,0,4.5],"texture":"#0"},"up":{"uv":[2.5,3.5,0,4],"rotation":90,"texture":"#0"},"down":{"uv":[0,3.5,2.5,4],"rotation":90,"texture":"#0"}}},{"from":[7,19,10],"to":[9,26,12],"faces":{"north":{"uv":[0.5,0,1,3.5],"texture":"#0"},"east":{"uv":[0,0,1,3.5],"texture":"#0"},"south":{"uv":[0,0,0.5,3.5],"texture":"#0"},"west":{"uv":[1,0,0,3.5],"texture":"#0"},"up":{"uv":[0,0,1,0.5],"texture":"#0"}}},{"from":[7,24,3],"to":[9,26,10],"faces":{"east":{"uv":[1,0,4.5,1],"texture":"#0"},"west":{"uv":[1,0,4.5,1],"texture":"#0"},"up":{"uv":[1,0,4.5,0.5],"rotation":90,"texture":"#0"},"down":{"uv":[1,0.5,4.5,1],"rotation":90,"texture":"#0"}}},{"from":[7,18,3],"to":[9,24,5],"faces":{"north":{"uv":[4,1,4.5,4],"texture":"#0"},"east":{"uv":[3.5,1,4.5,4],"texture":"#0"},"south":{"uv":[3.5,1,4,4],"texture":"#0"},"west":{"uv":[4.5,1,3.5,4],"texture":"#0"},"down":{"uv":[3.5,3.5,4,4],"texture":"#0"}}},{"from":[7,0,7],"to":[9,17,9],"faces":{"north":{"uv":[7.5,4.5,8,13],"texture":"#0","tintindex":0},"east":{"uv":[7,4.5,8,13],"texture":"#0","tintindex":0},"south":{"uv":[7,4.5,7.5,13],"texture":"#0","tintindex":0},"west":{"uv":[8,4.5,7,13],"texture":"#0","tintindex":0},"up":{"uv":[7,4.5,7.5,5],"texture":"#0","tintindex":0},"down":{"uv":[7,4.5,7.5,5],"texture":"#0","tintindex":0}}},{"from":[7,17,7],"to":[9,19,12],"faces":{"north":{"uv":[7.5,3.5,8,4.5],"texture":"#0","tintindex":0},"east":{"uv":[5.5,3.5,8,4.5],"texture":"#0","tintindex":0},"south":{"uv":[5.5,3.5,6,4.5],"texture":"#0","tintindex":0},"west":{"uv":[8,3.5,5.5,4.5],"texture":"#0","tintindex":0},"up":{"uv":[8,3.5,5.5,4],"rotation":90,"texture":"#0","tintindex":0},"down":{"uv":[5.5,3.5,8,4],"rotation":90,"texture":"#0","tintindex":0}}},{"from":[7,19,10],"to":[9,26,12],"faces":{"north":{"uv":[6,0,6.5,3.5],"texture":"#0","tintindex":0},"east":{"uv":[5.5,0,6.5,3.5],"texture":"#0","tintindex":0},"south":{"uv":[5.5,0,6,3.5],"texture":"#0","tintindex":0},"west":{"uv":[6.5,0,5.5,3.5],"texture":"#0","tintindex":0},"up":{"uv":[5.5,0,6.5,0.5],"texture":"#0","tintindex":0}}},{"from":[7,24,3],"to":[9,26,10],"faces":{"north":{"uv":[9.5,0,10,1],"texture":"#0","tintindex":0},"east":{"uv":[6.5,0,10,1],"texture":"#0","tintindex":0},"west":{"uv":[6.5,0,10,1],"texture":"#0","tintindex":0},"up":{"uv":[6.5,0,10,0.5],"rotation":90,"texture":"#0","tintindex":0},"down":{"uv":[6.5,0.5,10,1],"rotation":90,"texture":"#0","tintindex":0}}},{"from":[7,18,3],"to":[9,24,5],"faces":{"north":{"uv":[9.5,1,10,4],"texture":"#0","tintindex":0},"east":{"uv":[9,1,10,4],"texture":"#0","tintindex":0},"south":{"uv":[9,1,9.5,4],"texture":"#0","tintindex":0},"west":{"uv":[10,1,9,4],"texture":"#0","tintindex":0},"down":{"uv":[9,3.5,9.5,4],"texture":"#0","tintindex":0}}},{"from":[7,18,2],"to":[9,20,3],"faces":{"north":{"uv":[4.5,3,5,4],"texture":"#0"},"east":{"uv":[4.5,3,5,4],"texture":"#0"},"west":{"uv":[4.5,3,5,4],"texture":"#0"},"up":{"uv":[4.5,3,5,3.5],"texture":"#0"},"down":{"uv":[4.5,3.5,5,4],"texture":"#0"}}}],"display":{"thirdperson_righthand":{"rotation":[41,33,-13],"translation":[-0.25,-4.5,-3.25]},"thirdperson_lefthand":{"rotation":[41,33,-13],"translation":[-0.25,-4.5,-3.25]},"firstperson_righthand":{"translation":[3.25,-3.75,0],"scale":[0,0,0]},"firstperson_lefthand":{"translation":[3.25,-3.75,0],"scale":[0,0,0]},"gui":{"rotation":[64,35,-58],"translation":[-2.75,-3,0],"scale":[0.66,0.66,0.66]}}}