{"credit":"Made with Blockbench","texture_size":[64,64],"textures":{"0":"custom/cosmetics/nitro/nitro_wings","1":"custom/cosmetics/nitro/nitro_flame","particle":"custom/cosmetics/nitro/nitro_wings"},"elements":[{"from":[4,1,7],"to":[4,7,28],"rotation":{"angle":-22.5,"axis":"y","origin":[4,4.75,3.375]},"faces":{"east":{"uv":[12.25,0,7,1.5],"texture":"#0"},"west":{"uv":[7,0,12.25,1.5],"texture":"#0"}}},{"from":[3,1,3],"to":[5,10,31],"rotation":{"angle":-22.5,"axis":"y","origin":[4,4.75,3.375]},"faces":{"north":{"uv":[0,0,0.25,2.25],"texture":"#0"},"east":{"uv":[7,0,0,2.25],"texture":"#0"},"west":{"uv":[0,0,7,2.25],"texture":"#0"},"up":{"uv":[0,2.25,7,2.5],"rotation":90,"texture":"#0"},"down":{"uv":[0,2.5,7,3],"rotation":270,"texture":"#0"}}},{"from":[5,10,31],"to":[3,1,3],"rotation":{"angle":-22.5,"axis":"y","origin":[4,4.75,3.375]},"faces":{"east":{"uv":[7,0,0,2.25],"rotation":180,"texture":"#0"},"south":{"uv":[0,0,0.25,2.25],"rotation":180,"texture":"#0"},"west":{"uv":[0,0,7,2.25],"rotation":180,"texture":"#0"},"up":{"uv":[0,2.5,7,3],"rotation":270,"texture":"#0"},"down":{"uv":[0,2.25,7,2.5],"rotation":90,"texture":"#0"}}},{"from":[5,7,29],"to":[3,1,7],"rotation":{"angle":-22.5,"axis":"y","origin":[4,4.75,3.375]},"faces":{"south":{"uv":[0.75,0.75,1,2.25],"rotation":180,"texture":"#0"},"down":{"uv":[1,0.5,6.5,0.75],"rotation":90,"texture":"#0"}}},{"from":[1.99,-1.01,-0.01],"to":[14.01,7.01,3.01],"rotation":{"angle":22.5,"axis":"x","origin":[8,3.5,1.5]},"faces":{"north":{"uv":[0.75,3,3.75,5],"texture":"#0"},"east":{"uv":[0,3,0.75,5],"texture":"#0"},"south":{"uv":[3.75,3,6.75,5],"texture":"#0"},"west":{"uv":[0.75,3,0,5],"texture":"#0"},"up":{"uv":[0,5,3,5.75],"texture":"#0"},"down":{"uv":[0,5.75,3,6.5],"rotation":180,"texture":"#0"}}},{"from":[12,1,7],"to":[12,7,28],"rotation":{"angle":22.5,"axis":"y","origin":[12,4.75,3.375]},"faces":{"east":{"uv":[12.25,0,7,1.5],"texture":"#0"},"west":{"uv":[7,0,12.25,1.5],"texture":"#0"}}},{"from":[11,1,3],"to":[13,10,31],"rotation":{"angle":22.5,"axis":"y","origin":[12,4.75,3.375]},"faces":{"north":{"uv":[0,0,0.25,2.25],"texture":"#0"},"east":{"uv":[7,0,0,2.25],"texture":"#0"},"west":{"uv":[0,0,7,2.25],"texture":"#0"},"up":{"uv":[0,2.25,7,2.5],"rotation":90,"texture":"#0"},"down":{"uv":[0,2.5,7,3],"rotation":270,"texture":"#0"}}},{"from":[13,10,31],"to":[11,1,3],"rotation":{"angle":22.5,"axis":"y","origin":[12,4.75,3.375]},"faces":{"east":{"uv":[7,0,0,2.25],"rotation":180,"texture":"#0"},"south":{"uv":[0,0,0.25,2.25],"rotation":180,"texture":"#0"},"west":{"uv":[0,0,7,2.25],"rotation":180,"texture":"#0"},"up":{"uv":[0,2.5,7,3],"rotation":270,"texture":"#0"},"down":{"uv":[0,2.25,7,2.5],"rotation":90,"texture":"#0"}}},{"from":[13,7,29],"to":[11,1,7],"rotation":{"angle":22.5,"axis":"y","origin":[12,4.75,3.375]},"faces":{"south":{"uv":[0.75,0.75,1,2.25],"rotation":180,"texture":"#0"},"down":{"uv":[1,0.5,6.5,0.75],"rotation":90,"texture":"#0"}}},{"from":[4,-7,3],"to":[12,9,19],"rotation":{"angle":22.5,"axis":"x","origin":[8,4,13]},"faces":{"north":{"uv":[8,8,10,12],"texture":"#0"},"east":{"uv":[0,8,4,12],"texture":"#0"},"south":{"uv":[8,8,10,12],"texture":"#0"},"west":{"uv":[0,8,4,12],"texture":"#0"},"up":{"uv":[0,8,0.25,8.25],"texture":"#0"},"down":{"uv":[0,12,4,14],"rotation":90,"texture":"#0"}}},{"from":[6,-5.9,20.9],"to":[1,-10.9,8.9],"rotation":{"angle":45,"axis":"x","origin":[3.5,0.6,13.5]},"faces":{"north":{"uv":[8,4.25,9.25,5.5],"rotation":180,"texture":"#0"},"east":{"uv":[6.75,3,8,6],"rotation":90,"texture":"#0"},"south":{"uv":[8,3,9.25,4.25],"texture":"#0"},"west":{"uv":[6.75,3,8,6],"rotation":270,"texture":"#0"},"up":{"uv":[6.75,3,8,6],"texture":"#0"},"down":{"uv":[6.75,3,8,6],"rotation":180,"texture":"#0"}}},{"from":[1,-10.9,8.9],"to":[6,-5.9,20.9],"rotation":{"angle":45,"axis":"x","origin":[3.5,0.6,13.5]},"faces":{"north":{"uv":[8,3,9.25,4.25],"rotation":180,"texture":"#0"},"east":{"uv":[6.75,3,8,6],"rotation":270,"texture":"#0"},"south":{"uv":[8,4.25,9.25,5.5],"texture":"#0"},"west":{"uv":[6.75,3,8,6],"rotation":90,"texture":"#0"},"up":{"uv":[6.75,3,8,6],"rotation":180,"texture":"#0"},"down":{"uv":[6.75,3,8,6],"texture":"#0"}}},{"from":[2,-9.9,4.9],"to":[5,-6.9,8.9],"rotation":{"angle":45,"axis":"x","origin":[3.5,0.6,13.5]},"faces":{"north":{"uv":[8.25,3.25,9,4],"rotation":180,"texture":"#0"},"east":{"uv":[6,5,6.75,6],"rotation":270,"texture":"#0"},"west":{"uv":[6,5,6.75,6],"rotation":90,"texture":"#0"},"up":{"uv":[6,5,6.75,6],"rotation":180,"texture":"#0"},"down":{"uv":[6,5,6.75,6],"texture":"#0"}}},{"from":[3.5,-10.4,19.9],"to":[3.5,-6.4,25.9],"rotation":{"angle":45,"axis":"x","origin":[3.5,0.6,13.5]},"faces":{"east":{"uv":[0,0,4,6],"rotation":270,"texture":"#1"},"west":{"uv":[0,0,4,6],"rotation":90,"texture":"#1"}}},{"from":[1.5,-8.4,19.9],"to":[5.5,-8.4,25.9],"rotation":{"angle":45,"axis":"x","origin":[3.5,0.6,13.5]},"faces":{"up":{"uv":[0,0,4,6],"rotation":180,"texture":"#1"},"down":{"uv":[0,0,4,6],"texture":"#1"}}},{"from":[15,-5.9,20.9],"to":[10,-10.9,8.9],"rotation":{"angle":45,"axis":"x","origin":[12.5,0.6,13.5]},"faces":{"north":{"uv":[8,4.25,9.25,5.5],"rotation":180,"texture":"#0"},"east":{"uv":[6.75,3,8,6],"rotation":90,"texture":"#0"},"south":{"uv":[8,3,9.25,4.25],"texture":"#0"},"west":{"uv":[6.75,3,8,6],"rotation":270,"texture":"#0"},"up":{"uv":[6.75,3,8,6],"texture":"#0"},"down":{"uv":[6.75,3,8,6],"rotation":180,"texture":"#0"}}},{"from":[10,-10.9,8.9],"to":[15,-5.9,20.9],"rotation":{"angle":45,"axis":"x","origin":[12.5,0.6,13.5]},"faces":{"north":{"uv":[8,3,9.25,4.25],"rotation":180,"texture":"#0"},"east":{"uv":[6.75,3,8,6],"rotation":270,"texture":"#0"},"south":{"uv":[8,4.25,9.25,5.5],"texture":"#0"},"west":{"uv":[6.75,3,8,6],"rotation":90,"texture":"#0"},"up":{"uv":[6.75,3,8,6],"rotation":180,"texture":"#0"},"down":{"uv":[6.75,3,8,6],"texture":"#0"}}},{"from":[11,-9.9,4.9],"to":[14,-6.9,8.9],"rotation":{"angle":45,"axis":"x","origin":[12.5,0.6,13.5]},"faces":{"north":{"uv":[8.25,3.25,9,4],"rotation":180,"texture":"#0"},"east":{"uv":[6,5,6.75,6],"rotation":270,"texture":"#0"},"west":{"uv":[6,5,6.75,6],"rotation":90,"texture":"#0"},"up":{"uv":[6,5,6.75,6],"rotation":180,"texture":"#0"},"down":{"uv":[6,5,6.75,6],"texture":"#0"}}},{"from":[12.5,-10.4,19.9],"to":[12.5,-6.4,25.9],"rotation":{"angle":45,"axis":"x","origin":[12.5,0.6,13.5]},"faces":{"east":{"uv":[0,0,4,6],"rotation":270,"texture":"#1"},"west":{"uv":[0,6,4,0],"rotation":270,"texture":"#1"}}},{"from":[10.5,-8.4,19.9],"to":[14.5,-8.4,25.9],"rotation":{"angle":45,"axis":"x","origin":[12.5,0.6,13.5]},"faces":{"up":{"uv":[0,0,4,6],"rotation":180,"texture":"#1"},"down":{"uv":[0,0,4,6],"texture":"#1"}}},{"from":[3.8,-7.2,2.8],"to":[12.2,9.2,19.2],"rotation":{"angle":22.5,"axis":"x","origin":[8,4,13]},"faces":{"north":{"uv":[10,8,12,12],"texture":"#0","tintindex":0},"east":{"uv":[4,8,8,12],"texture":"#0","tintindex":0},"south":{"uv":[10,8,12,12],"texture":"#0","tintindex":0},"west":{"uv":[4,8,8,12],"texture":"#0","tintindex":0},"up":{"uv":[4,6,8,8],"rotation":90,"texture":"#0","tintindex":0}}}],"display":{"gui":{"rotation":[30,135,0],"translation":[-3,1.25,0],"scale":[0.43,0.43,0.43]},"head":{"rotation":[-22.5,0,0],"translation":[0,-38.5,12.5],"scale":[1.61,1.61,1.61]},"thirdperson_righthand":{"rotation":[67.5,0,0],"translation":[-1.0,-9.8125,23.537498],"scale":[1.00625,1.00625,1.00625]}},"groups":[{"name":"group","origin":[0,0,0],"children":[0,1,2,3]},4,{"name":"group","origin":[0,0,0],"children":[5,6,7,8]},9,{"name":"group","origin":[0,0,0],"children":[10,11,12,13,14]},{"name":"group","origin":[0,0,0],"children":[15,16,17,18,19]},20]}