{"credit":"Made with Blockbench","textures":{"0":"custom/cosmetics/cane","particle":"custom/cosmetics/cane"},"elements":[{"from":[5,0,7],"to":[6,16,8],"rotation":{"angle":0,"axis":"y","origin":[17,8,8]},"faces":{"north":{"uv":[0,0,1,16],"texture":"#0"},"east":{"uv":[0,0,1,16],"texture":"#0"},"south":{"uv":[0,0,1,16],"texture":"#0"},"west":{"uv":[0,0,1,16],"texture":"#0"},"up":{"uv":[0,0,0.5,0.5],"texture":"#0"},"down":{"uv":[0,0,0.5,0.5],"texture":"#0"}}},{"from":[6,15,7],"to":[10,16,8],"rotation":{"angle":0,"axis":"y","origin":[7,8,9]},"faces":{"north":{"uv":[5,0,1,1],"texture":"#0"},"south":{"uv":[5,0,1,1],"texture":"#0"},"up":{"uv":[5,0,1,1],"texture":"#0"},"down":{"uv":[5,0,1,1],"texture":"#0"}}},{"from":[10,12,7],"to":[11,16,8],"faces":{"north":{"uv":[5,0,6,4],"texture":"#0"},"east":{"uv":[5,0,6,4],"texture":"#0"},"south":{"uv":[5,0,6,4],"texture":"#0"},"west":{"uv":[5,0,6,4],"texture":"#0"},"up":{"uv":[0,0,0.5,0.5],"texture":"#0"},"down":{"uv":[2.5,1.5,3,2],"texture":"#0"}}}],"display":{"thirdperson_righthand":{"rotation":[73.0,-168.0,-0.0],"translation":[-1.9375,-3.171875,-4.53125],"scale":[0.9375,0.9375,0.9375]},"thirdperson_lefthand":{"rotation":[73,168,0],"translation":[0,-3.25,-5.5]},"firstperson_righthand":{"rotation":[0,-108,0],"translation":[3.25,-3,0]},"firstperson_lefthand":{"rotation":[0,-108,0],"translation":[3.25,-3,0]},"ground":{"translation":[0,5.75,0],"scale":[0.4,0.4,0.4]},"gui":{"rotation":[30,135,0],"scale":[0.96,0.96,0.96]},"head":{"rotation":[0,0,90],"translation":[-0.25,6.25,0],"scale":[1.6,1.6,1.6]},"fixed":{"rotation":[-90,0,0],"translation":[0,0,-16],"scale":[2,2,2]}}}