{"credit":"Made with Blockbench","texture_size":[32,32],"textures":{"0":"custom/cosmetics/captain_hat","particle":"custom/cosmetics/captain_hat"},"elements":[{"from":[4,0,4],"to":[12,6,12],"rotation":{"angle":0,"axis":"y","origin":[12,8,12]},"faces":{"north":{"uv":[0,0,4,3],"texture":"#0"},"east":{"uv":[4,0,8,3],"texture":"#0"},"south":{"uv":[4,0,8,3],"texture":"#0"},"west":{"uv":[4,0,8,3],"texture":"#0"},"down":{"uv":[4,8,8,12],"texture":"#0"}}},{"from":[12.25,7.25,12.25],"to":[3.75,0.75,3.75],"rotation":{"angle":0,"axis":"y","origin":[20,15,20]},"faces":{"north":{"uv":[8,5,12,8],"rotation":180,"texture":"#0"},"east":{"uv":[8,5,12,8],"rotation":180,"texture":"#0"},"south":{"uv":[8,5,12,8],"rotation":180,"texture":"#0"},"west":{"uv":[8,5,12,8],"rotation":180,"texture":"#0"}}},{"from":[3.75,0.75,3.75],"to":[12.25,7.25,12.25],"rotation":{"angle":0,"axis":"y","origin":[12,9,12]},"faces":{"north":{"uv":[8,5,12,8],"texture":"#0"},"east":{"uv":[8,5,12,8],"texture":"#0"},"south":{"uv":[8,5,12,8],"texture":"#0"},"west":{"uv":[8,5,12,8],"texture":"#0"}}},{"from":[4,0,-1],"to":[12,0,4],"rotation":{"angle":0,"axis":"y","origin":[12,8,7]},"faces":{"up":{"uv":[0,8,4,10.5],"rotation":180,"texture":"#0"},"down":{"uv":[0,8,4,10.5],"texture":"#0"}}},{"from":[4,0,4],"to":[12,6,12],"rotation":{"angle":0,"axis":"y","origin":[12,8,12]},"faces":{"north":{"uv":[8,3,12,6],"texture":"#0","tintindex":0},"east":{"uv":[12,3,16,6],"texture":"#0","tintindex":0},"south":{"uv":[12,3,16,6],"texture":"#0","tintindex":0},"west":{"uv":[12,3,16,6],"texture":"#0","tintindex":0},"up":{"uv":[0,3,4,7],"rotation":180,"texture":"#0","tintindex":0}}},{"from":[3.75,-0.25,3.75],"to":[12.25,6.25,12.25],"rotation":{"angle":0,"axis":"y","origin":[12,8,12]},"faces":{"north":{"uv":[8,0,12,3],"texture":"#0","tintindex":0},"east":{"uv":[8,0,12,3],"texture":"#0","tintindex":0},"south":{"uv":[8,0,12,3],"texture":"#0","tintindex":0},"west":{"uv":[8,0,12,3],"texture":"#0","tintindex":0},"up":{"uv":[4,3,8,7],"rotation":180,"texture":"#0","tintindex":0}}},{"from":[12.25,6.25,12.25],"to":[3.75,-0.25,3.75],"rotation":{"angle":0,"axis":"y","origin":[20,14,20]},"faces":{"north":{"uv":[8,0,12,3],"rotation":180,"texture":"#0","tintindex":0},"east":{"uv":[8,0,12,3],"rotation":180,"texture":"#0","tintindex":0},"south":{"uv":[8,0,12,3],"rotation":180,"texture":"#0","tintindex":0},"west":{"uv":[8,0,12,3],"rotation":180,"texture":"#0","tintindex":0},"down":{"uv":[4,3,8,7],"rotation":180,"texture":"#0","tintindex":0}}},{"from":[7,-4.25,1],"to":[9,-2.25,3],"rotation":{"angle":-22.5,"axis":"x","origin":[8,-3.5,3.5]},"faces":{"north":{"uv":[0,11.5,1,12.5],"texture":"#0"},"east":{"uv":[0,11.5,1,12.5],"texture":"#0"},"south":{"uv":[0,11.5,1,12.5],"texture":"#0"},"west":{"uv":[0,11.5,1,12.5],"texture":"#0"},"up":{"uv":[0,10.5,1,11.5],"texture":"#0"},"down":{"uv":[0,12,0.5,12.5],"texture":"#0"}}},{"from":[8,-4.25,3],"to":[8,-3.25,7],"rotation":{"angle":-22.5,"axis":"x","origin":[8,-3.5,3.5]},"faces":{"east":{"uv":[3,12,1,12.5],"texture":"#0"},"west":{"uv":[1,12,3,12.5],"texture":"#0"}}}],"display":{"thirdperson_righthand":{"rotation":[53.0,-41.0,-0.0],"translation":[-1.9375,0.578125,2.734375],"scale":[0.365625,0.365625,0.365625]},"thirdperson_lefthand":{"rotation":[53,41,0],"translation":[0,0.75,2.25],"scale":[0.39,0.39,0.39]},"firstperson_righthand":{"rotation":[0,127,0],"translation":[8.25,5.25,-5.25]},"firstperson_lefthand":{"rotation":[0,127,0],"translation":[8.25,5.25,-5.25]},"ground":{"translation":[0,7.5,0],"scale":[0.4,0.4,0.4]},"gui":{"rotation":[30,135,0],"translation":[1,5,0]},"head":{"rotation":[9,0,0],"translation":[0,16,2],"scale":[1.95,1.95,1.95]},"fixed":{"rotation":[-90,0,0],"translation":[0,0,-16.25],"scale":[2,2,2]}},"groups":[0,1,2,3,{"name":"group","origin":[12,8,12],"children":[4,5,6]},7,8]}