{"credit":"Made with Blockbench","textures":{"1":"custom/cosmetics/casino_fedora"},"elements":[{"from":[3.8,-0.2,3.8],"to":[12.2,6.2,12.2],"faces":{"north":{"uv":[0,3,4,6],"texture":"#1","tintindex":0},"east":{"uv":[0,3,4,6],"texture":"#1","tintindex":0},"south":{"uv":[0,3,4,6],"texture":"#1","tintindex":0},"west":{"uv":[0,3,4,6],"texture":"#1","tintindex":0}}},{"from":[4,0,4],"to":[12,6,12],"rotation":{"angle":0,"axis":"y","origin":[8,6,8]},"faces":{"north":{"uv":[0,0,4,3],"texture":"#1"},"east":{"uv":[0,0,4,3],"texture":"#1"},"south":{"uv":[0,0,4,3],"texture":"#1"},"west":{"uv":[0,0,4,3],"texture":"#1"},"up":{"uv":[4,0,8,4],"texture":"#1"}}},{"from":[12,6,12],"to":[4,0,4],"rotation":{"angle":0,"axis":"y","origin":[8,6,8]},"faces":{"north":{"uv":[0,0,4,3],"rotation":180,"texture":"#1"},"east":{"uv":[0,0,4,3],"rotation":180,"texture":"#1"},"south":{"uv":[0,0,4,3],"rotation":180,"texture":"#1"},"west":{"uv":[0,0,4,3],"rotation":180,"texture":"#1"},"down":{"uv":[4,0,8,4],"texture":"#1"}}},{"from":[0,0,0],"to":[16,0,16],"faces":{"up":{"uv":[8,0,16,8],"texture":"#1"},"down":{"uv":[8,0,16,8],"texture":"#1"}}},{"from":[3.9,1.55,4.2],"to":[3.9,7.55,8.2],"rotation":{"angle":-22.5,"axis":"x","origin":[3.9,1.5,6]},"faces":{"east":{"uv":[2,7,4,10],"texture":"#1"},"west":{"uv":[2,7,4,10],"texture":"#1"}}},{"from":[3.9,1.5,4],"to":[3.9,7.5,8],"rotation":{"angle":22.5,"axis":"z","origin":[3.9,1.5,6]},"faces":{"east":{"uv":[0,7,2,10],"texture":"#1"},"west":{"uv":[0,7,2,10],"texture":"#1"}}}],"display":{"thirdperson_righthand":{"rotation":[56.0,-43.0,-0.0],"translation":[-1.9375,1.984375,2.96875],"scale":[0.375,0.375,0.375]},"thirdperson_lefthand":{"rotation":[56,43,0],"translation":[0,2.25,2.5],"scale":[0.4,0.4,0.4]},"firstperson_righthand":{"rotation":[-4,13,0],"translation":[10.25,6.5,-6.25]},"firstperson_lefthand":{"rotation":[0,13,0],"translation":[10.25,6.5,-6.25]},"ground":{"translation":[0,8.75,0],"scale":[0.4,0.4,0.4]},"gui":{"rotation":[30,45,0],"translation":[0,5,0]},"head":{"rotation":[3,0,0],"translation":[0,17.5,0.75],"scale":[1.9,1.9,1.9]},"fixed":{"rotation":[-90,0,0],"translation":[0,0,-16.25],"scale":[2,2,2]}}}