{"credit":"Made with Blockbench","textures":{"0":"custom/cosmetics/original_crown","particle":"custom/cosmetics/original_crown"},"elements":[{"from":[3,0,3],"to":[13,2,13],"faces":{"north":{"uv":[0,1.5,5,2.5],"texture":"#0"},"east":{"uv":[0,1.5,5,2.5],"texture":"#0"},"south":{"uv":[0,1.5,5,2.5],"texture":"#0"},"west":{"uv":[0,1.5,5,2.5],"texture":"#0"},"up":{"uv":[0,8,5,13],"texture":"#0"},"down":{"uv":[5,9,10,14],"texture":"#0"}}},{"from":[3,2,3],"to":[13,6,13],"faces":{"north":{"uv":[5,0,10,2],"texture":"#0"},"east":{"uv":[5,0,10,2],"texture":"#0"},"south":{"uv":[5,0,10,2],"texture":"#0"},"west":{"uv":[5,0,10,2],"texture":"#0"},"up":{"uv":[8,0,13,5],"texture":"#0"}}},{"from":[13,6,13],"to":[3,2,3],"faces":{"north":{"uv":[5,0,10,2],"rotation":180,"texture":"#0"},"east":{"uv":[5,0,10,2],"rotation":180,"texture":"#0"},"south":{"uv":[5,0,10,2],"rotation":180,"texture":"#0"},"west":{"uv":[5,0,10,2],"rotation":180,"texture":"#0"},"down":{"uv":[8,0,13,5],"texture":"#0"}}},{"from":[0,2,8],"to":[16,10,8],"rotation":{"angle":45,"axis":"y","origin":[8,8,8]},"faces":{"north":{"uv":[0,2.5,8,6.5],"texture":"#0"},"south":{"uv":[0,2.5,8,6.5],"texture":"#0"}}},{"from":[0,2,8],"to":[16,10,8],"rotation":{"angle":-45,"axis":"y","origin":[8,8,8]},"faces":{"north":{"uv":[0,2.5,8,6.5],"texture":"#0"},"south":{"uv":[0,2.5,8,6.5],"texture":"#0"}}},{"from":[4,2,4],"to":[12,5,12],"faces":{"north":{"uv":[0,0,4,1.5],"texture":"#0","tintindex":0},"east":{"uv":[0,0,4,1.5],"texture":"#0","tintindex":0},"south":{"uv":[0,0,4,1.5],"texture":"#0","tintindex":0},"west":{"uv":[0,0,4,1.5],"texture":"#0","tintindex":0},"up":{"uv":[8,5,12,9],"texture":"#0","tintindex":0}}}],"display":{"thirdperson_righthand":{"rotation":[96.0,0,0],"translation":[-1.0,-2.78125,23.564453],"scale":[0.9375,0.9375,0.9375]},"thirdperson_lefthand":{"rotation":[51,-49,0],"translation":[0,2.5,2.5],"scale":[0.5,0.5,0.5]},"firstperson_righthand":{"translation":[4.5,3.25,0]},"firstperson_lefthand":{"translation":[4.5,3.25,0]},"ground":{"translation":[0,7,0],"scale":[0.4,0.4,0.4]},"gui":{"rotation":[30,45,0],"translation":[0,4,0]},"head":{"rotation":[6,0,0],"translation":[0,16.75,1.25],"scale":[1.6,1.6,1.6]},"fixed":{"rotation":[-90,0,0],"translation":[0,0,-16],"scale":[2,2,2]}}}