{"credit":"Made with Blockbench","texture_size":[32,32],"textures":{"0":"custom/cosmetics/rubber_balloon","particle":"custom/cosmetics/rubber_balloon"},"elements":[{"from":[1,0,1],"to":[15,14,15],"faces":{"north":{"uv":[0,0,7,7],"texture":"#0","tintindex":0},"east":{"uv":[0,0,7,7],"texture":"#0","tintindex":0},"south":{"uv":[0,0,7,7],"texture":"#0","tintindex":0},"west":{"uv":[0,0,7,7],"texture":"#0","tintindex":0},"up":{"uv":[7,0,14,7],"texture":"#0","tintindex":0},"down":{"uv":[0,7,7,14],"texture":"#0","tintindex":0}}},{"from":[6.5,-2,6.5],"to":[9.5,-1,9.5],"faces":{"north":{"uv":[7,7.5,8.5,8],"texture":"#0","tintindex":0},"east":{"uv":[7,7.5,8.5,8],"texture":"#0","tintindex":0},"south":{"uv":[7,7.5,8.5,8],"texture":"#0","tintindex":0},"west":{"uv":[7,7.5,8.5,8],"texture":"#0","tintindex":0},"up":{"uv":[7,8,8.5,9.5],"texture":"#0","tintindex":0},"down":{"uv":[7,8,8.5,9.5],"texture":"#0","tintindex":0}}},{"from":[7,-1,8],"to":[9,0,8],"rotation":{"angle":-45,"axis":"y","origin":[8,-0.5,8]},"faces":{"north":{"uv":[7,7,8,7.5],"texture":"#0"},"south":{"uv":[7,7,8,7.5],"texture":"#0"}}},{"from":[7,-1,8],"to":[9,0,8],"rotation":{"angle":45,"axis":"y","origin":[8,-0.5,8]},"faces":{"north":{"uv":[7,7,8,7.5],"texture":"#0"},"south":{"uv":[7,7,8,7.5],"texture":"#0"}}}],"display":{"gui":{"rotation":[10,45,0],"translation":[0,0.75,0],"scale":[0.64,0.64,0.64]},"head":{"translation":[0,14.5,0],"scale":[2.2857,2.2857,2.2857]}}}