{"credit":"Made with Blockbench","textures":{"0":"custom/cosmetics/top_hat","particle":"custom/cosmetics/top_hat"},"elements":[{"from":[0,0,0],"to":[16,0,16],"faces":{"up":{"uv":[7.5,0.5,15.5,8.5],"texture":"#0"},"down":{"uv":[7.5,0.5,15.5,8.5],"texture":"#0"}}},{"from":[4,0,4],"to":[12,9,12],"faces":{"north":{"uv":[0,0,4,4.5],"texture":"#0"},"east":{"uv":[0,0,4,4.5],"texture":"#0"},"south":{"uv":[0,0,4,4.5],"texture":"#0"},"west":{"uv":[0,4.5,4,9],"texture":"#0"},"up":{"uv":[8,10.5,12,14.5],"texture":"#0"}}},{"from":[12,9,12],"to":[4,0,4],"faces":{"north":{"uv":[0,0,4,4.5],"rotation":180,"texture":"#0"},"east":{"uv":[4,4.5,0,9],"rotation":180,"texture":"#0"},"south":{"uv":[0,0,4,4.5],"rotation":180,"texture":"#0"},"west":{"uv":[0,0,4,4.5],"rotation":180,"texture":"#0"},"down":{"uv":[8,10.5,12,14.5],"texture":"#0"}}},{"from":[3.75,0.75,3.75],"to":[12.25,5.25,12.25],"faces":{"north":{"uv":[0,11,4,13],"texture":"#0","tintindex":0},"east":{"uv":[0,11,4,13],"texture":"#0","tintindex":0},"south":{"uv":[0,11,4,13],"texture":"#0","tintindex":0},"west":{"uv":[4,11,8,13],"texture":"#0","tintindex":0}}},{"from":[12.25,5.25,12.25],"to":[3.75,0.75,3.75],"faces":{"north":{"uv":[0,11,4,13],"rotation":180,"texture":"#0","tintindex":0},"east":{"uv":[8,11,4,13],"rotation":180,"texture":"#0","tintindex":0},"south":{"uv":[0,11,4,13],"rotation":180,"texture":"#0","tintindex":0},"west":{"uv":[0,11,4,13],"rotation":180,"texture":"#0","tintindex":0}}}],"display":{"thirdperson_righthand":{"rotation":[95.0,0,0],"translation":[-1.0,-2.75,24.677734],"scale":[1.0839844,1.0839844,1.0839844]},"thirdperson_lefthand":{"rotation":[42,57,0],"translation":[0,2.75,2.25],"scale":[0.4,0.4,0.4]},"firstperson_righthand":{"rotation":[0,114,0],"translation":[6.5,4.25,-5.5]},"firstperson_lefthand":{"rotation":[0,114,0],"translation":[6.5,4.25,-5.5]},"ground":{"translation":[0,4.75,0],"scale":[0.4,0.4,0.4]},"gui":{"rotation":[30,135,0],"translation":[0,3.5,0],"scale":[0.9,0.9,0.9]},"head":{"rotation":[5,0,0],"translation":[0,18.65,1.2],"scale":[1.85,1.85,1.85]},"fixed":{"rotation":[-90,0,0],"translation":[0,0,-16.5],"scale":[2,2,2]}}}