{"credit":"Made with Blockbench","texture_size":[64,64],"textures":{"0":"custom/cosmetics/halloween/candy_bucket","particle":"custom/cosmetics/halloween/candy_bucket"},"elements":[{"from":[3,0,3],"to":[12,7,12],"faces":{"north":{"uv":[0,2.25,2.25,4],"texture":"#0"},"east":{"uv":[4,1.75,6.25,3.5],"texture":"#0"},"south":{"uv":[4,0,6.25,1.75],"texture":"#0"},"west":{"uv":[6.25,1.75,4,3.5],"texture":"#0"},"up":{"uv":[0,0,2.25,2.25],"texture":"#0"},"down":{"uv":[4,3.5,6.25,5.75],"texture":"#0"}}},{"from":[3,0,3],"to":[12,7,12],"faces":{"north":{"uv":[0,6,2.25,7.75],"texture":"#0","tintindex":0}}},{"from":[8,5,5],"to":[11,12,5],"rotation":{"angle":-22.5,"axis":"z","origin":[8.5,8.5,7]},"faces":{"north":{"uv":[2.25,0,3,1.75],"texture":"#0"},"south":{"uv":[2.25,0,3,1.75],"texture":"#0"}}},{"from":[4,5,9],"to":[7,12,9],"rotation":{"angle":22.5,"axis":"z","origin":[8.5,8.5,7]},"faces":{"north":{"uv":[3,0,3.75,1.75],"texture":"#0"},"south":{"uv":[3.75,0,3,1.75],"texture":"#0"}}},{"from":[4,7,4],"to":[11,7.2,11],"faces":{"up":{"uv":[2.25,1.75,4,3.5],"texture":"#0"}}},{"from":[1,6,7],"to":[14,14,7],"faces":{"north":{"uv":[0,4,3.25,6],"texture":"#0"},"south":{"uv":[0,4,3.25,6],"texture":"#0"}}}],"display":{"thirdperson_righthand":{"rotation":[68.0,25.0,-0.0],"translation":[-2.171875,-4.8125,-2.421875],"scale":[0.9375,0.9375,0.9375]},"thirdperson_lefthand":{"rotation":[68,-25,0],"translation":[0.25,-5,-3.25]},"firstperson_righthand":{"rotation":[0,10,0],"translation":[9.5,-3.25,0]},"firstperson_lefthand":{"rotation":[0,10,0],"translation":[9.5,-3.25,0],"scale":[0,0,0]},"ground":{"translation":[0,4.75,0],"scale":[0.38,0.38,0.38]},"gui":{"rotation":[30,135,0],"translation":[0,1.75,0],"scale":[0.92,0.92,0.92]}}}