{"credit":"Made with Blockbench","texture_size":[64,64],"textures":{"0":"custom/cosmetics/halloween/ghost_balloon","1":"custom/furniture/halloween/timmy_trail","particle":"custom/cosmetics/halloween/ghost_balloon"},"elements":[{"from":[16.75,0,7],"to":[22.25,5,9],"rotation":{"angle":0,"axis":"y","origin":[15.5,0,4]},"faces":{"north":{"uv":[8.25,0,11,2.5],"texture":"#0","tintindex":0},"east":{"uv":[14.25,0,15.25,2.5],"texture":"#0","tintindex":0},"south":{"uv":[11.25,0,14,2.5],"texture":"#0","tintindex":0},"west":{"uv":[14.25,0,15.25,2.5],"texture":"#0","tintindex":0},"up":{"uv":[8.25,0,11,0.25],"texture":"#0","tintindex":0},"down":{"uv":[11,2.25,8.25,2.5],"texture":"#0","tintindex":0}}},{"from":[20.25,4,3.5],"to":[22.25,6,8],"rotation":{"angle":22.5,"axis":"x","origin":[21.25,5,8]},"faces":{"north":{"uv":[13,2.75,14,3.75],"rotation":180,"texture":"#0","tintindex":0},"east":{"uv":[12,2.75,13,5],"rotation":90,"texture":"#0","tintindex":0},"south":{"uv":[12,4.75,12.25,5],"texture":"#0","tintindex":0},"west":{"uv":[12,2.75,13,5],"rotation":270,"texture":"#0","tintindex":0},"up":{"uv":[12,2.75,13,5],"texture":"#0","tintindex":0},"down":{"uv":[12,2.75,13,5],"rotation":180,"texture":"#0","tintindex":0}}},{"from":[16.75,5,7],"to":[18.75,9.5,9],"rotation":{"angle":-45,"axis":"x","origin":[17.75,5,8]},"faces":{"north":{"uv":[12,2.75,13,5],"texture":"#0","tintindex":0},"east":{"uv":[12,2.75,13,5],"texture":"#0","tintindex":0},"south":{"uv":[12,2.75,13,5],"texture":"#0","tintindex":0},"west":{"uv":[12,2.75,13,5],"texture":"#0","tintindex":0},"up":{"uv":[13,2.75,14,3.75],"texture":"#0","tintindex":0},"down":{"uv":[12,4.75,12.25,5],"texture":"#0","tintindex":0}}},{"from":[15.75,0,3.5],"to":[17.75,2,8],"rotation":{"angle":45,"axis":"y","origin":[16.75,1,8]},"faces":{"north":{"uv":[13,2.75,14,3.75],"rotation":270,"texture":"#0","tintindex":0},"east":{"uv":[12,2.75,13,5],"rotation":90,"texture":"#0","tintindex":0},"south":{"uv":[12,4.75,12.25,5],"rotation":270,"texture":"#0","tintindex":0},"west":{"uv":[12,2.75,13,5],"rotation":270,"texture":"#0","tintindex":0},"up":{"uv":[12,2.75,13,5],"texture":"#0","tintindex":0},"down":{"uv":[12,2.75,13,5],"rotation":180,"texture":"#0","tintindex":0}}},{"from":[18.25,-6.5,8],"to":[23.25,1,8],"rotation":{"angle":0,"axis":"y","origin":[15.5,0,4]},"faces":{"north":{"uv":[0.5,5,5.5,12.5],"texture":"#1"},"south":{"uv":[0.5,5,5.5,12.5],"texture":"#1"}}},{"from":[18.25,-6.5,8],"to":[23.25,1,8],"rotation":{"angle":0,"axis":"y","origin":[15.5,0,4]},"faces":{"north":{"uv":[7,5,12,12.5],"texture":"#1","tintindex":0},"south":{"uv":[7,5,12,12.5],"texture":"#1","tintindex":0}}},{"from":[-7.25,-6.5,8],"to":[-2.25,1,8],"rotation":{"angle":0,"axis":"y","origin":[0.5,0,4]},"faces":{"north":{"uv":[5.5,5,0.5,12.5],"texture":"#1"},"south":{"uv":[5.5,5,0.5,12.5],"texture":"#1"}}},{"from":[-7.25,-6.5,8],"to":[-2.25,1,8],"rotation":{"angle":0,"axis":"y","origin":[0.5,0,4]},"faces":{"north":{"uv":[12,5,7,12.5],"texture":"#1","tintindex":0},"south":{"uv":[12,5,7,12.5],"texture":"#1","tintindex":0}}},{"from":[-6.25,0,7],"to":[-0.75,5,9],"rotation":{"angle":0,"axis":"y","origin":[0.5,0,4]},"faces":{"north":{"uv":[11,0,8.25,2.5],"texture":"#0","tintindex":0},"east":{"uv":[15.25,0,14.25,2.5],"texture":"#0","tintindex":0},"south":{"uv":[14,0,11.25,2.5],"texture":"#0","tintindex":0},"west":{"uv":[15.25,0,14.25,2.5],"texture":"#0","tintindex":0},"up":{"uv":[11,0,8.25,0.25],"texture":"#0","tintindex":0},"down":{"uv":[8.25,2.25,11,2.5],"texture":"#0","tintindex":0}}},{"from":[-6.25,4,3.5],"to":[-4.25,6,8],"rotation":{"angle":22.5,"axis":"x","origin":[-5.25,5,8]},"faces":{"north":{"uv":[14,2.75,13,3.75],"rotation":180,"texture":"#0","tintindex":0},"east":{"uv":[12,5,13,2.75],"rotation":270,"texture":"#0","tintindex":0},"south":{"uv":[12.25,4.75,12,5],"texture":"#0","tintindex":0},"west":{"uv":[12,5,13,2.75],"rotation":90,"texture":"#0","tintindex":0},"up":{"uv":[13,2.75,12,5],"texture":"#0","tintindex":0},"down":{"uv":[13,2.75,12,5],"rotation":180,"texture":"#0","tintindex":0}}},{"from":[-2.75,5,7],"to":[-0.75,9.5,9],"rotation":{"angle":-45,"axis":"x","origin":[-1.75,5,8]},"faces":{"north":{"uv":[13,2.75,12,5],"texture":"#0","tintindex":0},"east":{"uv":[13,2.75,12,5],"texture":"#0","tintindex":0},"south":{"uv":[13,2.75,12,5],"texture":"#0","tintindex":0},"west":{"uv":[13,2.75,12,5],"texture":"#0","tintindex":0},"up":{"uv":[14,2.75,13,3.75],"texture":"#0","tintindex":0},"down":{"uv":[12.25,4.75,12,5],"texture":"#0","tintindex":0}}},{"from":[-1.75,0,3.5],"to":[0.25,2,8],"rotation":{"angle":-45,"axis":"y","origin":[-0.75,1,8]},"faces":{"north":{"uv":[13,3.75,14,2.75],"rotation":270,"texture":"#0","tintindex":0},"east":{"uv":[12,5,13,2.75],"rotation":270,"texture":"#0","tintindex":0},"south":{"uv":[12,5,12.25,4.75],"rotation":270,"texture":"#0","tintindex":0},"west":{"uv":[12,5,13,2.75],"rotation":90,"texture":"#0","tintindex":0},"up":{"uv":[13,2.75,12,5],"texture":"#0","tintindex":0},"down":{"uv":[13,2.75,12,5],"rotation":180,"texture":"#0","tintindex":0}}}],"display":{"head":{"rotation":[-53,0,0],"translation":[0,0.5,-10.75],"scale":[4,4,4]}}}