{"credit":"Made with Blockbench","texture_size":[64,64],"textures":{"0":"custom/cosmetics/halloween/prank_pack","1":"custom/cosmetics/halloween/prank_pack_fuse","particle":"custom/cosmetics/halloween/prank_pack"},"elements":[{"from":[0,-8,3],"to":[16,7,13],"rotation":{"angle":0,"axis":"y","origin":[0,-8,0]},"faces":{"north":{"uv":[16,8,12,11.75],"texture":"#0"},"east":{"uv":[4,2.5,6.5,6.25],"texture":"#0"},"south":{"uv":[0,2.5,4,6.25],"texture":"#0"},"west":{"uv":[6.5,6.25,9,10],"texture":"#0"},"up":{"uv":[0,0,4,2.5],"texture":"#0"},"down":{"uv":[4,0,8,2.5],"texture":"#0"}}},{"from":[0,-8,3],"to":[16,7,13],"rotation":{"angle":0,"axis":"y","origin":[0,-8,0]},"faces":{"north":{"uv":[16,11.75,12,15.5],"texture":"#0","tintindex":0},"south":{"uv":[0,6.25,4,10],"texture":"#0","tintindex":0},"west":{"uv":[4,6.25,6.5,10],"texture":"#0","tintindex":0},"down":{"uv":[6.5,2.5,10.5,5],"texture":"#0","tintindex":0}}},{"from":[1,-12,12],"to":[4,-8,12],"rotation":{"angle":0,"axis":"y","origin":[0,-8,0]},"faces":{"north":{"uv":[3,10,3.75,11],"texture":"#0"},"east":{"uv":[0,0,0,1],"texture":"#missing"},"south":{"uv":[3,10,3.75,11],"texture":"#0"},"west":{"uv":[0,0,0,1],"texture":"#missing"},"up":{"uv":[0,0,0.75,0],"texture":"#missing"},"down":{"uv":[0,0,0.75,0],"texture":"#missing"}}},{"from":[12,-12,12],"to":[15,-8,12],"rotation":{"angle":0,"axis":"y","origin":[0,-8,0]},"faces":{"north":{"uv":[3,10,3.75,11],"texture":"#0"},"east":{"uv":[0,0,0,1],"texture":"#missing"},"south":{"uv":[3,10,3.75,11],"texture":"#0"},"west":{"uv":[0,0,0,1],"texture":"#missing"},"up":{"uv":[0,0,0.75,0],"texture":"#missing"},"down":{"uv":[0,0,0.75,0],"texture":"#missing"}}},{"from":[1.88112,10.83499,3.5],"to":[1.88112,19.83499,12.5],"rotation":{"angle":45,"axis":"z","origin":[2.39054,12.08448,7.5]},"faces":{"east":{"uv":[0,0,9,9],"texture":"#1"},"west":{"uv":[0,0,9,9],"texture":"#1"}}},{"from":[-2.61888,10.83499,8],"to":[6.38112,19.83499,8],"rotation":{"angle":45,"axis":"z","origin":[2.39054,12.08448,7.5]},"faces":{"north":{"uv":[0,0,9,9],"texture":"#1"},"south":{"uv":[0,0,9,9],"texture":"#1"}}},{"from":[7.64105,-0.4061,3],"to":[16.64105,-0.4061,12],"rotation":{"angle":45,"axis":"z","origin":[2.39054,12.08448,7.5]},"faces":{"up":{"uv":[0,0,9,9],"rotation":90,"texture":"#1"},"down":{"uv":[0,0,9,9],"rotation":90,"texture":"#1"}}},{"from":[7.64105,-4.9061,7.5],"to":[16.64105,4.0939,7.5],"rotation":{"angle":45,"axis":"z","origin":[2.39054,12.08448,7.5]},"faces":{"north":{"uv":[0,0,9,9],"rotation":270,"texture":"#1"},"south":{"uv":[0,0,9,9],"rotation":90,"texture":"#1"}}},{"from":[-4.64105,2.5939,7],"to":[4.35895,2.5939,16],"rotation":{"angle":-22.5,"axis":"z","origin":[13.60946,12.08448,7.5]},"faces":{"up":{"uv":[0,9,9,0],"rotation":90,"texture":"#1"},"down":{"uv":[0,9,9,0],"rotation":90,"texture":"#1"}}},{"from":[-4.64105,-1.9061,11.5],"to":[4.35895,7.0939,11.5],"rotation":{"angle":-22.5,"axis":"z","origin":[13.60946,12.08448,7.5]},"faces":{"north":{"uv":[0,9,9,0],"rotation":270,"texture":"#1"},"south":{"uv":[0,9,9,0],"rotation":90,"texture":"#1"}}},{"from":[7.39054,13.08499,10.49059],"to":[16.39054,22.08499,10.49059],"rotation":{"angle":45,"axis":"x","origin":[2.39054,12.08448,7.5]},"faces":{"north":{"uv":[9,9,0,0],"rotation":180,"texture":"#1"},"south":{"uv":[9,9,0,0],"rotation":180,"texture":"#1"}}},{"from":[11.89054,13.08499,5.99059],"to":[11.89054,22.08499,14.99059],"rotation":{"angle":45,"axis":"x","origin":[2.39054,12.08448,7.5]},"faces":{"east":{"uv":[9,9,0,0],"rotation":180,"texture":"#1"},"west":{"uv":[9,9,0,0],"rotation":180,"texture":"#1"}}},{"from":[3.39054,9.33499,5.99059],"to":[12.39054,18.33499,5.99059],"rotation":{"angle":22.5,"axis":"x","origin":[7.89054,9.83499,5.99059]},"faces":{"north":{"uv":[9,9,0,0],"rotation":180,"texture":"#1"},"south":{"uv":[9,9,0,0],"rotation":180,"texture":"#1"}}},{"from":[7.89054,9.33499,1.49059],"to":[7.89054,18.33499,10.49059],"rotation":{"angle":22.5,"axis":"x","origin":[7.89054,9.83499,5.99059]},"faces":{"east":{"uv":[9,9,0,0],"rotation":180,"texture":"#1"},"west":{"uv":[9,9,0,0],"rotation":180,"texture":"#1"}}},{"from":[0.5,6.5,5.5],"to":[5.5,11.5,10.5],"rotation":{"angle":22.5,"axis":"z","origin":[4,9.5,8]},"faces":{"north":{"uv":[10.5,1.75,11.75,3],"texture":"#0"},"east":{"uv":[11.75,1.75,10.5,3],"texture":"#0"},"south":{"uv":[10.5,1.75,11.75,3],"texture":"#0"},"west":{"uv":[11.75,1.75,10.5,3],"texture":"#0"},"up":{"uv":[12.5,0.25,13.75,1.5],"texture":"#0"},"down":{"uv":[10.5,0.25,11.75,1.5],"rotation":90,"texture":"#0"}}},{"from":[0.5,6.5,5.5],"to":[5.5,11.5,10.5],"rotation":{"angle":22.5,"axis":"z","origin":[4,9.5,8]},"faces":{"north":{"uv":[10.25,6.25,11.5,7.5],"texture":"#0","tintindex":0},"east":{"uv":[11.5,6.25,10.25,7.5],"texture":"#0","tintindex":0},"south":{"uv":[10.25,6.25,11.5,7.5],"texture":"#0","tintindex":0},"west":{"uv":[11.5,6.25,10.25,7.5],"texture":"#0","tintindex":0},"up":{"uv":[12.5,4.25,13.75,5.5],"texture":"#0","tintindex":0},"down":{"uv":[10.5,4.25,11.75,5.5],"rotation":90,"texture":"#0","tintindex":0}}},{"from":[9.5,6,7.5],"to":[14.5,11,12.5],"rotation":{"angle":22.5,"axis":"x","origin":[12,9.5,10]},"faces":{"north":{"uv":[10.5,1.75,11.75,3],"texture":"#0"},"east":{"uv":[11.75,1.75,10.5,3],"texture":"#0"},"south":{"uv":[10.5,1.75,11.75,3],"texture":"#0"},"west":{"uv":[11.75,1.75,10.5,3],"texture":"#0"},"up":{"uv":[12.5,0.25,13.75,1.5],"texture":"#0"},"down":{"uv":[10.5,0.25,11.75,1.5],"rotation":90,"texture":"#0"}}},{"from":[9.5,6,7.5],"to":[14.5,11,12.5],"rotation":{"angle":22.5,"axis":"x","origin":[12,9.5,10]},"faces":{"north":{"uv":[10.25,6.25,11.5,7.5],"texture":"#0","tintindex":0},"east":{"uv":[11.5,6.25,10.25,7.5],"texture":"#0","tintindex":0},"south":{"uv":[10.25,6.25,11.5,7.5],"texture":"#0","tintindex":0},"west":{"uv":[11.5,6.25,10.25,7.5],"texture":"#0","tintindex":0},"up":{"uv":[12.5,4.25,13.75,5.5],"texture":"#0","tintindex":0},"down":{"uv":[10.5,4.25,11.75,5.5],"rotation":90,"texture":"#0","tintindex":0}}},{"from":[5.5,4.75,3.5],"to":[10.5,9.75,8.5],"rotation":{"angle":0,"axis":"x","origin":[12,9.5,10]},"faces":{"north":{"uv":[10.5,1.75,11.75,3],"texture":"#0"},"east":{"uv":[11.75,1.75,10.5,3],"texture":"#0"},"south":{"uv":[10.5,1.75,11.75,3],"texture":"#0"},"west":{"uv":[11.75,1.75,10.5,3],"texture":"#0"},"up":{"uv":[12.5,0.25,13.75,1.5],"texture":"#0"},"down":{"uv":[10.5,0.25,11.75,1.5],"rotation":90,"texture":"#0"}}},{"from":[5.5,4.75,3.5],"to":[10.5,9.75,8.5],"rotation":{"angle":0,"axis":"x","origin":[12,9.5,10]},"faces":{"north":{"uv":[10.25,6.25,11.5,7.5],"texture":"#0","tintindex":0},"east":{"uv":[11.5,6.25,10.25,7.5],"texture":"#0","tintindex":0},"south":{"uv":[10.25,6.25,11.5,7.5],"texture":"#0","tintindex":0},"west":{"uv":[11.5,6.25,10.25,7.5],"texture":"#0","tintindex":0},"up":{"uv":[12.5,4.25,13.75,5.5],"texture":"#0","tintindex":0},"down":{"uv":[10.5,4.25,11.75,5.5],"rotation":90,"texture":"#0","tintindex":0}}}],"display":{"thirdperson_righthand":{"rotation":[98,0,0],"translation":[-1,-8.71875,20.725],"scale":[0.9375,0.9375,0.9375]},"gui":{"rotation":[38,35,-18],"translation":[0.75,3.5,0],"scale":[0.54,0.54,0.54]},"head":{"rotation":[8,0,0],"translation":[0,-43,10.75],"scale":[1.5,1.5,1.5]}},"groups":[0,1,2,3,{"name":"group","origin":[0,0,0],"color":0,"children":[{"name":"group","origin":[4.5,21.5,7.75],"color":0,"children":[4,5]},{"name":"group","origin":[4.5,21.5,7.75],"color":0,"children":[6,7]},{"name":"group","origin":[4.5,21.5,7.75],"color":0,"children":[8,9]}]},{"name":"group","origin":[0,0,0],"color":0,"children":[{"name":"group","origin":[4.5,21.5,7.75],"color":0,"children":[10,11]},{"name":"group","origin":[4.5,21.5,7.75],"color":0,"children":[12,13]}]},{"name":"group","origin":[10,7.5,8.25],"color":0,"children":[14,15]},{"name":"group","origin":[10,7.5,8.25],"color":0,"children":[16,17]},{"name":"group","origin":[10,7.5,8.25],"color":0,"children":[18,19]}]}