{"credit":"Made with Blockbench","texture_size":[32,32],"textures":{"0":"custom/cosmetics/halloween/witch_broom","2":"custom/cosmetics/halloween/witch_broom_thrust","particle":"custom/cosmetics/halloween/witch_broom"},"elements":[{"from":[7,8,7],"to":[9,24,9],"faces":{"north":{"uv":[1.5,4,2.5,12],"texture":"#0"},"east":{"uv":[2.5,4,1.5,12],"texture":"#0"},"south":{"uv":[1.5,4,2.5,12],"texture":"#0"},"west":{"uv":[2.5,4,1.5,12],"texture":"#0"},"up":{"uv":[1.5,3.5,2.5,4.5],"texture":"#0"},"down":{"uv":[1.5,11,2.5,12],"texture":"#0"}}},{"from":[6.8,7.8,6.8],"to":[9.2,24.2,9.2],"faces":{"north":{"uv":[2.5,4,3.5,12],"texture":"#0","tintindex":0},"east":{"uv":[3.5,4,2.5,12],"texture":"#0","tintindex":0},"south":{"uv":[2.5,4,3.5,12],"texture":"#0","tintindex":0},"west":{"uv":[3.5,4,2.5,12],"texture":"#0","tintindex":0}}},{"name":"cube inverted","from":[9.2,24.2,9.2],"to":[6.8,7.8,6.8],"faces":{"north":{"uv":[2.5,12,3.5,4],"texture":"#0","tintindex":0},"east":{"uv":[3.5,12,2.5,4],"texture":"#0","tintindex":0},"south":{"uv":[2.5,12,3.5,4],"texture":"#0","tintindex":0},"west":{"uv":[3.5,12,2.5,4],"texture":"#0","tintindex":0},"up":{"uv":[3.5,11.5,3,12],"texture":"#0","tintindex":0}}},{"from":[5,-4.25,5],"to":[11,7.75,11],"faces":{"north":{"uv":[3.5,3,6.5,9],"texture":"#0"},"east":{"uv":[3.5,3,6.5,9],"texture":"#0"},"south":{"uv":[3.5,3,6.5,9],"texture":"#0"},"west":{"uv":[3.5,3,6.5,9],"texture":"#0"},"up":{"uv":[3.5,0,6.5,3],"texture":"#0"}}},{"name":"cube inverted","from":[11,7.75,11],"to":[5,-4.25,5],"faces":{"north":{"uv":[3.5,9,6.5,3],"texture":"#0"},"east":{"uv":[3.5,9,6.5,3],"texture":"#0"},"south":{"uv":[3.5,9,6.5,3],"texture":"#0"},"west":{"uv":[3.5,9,6.5,3],"texture":"#0"},"down":{"uv":[6.5,0,3.5,3],"texture":"#0"}}},{"from":[8,24,5],"to":[8,32,12],"rotation":{"angle":0,"axis":"y","origin":[7.5,20,8]},"faces":{"east":{"uv":[0,0,3.5,4],"texture":"#0"},"west":{"uv":[3.5,0,0,4],"texture":"#0"}}},{"from":[8,-14,5],"to":[8,2,11],"rotation":{"angle":0,"axis":"y","origin":[8,-6,8]},"faces":{"east":{"uv":[5,0,11,16],"texture":"#2","tintindex":0},"west":{"uv":[5,0,11,16],"texture":"#2","tintindex":0}}},{"from":[5,2,5],"to":[11,2,11],"faces":{"down":{"uv":[3.5,9,6.5,12],"texture":"#0","tintindex":0}}}],"display":{"thirdperson_righthand":{"rotation":[-7,32,-7],"translation":[-2.40625,-9.73437,3.4375],"scale":[0.9375,0.9375,0.9375]},"thirdperson_lefthand":{"rotation":[-7,-32,7],"translation":[0.5,-10.25,3]},"firstperson_righthand":{"translation":[10,0,0],"scale":[0,0,0]},"firstperson_lefthand":{"translation":[10,0,0],"scale":[0,0,0]},"ground":{"rotation":[-49,0,0],"translation":[0,3.75,0],"scale":[0.32,0.32,0.32]},"gui":{"rotation":[-41,-46,-76],"translation":[-0.75,-1,0],"scale":[0.41,0.41,0.41]},"head":{"scale":[1.6,1.6,1.6]}}}