{"credit":"Made with Blockbench","texture_size":[32,32],"textures":{"0":"custom/cosmetics/witch/witch_hat","particle":"custom/cosmetics/witch/witch_hat"},"elements":[{"from":[3.75,-0.25,3.75],"to":[12.25,4.25,12.25],"rotation":{"angle":0,"axis":"y","origin":[12,8,12]},"faces":{"north":{"uv":[4,6,8,8],"texture":"#0","tintindex":0},"east":{"uv":[4,6,8,8],"texture":"#0","tintindex":0},"south":{"uv":[4,6,8,8],"texture":"#0","tintindex":0},"west":{"uv":[4,6,8,8],"texture":"#0","tintindex":0}}},{"from":[4.95,2.95,4.95],"to":[11.05,9.05,11.05],"rotation":{"angle":22.5,"axis":"x","origin":[8,3,8]},"faces":{"north":{"uv":[4,8,7,11],"texture":"#0","tintindex":0},"east":{"uv":[4,8,7,11],"texture":"#0","tintindex":0},"south":{"uv":[4,8,7,11],"texture":"#0","tintindex":0},"west":{"uv":[4,8,7,11],"texture":"#0","tintindex":0},"up":{"uv":[1.5,0,4.5,3],"texture":"#0","tintindex":0}}},{"from":[6.45,7.95,7.95],"to":[9.55,14.05,11.05],"rotation":{"angle":45,"axis":"x","origin":[8,8,9.5]},"faces":{"north":{"uv":[7,8,8.5,11],"texture":"#0","tintindex":0},"east":{"uv":[7,8,8.5,11],"texture":"#0","tintindex":0},"south":{"uv":[7,8,8.5,11],"texture":"#0","tintindex":0},"west":{"uv":[7,8,8.5,11],"texture":"#0","tintindex":0},"up":{"uv":[4.5,0,6,1.5],"texture":"#0","tintindex":0}}},{"from":[12.25,4.25,12.25],"to":[3.75,-0.25,3.75],"rotation":{"angle":0,"axis":"y","origin":[20,12,20]},"faces":{"north":{"uv":[4,6,8,8],"rotation":180,"texture":"#0"},"east":{"uv":[4,6,8,8],"rotation":180,"texture":"#0"},"south":{"uv":[4,6,8,8],"rotation":180,"texture":"#0"},"west":{"uv":[4,6,8,8],"rotation":180,"texture":"#0"}}},{"from":[5,3,5],"to":[11,9,11],"rotation":{"angle":22.5,"axis":"x","origin":[8,3,8]},"faces":{"north":{"uv":[0,3,3,6],"texture":"#0"},"east":{"uv":[0,3,3,6],"texture":"#0"},"south":{"uv":[0,3,3,6],"texture":"#0"},"west":{"uv":[0,3,3,6],"texture":"#0"},"up":{"uv":[1.5,0,4.5,3],"texture":"#0"},"down":{"uv":[0.5,8.5,3.5,11.5],"texture":"#0"}}},{"from":[6.5,8,8],"to":[9.5,14,11],"rotation":{"angle":45,"axis":"x","origin":[8,8,9.5]},"faces":{"north":{"uv":[0,0,1.5,3],"texture":"#0"},"east":{"uv":[0,0,1.5,3],"texture":"#0"},"south":{"uv":[0,0,1.5,3],"texture":"#0"},"west":{"uv":[0,0,1.5,3],"texture":"#0"},"up":{"uv":[4.5,0,6,1.5],"texture":"#0"},"down":{"uv":[1,9.5,2.5,11],"texture":"#0"}}},{"from":[0,0,0],"to":[16,0,16],"faces":{"up":{"uv":[8,0,16,8],"texture":"#0"},"down":{"uv":[8,0,16,8],"texture":"#0"}}},{"from":[4,0,4],"to":[12,4,12],"rotation":{"angle":0,"axis":"y","origin":[12,8,12]},"faces":{"north":{"uv":[0,6,4,8],"texture":"#0"},"east":{"uv":[0,6,4,8],"texture":"#0"},"south":{"uv":[0,6,4,8],"texture":"#0"},"west":{"uv":[0,6,4,8],"texture":"#0"},"up":{"uv":[0,8,4,12],"texture":"#0"}}}],"display":{"thirdperson_righthand":{"rotation":[104.0,0,0],"translation":[-1.0,-4.03125,23.417969],"scale":[1.1308594,1.1308594,1.1308594]},"thirdperson_lefthand":{"rotation":[55,45,0],"translation":[0,1,1.75],"scale":[0.4,0.4,0.4]},"firstperson_righthand":{"rotation":[0,96,0],"translation":[10,2.25,-6.75]},"firstperson_lefthand":{"rotation":[0,96,0],"translation":[10,2.25,-6.75]},"ground":{"translation":[0,4.5,0],"scale":[0.4,0.4,0.4]},"gui":{"rotation":[30,145,0],"translation":[0,1.75,0],"scale":[0.83,0.83,0.83]},"head":{"rotation":[14,0,0],"translation":[0,16.5,3.25],"scale":[1.93,1.93,1.93]},"fixed":{"rotation":[-90,0,0],"translation":[0,0,-16.25],"scale":[2,2,2]}}}