{"credit":"Made with Blockbench","texture_size":[64,64],"textures":{"0":"custom/cosmetics/spring/bonnet","particle":"custom/cosmetics/spring/bonnet"},"elements":[{"from":[1,0,8],"to":[15,14,15],"faces":{"north":{"uv":[3.5,1.75,7,5.25],"texture":"#0","tintindex":0},"east":{"uv":[8.75,1.75,7,5.25],"texture":"#0","tintindex":0},"south":{"uv":[0,1.75,3.5,5.25],"texture":"#0","tintindex":0},"west":{"uv":[7,1.75,8.75,5.25],"texture":"#0","tintindex":0},"up":{"uv":[0,1.75,3.5,0],"texture":"#0","tintindex":0},"down":{"uv":[3.5,0,7,1.75],"texture":"#0","tintindex":0}}},{"from":[3,0,0],"to":[13,11,8],"faces":{"east":{"uv":[8.75,2,10.75,4.75],"texture":"#0","tintindex":0},"west":{"uv":[10.75,2,8.75,4.75],"texture":"#0","tintindex":0},"up":{"uv":[9,2,11.5,0],"texture":"#0","tintindex":0}}},{"from":[3,0,0],"to":[13,11,8],"faces":{"east":{"uv":[10.75,2,12.75,4.75],"texture":"#0"},"west":{"uv":[12.75,2,10.75,4.75],"texture":"#0"},"up":{"uv":[11.5,2,14,0],"texture":"#0"}}},{"name":"cube inverted","from":[13,11,8],"to":[3,0,0],"faces":{"east":{"uv":[12.75,4.75,10.75,2],"texture":"#0"},"west":{"uv":[10.75,4.75,12.75,2],"texture":"#0"},"down":{"uv":[14,2,11.5,0],"texture":"#0"}}},{"name":"cube inverted","from":[13,11,8],"to":[3,0,0],"faces":{"east":{"uv":[10.75,4.75,8.75,2],"texture":"#0","tintindex":0},"west":{"uv":[8.75,4.75,10.75,2],"texture":"#0","tintindex":0},"down":{"uv":[11.5,2,9,0],"texture":"#0","tintindex":0}}},{"from":[3,-3.43225,4.38163],"to":[13,0.56775,4.38163],"rotation":{"angle":-45,"axis":"x","origin":[8,-1.43225,4.38163]},"faces":{"north":{"uv":[0,5.25,2.5,6.25],"texture":"#0","tintindex":0},"south":{"uv":[0,5.25,2.5,6.25],"texture":"#0","tintindex":0}}}],"display":{"gui":{"rotation":[23,135,0],"translation":[-0.75,0.75,0],"scale":[0.7,0.7,0.7]},"head":{"rotation":[20,0,0],"translation":[0,4.25,4],"scale":[1.6,1.6,1.6]},"thirdperson_righthand":{"rotation":[110.0,0,0],"translation":[-1.0,-4.5,16.240234],"scale":[0.9375,0.9375,0.9375]}}}