{"credit":"Made with Blockbench","texture_size":[32,32],"textures":{"0":"custom/cosmetics/valentine/heart_headband","1":"custom/cosmetics/spring/butterfly_antennae","particle":"custom/cosmetics/valentine/heart_headband"},"elements":[{"from":[3,0,6],"to":[13,6,10],"faces":{"north":{"uv":[0,2,5,5],"texture":"#0","tintindex":0},"east":{"uv":[5,2,7,5],"texture":"#0","tintindex":0},"south":{"uv":[0,2,5,5],"texture":"#0","tintindex":0},"west":{"uv":[5,2,7,5],"texture":"#0","tintindex":0},"up":{"uv":[0,0,5,2],"texture":"#0","tintindex":0},"down":{"uv":[0,4.5,5,5],"texture":"#0","tintindex":0}}},{"name":"cube inverted","from":[13,6,10],"to":[3,0,6],"faces":{"north":{"uv":[0,5,5,2],"texture":"#0","tintindex":0},"east":{"uv":[5,5,7,2],"texture":"#0","tintindex":0},"south":{"uv":[0,5,5,2],"texture":"#0","tintindex":0},"west":{"uv":[5,5,7,2],"texture":"#0","tintindex":0},"up":{"uv":[5,4.5,0,5],"texture":"#0","tintindex":0},"down":{"uv":[5,0,0,2],"texture":"#0","tintindex":0}}},{"from":[9,5,8],"to":[17,19,8],"rotation":{"angle":-22.5,"axis":"z","origin":[11,6,8]},"faces":{"north":{"uv":[0,0,8,14],"texture":"#1","tintindex":0},"south":{"uv":[8,0,0,14],"texture":"#1","tintindex":0}}},{"from":[-1,5,8],"to":[7,19,8],"rotation":{"angle":22.5,"axis":"z","origin":[5,6,8]},"faces":{"north":{"uv":[8,0,0,14],"texture":"#1","tintindex":0},"south":{"uv":[0,0,8,14],"texture":"#1","tintindex":0}}}],"display":{"thirdperson_righthand":{"rotation":[99.0,0,0],"translation":[-1.0,-2.625,20.048828],"scale":[0.9375,0.9375,0.9375]},"gui":{"rotation":[30,-45,0],"translation":[0,-0.75,0],"scale":[0.66,0.66,0.66]},"head":{"rotation":[9,0,0],"translation":[0,10.75,1],"scale":[1.6,1.6,1.6]}}}