{"multipart":[{"when":{"north":"false","east":"false","south":"false","west":"false","attached":"false","disarmed":"false","powered":"false"},"apply":{"model":"custom/ui/empty_button"}},{"when":{"north":"true","east":"false","south":"false","west":"false","attached":"false","disarmed":"false","powered":"false"},"apply":[{"model":"custom/plants/fungus_cover"},{"model":"custom/plants/fungus_cover","y":90},{"model":"custom/plants/fungus_cover","y":180},{"model":"custom/plants/fungus_cover","y":270}]},{"when":{"north":"false","east":"true","south":"false","west":"false","attached":"false","disarmed":"false","powered":"false"},"apply":[{"model":"custom/plants/flower_cover_red"},{"model":"custom/plants/flower_cover_red","y":90},{"model":"custom/plants/flower_cover_red","y":180},{"model":"custom/plants/flower_cover_red","y":270}]},{"when":{"north":"true","east":"true","south":"false","west":"false","attached":"false","disarmed":"false","powered":"false"},"apply":[{"model":"custom/plants/flower_cover"},{"model":"custom/plants/flower_cover","y":90},{"model":"custom/plants/flower_cover","y":180},{"model":"custom/plants/flower_cover","y":270}]},{"when":{"north":"false","east":"false","south":"true","west":"false","attached":"false","disarmed":"false","powered":"false"},"apply":[{"model":"custom/plants/flower_cover_pink"},{"model":"custom/plants/flower_cover_pink","y":90},{"model":"custom/plants/flower_cover_pink","y":180},{"model":"custom/plants/flower_cover_pink","y":270}]},{"when":{"north":"true","east":"false","south":"true","west":"false","attached":"false","disarmed":"false","powered":"false"},"apply":{"model":"custom/plants/cattail_land"}},{"when":{"north":"false","east":"true","south":"true","west":"false","attached":"false","disarmed":"false","powered":"false"},"apply":{"model":"block/anvil","y":90}},{"when":{"north":"true","east":"true","south":"true","west":"false","attached":"false","disarmed":"false","powered":"false"},"apply":{"model":"custom/plants/lotus_white"}},{"when":{"north":"false","east":"false","south":"false","west":"true","attached":"false","disarmed":"false","powered":"false"},"apply":[{"model":"custom/plants/flower_cover_blue"},{"model":"custom/plants/flower_cover_blue","y":90},{"model":"custom/plants/flower_cover_blue","y":180},{"model":"custom/plants/flower_cover_blue","y":270}]},{"when":{"north":"true","east":"false","south":"false","west":"true","attached":"false","disarmed":"false","powered":"false"},"apply":{"model":"custom/decorations/lamppost_base"}},{"when":{"north":"false","east":"true","south":"false","west":"true","attached":"false","disarmed":"false","powered":"false"},"apply":{"model":"custom/plants/cattail"}},{"when":{"north":"true","east":"true","south":"false","west":"true","attached":"false","disarmed":"false","powered":"false"},"apply":[{"model":"custom/plants/small_lily"},{"model":"custom/plants/small_lily","y":90},{"model":"custom/plants/small_lily","y":180},{"model":"custom/plants/small_lily","y":270}]},{"when":{"north":"false","east":"false","south":"true","west":"true","attached":"false","disarmed":"false","powered":"false"},"apply":{"model":"block/anvil"}},{"when":{"north":"true","east":"false","south":"true","west":"true","attached":"false","disarmed":"false","powered":"false"},"apply":{"model":"custom/plants/lotus_pink"}},{"when":{"north":"false","east":"true","south":"true","west":"true","attached":"false","disarmed":"false","powered":"false"},"apply":{"model":"custom/plants/lotus_purple"}},{"when":{"north":"true","east":"true","south":"true","west":"true","attached":"false","disarmed":"false","powered":"false"},"apply":[{"model":"custom/plants/water_clover"},{"model":"custom/plants/water_clover","y":90},{"model":"custom/plants/water_clover","y":180},{"model":"custom/plants/water_clover","y":270}]},{"when":{"north":"false","east":"false","south":"false","west":"false","attached":"true","disarmed":"false","powered":"false"},"apply":[{"model":"custom/plants/clover_tall"},{"model":"custom/plants/clover_tall","y":90},{"model":"custom/plants/clover_tall","y":180},{"model":"custom/plants/clover_tall","y":270}]},{"when":{"north":"true","east":"false","south":"false","west":"false","attached":"true","disarmed":"false","powered":"false"},"apply":[{"model":"custom/plants/clover"},{"model":"custom/plants/clover","y":90},{"model":"custom/plants/clover","y":180},{"model":"custom/plants/clover","y":270},{"model":"custom/plants/clover_tall"},{"model":"custom/plants/clover_tall","y":90},{"model":"custom/plants/clover_tall","y":180},{"model":"custom/plants/clover_tall","y":270}]},{"when":{"north":"false","east":"true","south":"false","west":"false","attached":"true","disarmed":"false","powered":"false"},"apply":{"model":"custom/decorations/candle_2"}},{"when":{"north":"true","east":"true","south":"false","west":"false","attached":"true","disarmed":"false","powered":"false"},"apply":{"model":"custom/decorations/tall_torch"}},{"when":{"north":"false","east":"false","south":"true","west":"false","attached":"true","disarmed":"false","powered":"false"},"apply":{"model":"custom/decorations/candle_1"}},{"when":{"north":"true","east":"false","south":"true","west":"false","attached":"true","disarmed":"false","powered":"false"},"apply":[{"model":"custom/decorations/leaf_pile_fall"},{"model":"custom/decorations/leaf_pile_fall","y":90},{"model":"custom/decorations/leaf_pile_fall","y":180},{"model":"custom/decorations/leaf_pile_fall","y":270}]},{"when":{"north":"false","east":"true","south":"true","west":"false","attached":"true","disarmed":"false","powered":"false"},"apply":{"model":"custom/decorations/2d_cobble_pattern"}},{"when":{"north":"true","east":"true","south":"true","west":"false","attached":"true","disarmed":"false","powered":"false"},"apply":[{"model":"custom/decorations/rock_2"},{"model":"custom/decorations/rock_2","y":90},{"model":"custom/decorations/rock_2","y":180},{"model":"custom/decorations/rock_2","y":270}]},{"when":{"north":"false","east":"false","south":"false","west":"true","attached":"true","disarmed":"false","powered":"false"},"apply":{"model":"custom/decorations/candle_3"}},{"when":{"north":"true","east":"false","south":"false","west":"true","attached":"true","disarmed":"false","powered":"false"},"apply":[{"model":"custom/decorations/leaf_pile_spruce"},{"model":"custom/decorations/leaf_pile_spruce","y":90},{"model":"custom/decorations/leaf_pile_spruce","y":180},{"model":"custom/decorations/leaf_pile_spruce","y":270}]},{"when":{"north":"false","east":"true","south":"false","west":"true","attached":"true","disarmed":"false","powered":"false"},"apply":[{"model":"custom/decorations/rock_1"},{"model":"custom/decorations/rock_1","y":90},{"model":"custom/decorations/rock_1","y":180},{"model":"custom/decorations/rock_1","y":270}]},{"when":{"north":"true","east":"true","south":"false","west":"true","attached":"true","disarmed":"false","powered":"false"},"apply":[{"model":"custom/decorations/pebbles_2"},{"model":"custom/decorations/pebbles_2","y":90},{"model":"custom/decorations/pebbles_2","y":180},{"model":"custom/decorations/pebbles_2","y":270}]},{"when":{"north":"false","east":"false","south":"true","west":"true","attached":"true","disarmed":"false","powered":"false"},"apply":[{"model":"custom/decorations/leaf_pile_oak"},{"model":"custom/decorations/leaf_pile_oak","y":90},{"model":"custom/decorations/leaf_pile_oak","y":180},{"model":"custom/decorations/leaf_pile_oak","y":270}]},{"when":{"north":"true","east":"false","south":"true","west":"true","attached":"true","disarmed":"false","powered":"false"},"apply":[{"model":"custom/decorations/pebbles_1"},{"model":"custom/decorations/pebbles_1","y":90},{"model":"custom/decorations/pebbles_1","y":180},{"model":"custom/decorations/pebbles_1","y":270}]},{"when":{"north":"false","east":"true","south":"true","west":"true","attached":"true","disarmed":"false","powered":"false"},"apply":[{"model":"custom/decorations/rock_3"},{"model":"custom/decorations/rock_3","y":90},{"model":"custom/decorations/rock_3","y":180},{"model":"custom/decorations/rock_3","y":270}]},{"when":{"north":"true","east":"true","south":"true","west":"true","attached":"true","disarmed":"false","powered":"false"},"apply":[{"model":"custom/decorations/pebbles_3"},{"model":"custom/decorations/pebbles_3","y":90},{"model":"custom/decorations/pebbles_3","y":180},{"model":"custom/decorations/pebbles_3","y":270}]},{"when":{"north":"false","east":"false","south":"false","west":"false","attached":"false","disarmed":"true","powered":"false"},"apply":{"model":"custom/decorations/hay_cover"}},{"when":{"north":"true","east":"false","south":"false","west":"false","attached":"false","disarmed":"true","powered":"false"},"apply":[{"model":"custom/decorations/mud_cover"},{"model":"custom/decorations/mud_cover","y":90},{"model":"custom/decorations/mud_cover","y":180},{"model":"custom/decorations/mud_cover","y":270}]},{"when":{"north":"false","east":"true","south":"false","west":"false","attached":"false","disarmed":"true","powered":"false"},"apply":{"model":"block/tripwire_n"}},{"when":{"north":"true","east":"true","south":"false","west":"false","attached":"false","disarmed":"true","powered":"false"},"apply":{"model":"custom/misc_blocks/crystals/green/green_crystal"}},{"when":{"north":"false","east":"false","south":"true","west":"false","attached":"false","disarmed":"true","powered":"false"},"apply":{"model":"custom/misc_blocks/crystals/green/green_crystal","x":180}},{"when":{"north":"true","east":"false","south":"true","west":"false","attached":"false","disarmed":"true","powered":"false"},"apply":{"model":"custom/misc_blocks/crystals/blue/blue_crystal"}},{"when":{"north":"false","east":"true","south":"true","west":"false","attached":"false","disarmed":"true","powered":"false"},"apply":{"model":"custom/misc_blocks/crystals/blue/blue_crystal","x":180}},{"when":{"north":"true","east":"true","south":"true","west":"false","attached":"false","disarmed":"true","powered":"false"},"apply":{"model":"custom/misc_blocks/crystals/red/red_crystal"}},{"when":{"north":"false","east":"false","south":"false","west":"true","attached":"false","disarmed":"true","powered":"false"},"apply":{"model":"custom/misc_blocks/crystals/red/red_crystal","x":180}},{"when":{"north":"true","east":"false","south":"false","west":"true","attached":"false","disarmed":"true","powered":"false"},"apply":{"model":"custom/misc_blocks/crystals/orange/orange_crystal"}},{"when":{"north":"false","east":"true","south":"false","west":"true","attached":"false","disarmed":"true","powered":"false"},"apply":{"model":"custom/misc_blocks/crystals/orange/orange_crystal","x":180}},{"when":{"north":"true","east":"true","south":"false","west":"true","attached":"false","disarmed":"true","powered":"false"},"apply":{"model":"custom/misc_blocks/crystals/purple/purple_crystal"}},{"when":{"north":"false","east":"false","south":"true","west":"true","attached":"false","disarmed":"true","powered":"false"},"apply":{"model":"custom/misc_blocks/crystals/purple/purple_crystal","x":180}},{"when":{"north":"true","east":"false","south":"true","west":"true","attached":"false","disarmed":"true","powered":"false"},"apply":{"model":"custom/misc_blocks/crystals/yellow/yellow_crystal"}},{"when":{"north":"false","east":"true","south":"true","west":"true","attached":"false","disarmed":"true","powered":"false"},"apply":{"model":"custom/misc_blocks/crystals/yellow/yellow_crystal","x":180}},{"when":{"north":"true","east":"true","south":"true","west":"true","attached":"false","disarmed":"true","powered":"false"},"apply":{"model":"custom/plants/orange_mycena"}},{"when":{"north":"false","east":"false","south":"false","west":"false","attached":"true","disarmed":"true","powered":"false"},"apply":[{"model":"custom/plants/moss_cover"},{"model":"custom/plants/moss_cover","y":90},{"model":"custom/plants/moss_cover","y":180},{"model":"custom/plants/moss_cover","y":270}]},{"when":{"north":"true","east":"false","south":"false","west":"false","attached":"true","disarmed":"true","powered":"false"},"apply":{"model":"custom/ui/empty_button"}},{"when":{"north":"false","east":"true","south":"false","west":"false","attached":"true","disarmed":"true","powered":"false"},"apply":{"model":"custom/misc_blocks/ice/frost"}},{"when":{"north":"true","east":"true","south":"false","west":"false","attached":"true","disarmed":"true","powered":"false"},"apply":{"model":"block/tripwire_n"}},{"when":{"north":"false","east":"false","south":"true","west":"false","attached":"true","disarmed":"true","powered":"false"},"apply":{"model":"block/tripwire_n"}},{"when":{"north":"true","east":"false","south":"true","west":"false","attached":"true","disarmed":"true","powered":"false"},"apply":{"model":"block/tripwire_n"}},{"when":{"north":"false","east":"true","south":"true","west":"false","attached":"true","disarmed":"true","powered":"false"},"apply":{"model":"block/tripwire_n"}},{"when":{"north":"true","east":"true","south":"true","west":"false","attached":"true","disarmed":"true","powered":"false"},"apply":{"model":"block/tripwire_n"}},{"when":{"north":"false","east":"false","south":"false","west":"true","attached":"true","disarmed":"true","powered":"false"},"apply":{"model":"block/tripwire_n"}},{"when":{"north":"true","east":"false","south":"false","west":"true","attached":"true","disarmed":"true","powered":"false"},"apply":{"model":"block/tripwire_n"}},{"when":{"north":"false","east":"true","south":"false","west":"true","attached":"true","disarmed":"true","powered":"false"},"apply":{"model":"block/tripwire_n"}},{"when":{"north":"true","east":"true","south":"false","west":"true","attached":"true","disarmed":"true","powered":"false"},"apply":{"model":"block/tripwire_n"}},{"when":{"north":"false","east":"false","south":"true","west":"true","attached":"true","disarmed":"true","powered":"false"},"apply":{"model":"block/tripwire_n"}},{"when":{"north":"true","east":"false","south":"true","west":"true","attached":"true","disarmed":"true","powered":"false"},"apply":{"model":"block/tripwire_n"}},{"when":{"north":"false","east":"true","south":"true","west":"true","attached":"true","disarmed":"true","powered":"false"},"apply":{"model":"block/tripwire_n"}},{"when":{"north":"true","east":"true","south":"true","west":"true","attached":"true","disarmed":"true","powered":"false"},"apply":{"model":"block/tripwire_n"}},{"when":{"north":"false","east":"false","south":"false","west":"false","attached":"false","disarmed":"false","powered":"true"},"apply":{"model":"block/bookshelf"}},{"when":{"north":"true","east":"false","south":"false","west":"false","attached":"false","disarmed":"false","powered":"true"},"apply":{"model":"custom/plants/grass_sprouts"}},{"when":{"north":"false","east":"true","south":"false","west":"false","attached":"false","disarmed":"false","powered":"true"},"apply":{"model":"custom/plants/large_orange_mycena"}},{"when":{"north":"true","east":"true","south":"false","west":"false","attached":"false","disarmed":"false","powered":"true"},"apply":{"model":"custom/plants/toxic_mushroom"}},{"when":{"north":"false","east":"false","south":"true","west":"false","attached":"false","disarmed":"false","powered":"true"},"apply":{"model":"custom/plants/toxic_mushroom","x":180}},{"when":{"north":"true","east":"false","south":"true","west":"false","attached":"false","disarmed":"false","powered":"true"},"apply":{"model":"custom/plants/moss_hang"}},{"when":{"north":"false","east":"true","south":"true","west":"false","attached":"false","disarmed":"false","powered":"true"},"apply":{"model":"block/tripwire_n"}},{"when":{"north":"true","east":"true","south":"true","west":"false","attached":"false","disarmed":"false","powered":"true"},"apply":{"model":"block/tripwire_n"}},{"when":{"north":"false","east":"false","south":"false","west":"true","attached":"false","disarmed":"false","powered":"true"},"apply":{"model":"block/tripwire_n"}},{"when":{"north":"true","east":"false","south":"false","west":"true","attached":"false","disarmed":"false","powered":"true"},"apply":{"model":"block/tripwire_n"}},{"when":{"north":"false","east":"true","south":"false","west":"true","attached":"false","disarmed":"false","powered":"true"},"apply":{"model":"custom/misc_blocks/ice/icicle"}},{"when":{"north":"true","east":"true","south":"false","west":"true","attached":"false","disarmed":"false","powered":"true"},"apply":{"model":"custom/misc_blocks/ice/icicle","x":180}},{"when":{"north":"false","east":"false","south":"true","west":"true","attached":"false","disarmed":"false","powered":"true"},"apply":{"model":"custom/misc_blocks/crystals/white/white_crystal"}},{"when":{"north":"true","east":"false","south":"true","west":"true","attached":"false","disarmed":"false","powered":"true"},"apply":{"model":"custom/misc_blocks/crystals/white/white_crystal","x":180}},{"when":{"north":"false","east":"true","south":"true","west":"true","attached":"false","disarmed":"false","powered":"true"},"apply":{"model":"custom/plants/dry_bush"}},{"when":{"north":"true","east":"true","south":"true","west":"true","attached":"false","disarmed":"false","powered":"true"},"apply":{"model":"custom/plants/tall_dry_bush"}},{"when":{"north":"false","east":"false","south":"false","west":"false","attached":"true","disarmed":"false","powered":"true"},"apply":{"model":"block/tripwire_n"}},{"when":{"north":"true","east":"false","south":"false","west":"false","attached":"true","disarmed":"false","powered":"true"},"apply":{"model":"block/tripwire_n"}},{"when":{"north":"false","east":"true","south":"false","west":"false","attached":"true","disarmed":"false","powered":"true"},"apply":{"model":"block/tripwire_n"}},{"when":{"north":"true","east":"true","south":"false","west":"false","attached":"true","disarmed":"false","powered":"true"},"apply":{"model":"block/tripwire_n"}},{"when":{"north":"false","east":"false","south":"true","west":"false","attached":"true","disarmed":"false","powered":"true"},"apply":{"model":"block/tripwire_n"}},{"when":{"north":"true","east":"false","south":"true","west":"false","attached":"true","disarmed":"false","powered":"true"},"apply":{"model":"block/tripwire_n"}},{"when":{"north":"false","east":"true","south":"true","west":"false","attached":"true","disarmed":"false","powered":"true"},"apply":{"model":"block/tripwire_n"}},{"when":{"north":"true","east":"true","south":"true","west":"false","attached":"true","disarmed":"false","powered":"true"},"apply":{"model":"block/tripwire_n"}},{"when":{"north":"false","east":"false","south":"false","west":"true","attached":"true","disarmed":"false","powered":"true"},"apply":{"model":"block/tripwire_n"}},{"when":{"north":"true","east":"false","south":"false","west":"true","attached":"true","disarmed":"false","powered":"true"},"apply":{"model":"block/tripwire_n"}},{"when":{"north":"false","east":"true","south":"false","west":"true","attached":"true","disarmed":"false","powered":"true"},"apply":{"model":"block/tripwire_n"}},{"when":{"north":"true","east":"true","south":"false","west":"true","attached":"true","disarmed":"false","powered":"true"},"apply":{"model":"block/tripwire_n"}},{"when":{"north":"false","east":"false","south":"true","west":"true","attached":"true","disarmed":"false","powered":"true"},"apply":{"model":"block/tripwire_n"}},{"when":{"north":"true","east":"false","south":"true","west":"true","attached":"true","disarmed":"false","powered":"true"},"apply":{"model":"block/tripwire_n"}},{"when":{"north":"false","east":"true","south":"true","west":"true","attached":"true","disarmed":"false","powered":"true"},"apply":{"model":"block/tripwire_n"}},{"when":{"north":"true","east":"true","south":"true","west":"true","attached":"true","disarmed":"false","powered":"true"},"apply":{"model":"block/tripwire_n"}},{"when":{"north":"false","east":"false","south":"false","west":"false","attached":"false","disarmed":"true","powered":"true"},"apply":{"model":"block/bookshelf"}},{"when":{"north":"true","east":"false","south":"false","west":"false","attached":"false","disarmed":"true","powered":"true"},"apply":{"model":"custom/plants/tall_dead_bush"}},{"when":{"north":"false","east":"true","south":"false","west":"false","attached":"false","disarmed":"true","powered":"true"},"apply":{"model":"custom/plants/amaryllis"}},{"when":{"north":"true","east":"true","south":"false","west":"false","attached":"false","disarmed":"true","powered":"true"},"apply":{"model":"custom/plants/beach_grass"}},{"when":{"north":"false","east":"false","south":"true","west":"false","attached":"false","disarmed":"true","powered":"true"},"apply":{"model":"custom/plants/pampas"}},{"when":{"north":"true","east":"false","south":"true","west":"false","attached":"false","disarmed":"true","powered":"true"},"apply":{"model":"custom/plants/frosted_grass"}},{"when":{"north":"false","east":"true","south":"true","west":"false","attached":"false","disarmed":"true","powered":"true"},"apply":{"model":"custom/plants/cotton_grass"}},{"when":{"north":"true","east":"true","south":"true","west":"false","attached":"false","disarmed":"true","powered":"true"},"apply":{"model":"block/tripwire_n"}},{"when":{"north":"false","east":"false","south":"false","west":"true","attached":"false","disarmed":"true","powered":"true"},"apply":{"model":"block/tripwire_n"}},{"when":{"north":"true","east":"false","south":"false","west":"true","attached":"false","disarmed":"true","powered":"true"},"apply":{"model":"block/tripwire_n"}},{"when":{"north":"false","east":"true","south":"false","west":"true","attached":"false","disarmed":"true","powered":"true"},"apply":{"model":"block/tripwire_n"}},{"when":{"north":"true","east":"true","south":"false","west":"true","attached":"false","disarmed":"true","powered":"true"},"apply":{"model":"block/tripwire_n"}},{"when":{"north":"false","east":"false","south":"true","west":"true","attached":"false","disarmed":"true","powered":"true"},"apply":{"model":"block/tripwire_n"}},{"when":{"north":"true","east":"false","south":"true","west":"true","attached":"false","disarmed":"true","powered":"true"},"apply":{"model":"block/tripwire_n"}},{"when":{"north":"false","east":"true","south":"true","west":"true","attached":"false","disarmed":"true","powered":"true"},"apply":{"model":"block/tripwire_n"}},{"when":{"north":"true","east":"true","south":"true","west":"true","attached":"false","disarmed":"true","powered":"true"},"apply":{"model":"block/tripwire_n"}},{"when":{"north":"false","east":"false","south":"false","west":"false","attached":"true","disarmed":"true","powered":"true"},"apply":{"model":"block/tripwire_n"}},{"when":{"north":"true","east":"false","south":"false","west":"false","attached":"true","disarmed":"true","powered":"true"},"apply":{"model":"block/tripwire_n"}},{"when":{"north":"false","east":"true","south":"false","west":"false","attached":"true","disarmed":"true","powered":"true"},"apply":{"model":"block/tripwire_n"}},{"when":{"north":"true","east":"true","south":"false","west":"false","attached":"true","disarmed":"true","powered":"true"},"apply":{"model":"block/tripwire_n"}},{"when":{"north":"false","east":"false","south":"true","west":"false","attached":"true","disarmed":"true","powered":"true"},"apply":{"model":"block/tripwire_n"}},{"when":{"north":"true","east":"false","south":"true","west":"false","attached":"true","disarmed":"true","powered":"true"},"apply":{"model":"block/tripwire_n"}},{"when":{"north":"false","east":"true","south":"true","west":"false","attached":"true","disarmed":"true","powered":"true"},"apply":{"model":"block/tripwire_n"}},{"when":{"north":"true","east":"true","south":"true","west":"false","attached":"true","disarmed":"true","powered":"true"},"apply":{"model":"block/tripwire_n"}},{"when":{"north":"false","east":"false","south":"false","west":"true","attached":"true","disarmed":"true","powered":"true"},"apply":{"model":"block/tripwire_n"}},{"when":{"north":"true","east":"false","south":"false","west":"true","attached":"true","disarmed":"true","powered":"true"},"apply":{"model":"block/tripwire_n"}},{"when":{"north":"false","east":"true","south":"false","west":"true","attached":"true","disarmed":"true","powered":"true"},"apply":{"model":"block/tripwire_n"}},{"when":{"north":"true","east":"true","south":"false","west":"true","attached":"true","disarmed":"true","powered":"true"},"apply":{"model":"block/tripwire_n"}},{"when":{"north":"false","east":"false","south":"true","west":"true","attached":"true","disarmed":"true","powered":"true"},"apply":{"model":"block/tripwire_n"}},{"when":{"north":"true","east":"false","south":"true","west":"true","attached":"true","disarmed":"true","powered":"true"},"apply":{"model":"custom/furniture/park_bench"}},{"when":{"north":"false","east":"true","south":"true","west":"true","attached":"true","disarmed":"true","powered":"true"},"apply":{"model":"custom/plants/banana_tree_3"}},{"when":{"north":"true","east":"true","south":"true","west":"true","attached":"true","disarmed":"true","powered":"true"},"apply":{"model":"block/wheat_stage7"}}]}