{"credit":"Made with Blockbench","texture_size":[32,32],"textures":{"0":"custom/cosmetics/badger/crop_basket","particle":"custom/cosmetics/badger/crop_basket"},"elements":[{"from":[2.5,0,2.5],"to":[13.5,13,13.5],"faces":{"north":{"uv":[0,5.5,5.5,12],"texture":"#0"},"east":{"uv":[0,5.5,5.5,12],"texture":"#0"},"south":{"uv":[0,5.5,5.5,12],"texture":"#0"},"west":{"uv":[0,5.5,5.5,12],"texture":"#0"},"up":{"uv":[0,0,5.5,5.5],"texture":"#0"},"down":{"uv":[5.5,0,11,5.5],"texture":"#0"}}},{"from":[2.5,0,2.5],"to":[13.5,13,13.5],"faces":{"north":{"uv":[5.5,5.5,11,12],"texture":"#0","tintindex":0},"east":{"uv":[5.5,5.5,11,12],"texture":"#0","tintindex":0},"south":{"uv":[5.5,5.5,11,12],"texture":"#0","tintindex":0},"west":{"uv":[5.5,5.5,11,12],"texture":"#0","tintindex":0}}},{"name":"cube inverted","from":[13.5,13,13.5],"to":[2.5,0,2.5],"faces":{"north":{"uv":[0,12,5.5,5.5],"texture":"#0"},"east":{"uv":[0,12,5.5,5.5],"texture":"#0"},"south":{"uv":[0,12,5.5,5.5],"texture":"#0"},"west":{"uv":[0,12,5.5,5.5],"texture":"#0"},"up":{"uv":[11,0,5.5,5.5],"texture":"#0"},"down":{"uv":[5.5,0,0,5.5],"texture":"#0"}}},{"name":"cube inverted","from":[13.5,13,13.5],"to":[2.5,0,2.5],"faces":{"north":{"uv":[5.5,12,11,5.5],"texture":"#0","tintindex":0},"east":{"uv":[5.5,12,11,5.5],"texture":"#0","tintindex":0},"south":{"uv":[5.5,12,11,5.5],"texture":"#0","tintindex":0},"west":{"uv":[5.5,12,11,5.5],"texture":"#0","tintindex":0}}},{"from":[3.5,1,3.5],"to":[12.5,10,12.5],"faces":{"north":{"uv":[11.5,0,16,4.5],"texture":"#0"},"east":{"uv":[11.5,0,16,4.5],"texture":"#0"},"south":{"uv":[11.5,0,16,4.5],"texture":"#0"},"west":{"uv":[11.5,0,16,4.5],"texture":"#0"},"up":{"uv":[11.5,4.5,16,9],"texture":"#0"}}},{"from":[11,11,10.5],"to":[13,18,12.5],"rotation":{"angle":-22.5,"axis":"z","origin":[11,14.5,11.5]},"faces":{"north":{"uv":[0,12.5,1,16],"texture":"#0"},"east":{"uv":[1,12.5,0,16],"texture":"#0"},"south":{"uv":[0,12.5,1,16],"texture":"#0"},"west":{"uv":[1,12.5,0,16],"texture":"#0"},"up":{"uv":[5,13,6,14],"texture":"#0"},"down":{"uv":[5.5,15.5,6,16],"texture":"#0"}}},{"from":[9,10,8],"to":[11,17,10],"faces":{"north":{"uv":[0,12.5,1,16],"texture":"#0"},"east":{"uv":[1,12.5,0,16],"texture":"#0"},"south":{"uv":[0,12.5,1,16],"texture":"#0"},"west":{"uv":[1,12.5,0,16],"texture":"#0"},"up":{"uv":[5,13,6,14],"texture":"#0"},"down":{"uv":[5.5,15.5,6,16],"texture":"#0"}}},{"from":[3.5,12,8],"to":[7.5,15,12],"rotation":{"angle":-22.5,"axis":"z","origin":[5.5,13.5,10]},"faces":{"north":{"uv":[1,14.5,3,16],"texture":"#0"},"east":{"uv":[3,14.5,1,16],"texture":"#0"},"south":{"uv":[1,14.5,3,16],"texture":"#0"},"west":{"uv":[3,14.5,1,16],"texture":"#0"},"up":{"uv":[1,12.5,3,14.5],"texture":"#0"},"down":{"uv":[1.5,15.5,2.5,16],"rotation":180,"texture":"#0"}}},{"from":[8.5,11,3.5],"to":[12.5,14,7.5],"faces":{"north":{"uv":[3,14.5,1,16],"texture":"#0"},"east":{"uv":[1,14.5,3,16],"texture":"#0"},"south":{"uv":[3,14.5,1,16],"texture":"#0"},"west":{"uv":[1,14.5,3,16],"texture":"#0"},"up":{"uv":[1,12.5,3,14.5],"rotation":90,"texture":"#0"},"down":{"uv":[1.5,15.5,2.5,16],"rotation":90,"texture":"#0"}}},{"from":[3.5,18,6],"to":[4.5,20,6],"rotation":{"angle":22.5,"axis":"z","origin":[5,16.75,6]},"faces":{"north":{"uv":[6.5,13,7,14],"texture":"#0"},"south":{"uv":[6.5,13,7,14],"texture":"#0"}}},{"from":[2,11,4],"to":[6,18,8],"rotation":{"angle":22.5,"axis":"z","origin":[5,16.75,6]},"faces":{"north":{"uv":[5,12.5,3,16],"texture":"#0"},"east":{"uv":[3,12.5,5,16],"texture":"#0"},"south":{"uv":[5,12.5,3,16],"texture":"#0"},"west":{"uv":[3,12.5,5,16],"texture":"#0"},"up":{"uv":[5,14,7,16],"texture":"#0"},"down":{"uv":[3.5,15,4.5,16],"texture":"#0"}}},{"from":[11,10,10],"to":[20,16,10],"rotation":{"angle":-22.5,"axis":"z","origin":[14.5,14,10]},"faces":{"north":{"uv":[7,13,11.5,16],"texture":"#0"},"south":{"uv":[11.5,13,7,16],"texture":"#0"}}},{"from":[0,12.5,8],"to":[3,15.5,8],"rotation":{"angle":22.5,"axis":"y","origin":[3.5,14.5,8]},"faces":{"north":{"uv":[13,14.5,14.5,16],"texture":"#0"},"south":{"uv":[14.5,14.5,13,16],"texture":"#0"}}},{"from":[0.03492,2.75,8.68925],"to":[3.03492,5.75,8.68925],"rotation":{"angle":-45,"axis":"y","origin":[2.03492,4.25,9.68925]},"faces":{"north":{"uv":[11.5,14.5,13,16],"texture":"#0"},"south":{"uv":[13,14.5,11.5,16],"texture":"#0"}}},{"from":[-1.96508,5.75,14.31075],"to":[1.03492,8.75,14.31075],"rotation":{"angle":45,"axis":"y","origin":[2.03492,4.25,6.31075]},"faces":{"north":{"uv":[11.5,14.5,13,16],"texture":"#0"},"south":{"uv":[13,14.5,11.5,16],"texture":"#0"}}},{"from":[14.96508,2.75,6.68925],"to":[17.96508,5.75,6.68925],"rotation":{"angle":45,"axis":"y","origin":[13.96508,4.25,9.68925]},"faces":{"north":{"uv":[13,14.5,11.5,16],"texture":"#0"},"south":{"uv":[11.5,14.5,13,16],"texture":"#0"}}}],"display":{"gui":{"rotation":[30,-45,0],"translation":[0,-0.5,0],"scale":[0.65,0.65,0.65]},"head":{"rotation":[14,0,0],"translation":[0,-51,11],"scale":[1.61,1.61,1.61]},"thirdperson_righthand":{"rotation":[104.0,0,0],"translation":[-1.0,-8.875,15.724998],"scale":[1.00625,1.00625,1.00625]}},"groups":[0,1,2,3,4,5,6,7,8,{"name":"group","origin":[0,0,0],"color":0,"children":[9,10]},11,12,13,14,15]}