{"credit":"Made with Blockbench","texture_size":[32,32],"textures":{"0":"custom/cosmetics/badger/quiver","particle":"custom/cosmetics/badger/quiver"},"elements":[{"from":[5.5,-3,5.5],"to":[10.5,13,10.5],"rotation":{"angle":45,"axis":"y","origin":[8,4.66667,8]},"faces":{"north":{"uv":[2.5,2.5,5,10.5],"texture":"#0"},"east":{"uv":[2.5,2.5,5,10.5],"texture":"#0"},"south":{"uv":[2.5,2.5,5,10.5],"texture":"#0"},"west":{"uv":[2.5,2.5,5,10.5],"texture":"#0"},"up":{"uv":[2.5,0,5,2.5],"texture":"#0"},"down":{"uv":[5,0,7.5,2.5],"texture":"#0"}}},{"from":[5.5,-3,5.5],"to":[10.5,13,10.5],"rotation":{"angle":45,"axis":"y","origin":[8,4.66667,8]},"faces":{"north":{"uv":[8,2.5,10.5,10.5],"texture":"#0","tintindex":0},"east":{"uv":[5,2.5,7.5,10.5],"texture":"#0","tintindex":0},"south":{"uv":[5,2.5,7.5,10.5],"texture":"#0","tintindex":0},"west":{"uv":[5,2.5,7.5,10.5],"texture":"#0","tintindex":0}}},{"from":[6,4.5,3.5],"to":[10,9.5,5.5],"rotation":{"angle":45,"axis":"y","origin":[8,4.66667,8]},"faces":{"north":{"uv":[2,11.5,4,14],"texture":"#0"},"east":{"uv":[5,11.5,4,14],"texture":"#0"},"south":{"uv":[4.5,11.5,5,14],"texture":"#0"},"west":{"uv":[4,11.5,5,14],"texture":"#0"},"up":{"uv":[2,10.5,4,11.5],"rotation":180,"texture":"#0"},"down":{"uv":[2,14,4,15],"rotation":180,"texture":"#0"}}},{"from":[4,1,8],"to":[9,22,8],"rotation":{"angle":22.5,"axis":"z","origin":[6.5,11.5,8]},"faces":{"north":{"uv":[0,0,2.5,10.5],"texture":"#0"},"south":{"uv":[0,0,2.5,10.5],"texture":"#0"}}},{"from":[6.5,1,5.5],"to":[6.5,22,10.5],"rotation":{"angle":22.5,"axis":"z","origin":[6.5,11.5,8]},"faces":{"east":{"uv":[0,0,2.5,10.5],"texture":"#0"},"west":{"uv":[0,0,2.5,10.5],"texture":"#0"}}},{"from":[4,5,9],"to":[9,26,9],"rotation":{"angle":22.5,"axis":"x","origin":[6.5,11.5,8]},"faces":{"north":{"uv":[0,0,2.5,10.5],"texture":"#0"},"south":{"uv":[0,0,2.5,10.5],"texture":"#0"}}},{"from":[6.5,5,6.5],"to":[6.5,26,11.5],"rotation":{"angle":22.5,"axis":"x","origin":[6.5,11.5,8]},"faces":{"east":{"uv":[0,0,2.5,10.5],"texture":"#0"},"west":{"uv":[0,0,2.5,10.5],"texture":"#0"}}},{"from":[6,1,7],"to":[11,22,7],"rotation":{"angle":-22.5,"axis":"x","origin":[6.5,11.5,8]},"faces":{"north":{"uv":[0,0,2.5,10.5],"texture":"#0"},"south":{"uv":[0,0,2.5,10.5],"texture":"#0"}}},{"from":[8.5,1,4.5],"to":[8.5,22,9.5],"rotation":{"angle":-22.5,"axis":"x","origin":[6.5,11.5,8]},"faces":{"east":{"uv":[0,0,2.5,10.5],"texture":"#0"},"west":{"uv":[0,0,2.5,10.5],"texture":"#0"}}},{"from":[4,7,7.75],"to":[9,28,7.75],"rotation":{"angle":0,"axis":"x","origin":[6.5,11.5,8]},"faces":{"north":{"uv":[0,0,2.5,10.5],"texture":"#0"},"south":{"uv":[0,0,2.5,10.5],"texture":"#0"}}},{"from":[6.5,7,5.25],"to":[6.5,28,10.25],"rotation":{"angle":0,"axis":"x","origin":[6.5,11.5,8]},"faces":{"east":{"uv":[0,0,2.5,10.5],"texture":"#0"},"west":{"uv":[0,0,2.5,10.5],"texture":"#0"}}},{"from":[7,2,7.75],"to":[12,23,7.75],"rotation":{"angle":0,"axis":"x","origin":[6.5,11.5,8]},"faces":{"north":{"uv":[0,0,2.5,10.5],"texture":"#0"},"south":{"uv":[0,0,2.5,10.5],"texture":"#0"}}},{"from":[9.5,2,5.25],"to":[9.5,23,10.25],"rotation":{"angle":0,"axis":"x","origin":[6.5,11.5,8]},"faces":{"east":{"uv":[0,0,2.5,10.5],"texture":"#0"},"west":{"uv":[0,0,2.5,10.5],"texture":"#0"}}}],"display":{"gui":{"rotation":[-24,166,45],"translation":[-1.75,-1.5,0],"scale":[0.58,0.58,0.58]},"head":{"rotation":[0,171,46],"translation":[1.75,-47.25,7],"scale":[1.6,1.6,1.6]},"thirdperson_righthand":{"rotation":[90.0,171,46],"translation":[0.09375,-6.375,18.068748],"scale":[1.0,1.0,1.0]}},"groups":[0,1,2,{"name":"group","origin":[0,0,0],"color":0,"children":[3,4]},{"name":"group","origin":[0,0,0],"color":0,"children":[5,6]},{"name":"group","origin":[0,0,0],"color":0,"children":[7,8]},{"name":"group","origin":[0,0,0],"color":0,"children":[9,10]},{"name":"group","origin":[0,0,0],"color":0,"children":[11,12]}]}