{"credit":"Made with Blockbench","texture_size":[32,32],"textures":{"0":"custom/cosmetics/badger/spell_book","1":"custom/cosmetics/badger/spell","particle":"custom/cosmetics/badger/spell_book"},"elements":[{"from":[2,0,3],"to":[14,2,12],"faces":{"north":{"uv":[0,10,6,11],"texture":"#0"},"east":{"uv":[6,5.5,7,10],"rotation":90,"texture":"#0"},"south":{"uv":[0,10,6,11],"texture":"#0"},"west":{"uv":[6,5.5,7,10],"rotation":90,"texture":"#0"},"up":{"uv":[0,5.5,6,10],"texture":"#0"}}},{"from":[1,0,2],"to":[15,0,13],"faces":{"up":{"uv":[0,0,7,5.5],"texture":"#0","tintindex":0},"down":{"uv":[0,5.5,7,0],"texture":"#0","tintindex":0}}},{"from":[1,0,2],"to":[15,0,13],"faces":{"up":{"uv":[7,0,14,5.5],"texture":"#0"},"down":{"uv":[7,5.5,14,0],"texture":"#0"}}},{"from":[2,2,3],"to":[8,2,12],"rotation":{"angle":-22.5,"axis":"z","origin":[8,2,7.5]},"faces":{"up":{"uv":[6,10,3,5.5],"texture":"#0"},"down":{"uv":[6,10,3,5.5],"texture":"#0"}}},{"from":[8,2,3],"to":[14,2,12],"rotation":{"angle":22.5,"axis":"z","origin":[8,2,7.5]},"faces":{"up":{"uv":[3,5.5,6,10],"texture":"#0"},"down":{"uv":[3,5.5,6,10],"texture":"#0"}}},{"from":[10,-5.5,3.25],"to":[12,0.5,4.25],"rotation":{"angle":-22.5,"axis":"x","origin":[11,-2.5,2.5]},"faces":{"north":{"uv":[7,7,8,10],"texture":"#0","tintindex":0},"up":{"uv":[7,6.5,8,7],"texture":"#0","tintindex":0}}},{"from":[10,-5.5,3.25],"to":[12,0.5,4.25],"rotation":{"angle":-22.5,"axis":"x","origin":[11,-2.5,2.5]},"faces":{"north":{"uv":[8,7,9,10],"texture":"#0"},"up":{"uv":[8,6.5,9,7],"texture":"#0"}}},{"name":"cube inverted","from":[12,0.5,4.25],"to":[10,-5.5,3.25],"rotation":{"angle":-22.5,"axis":"x","origin":[11,-2.5,2.5]},"faces":{"south":{"uv":[7,10,8,7],"texture":"#0","tintindex":0},"down":{"uv":[8,6.5,7,7],"texture":"#0","tintindex":0}}},{"name":"cube inverted","from":[12,0.5,4.25],"to":[10,-5.5,3.25],"rotation":{"angle":-22.5,"axis":"x","origin":[11,-2.5,2.5]},"faces":{"south":{"uv":[8,10,9,7],"texture":"#0"},"down":{"uv":[9,6.5,8,7],"texture":"#0"}}},{"from":[8,3,-0.5],"to":[8,15,11.5],"rotation":{"angle":-22.5,"axis":"x","origin":[8,8,7.5]},"faces":{"east":{"uv":[2,4,14,16],"texture":"#1","tintindex":0},"west":{"uv":[2,4,14,16],"texture":"#1","tintindex":0}}},{"from":[2,3,5.5],"to":[14,15,5.5],"rotation":{"angle":-22.5,"axis":"x","origin":[8,8,7.5]},"faces":{"north":{"uv":[2,4,14,16],"texture":"#1","tintindex":0},"south":{"uv":[2,4,14,16],"texture":"#1","tintindex":0}}}],"display":{"thirdperson_righthand":{"rotation":[88.0,-0.0,-13.0],"translation":[-0.53125,3.15625,8.125],"scale":[0.9375,0.9375,0.9375]},"thirdperson_lefthand":{"rotation":[88,0,13],"translation":[-1.5,3.5,8]},"firstperson_righthand":{"scale":[0,0,0]},"firstperson_lefthand":{"scale":[0,0,0]},"gui":{"rotation":[-34,153,31],"translation":[1.75,1.75,0],"scale":[0.81,0.81,0.81]}}}