{"credit":"Made with Blockbench","texture_size":[32,32],"textures":{"0":"custom/cosmetics/badger/crystal_crown","particle":"custom/cosmetics/badger/crystal_crown"},"elements":[{"from":[4.3436,6.16895,4.5],"to":[4.3436,22.16895,11.5],"rotation":{"angle":45,"axis":"z","origin":[4.81913,7.47762,8]},"faces":{"east":{"uv":[3.5,0,7,8],"texture":"#0","tintindex":0},"west":{"uv":[3.5,0,7,8],"texture":"#0","tintindex":0}}},{"from":[0.8436,6.16895,8],"to":[7.8436,22.16895,8],"rotation":{"angle":45,"axis":"z","origin":[4.81913,7.47762,8]},"faces":{"north":{"uv":[3.5,0,7,8],"texture":"#0","tintindex":0},"south":{"uv":[3.5,0,7,8],"texture":"#0","tintindex":0}}},{"from":[17.5,7,4.5],"to":[17.5,23,11.5],"rotation":{"angle":-45,"axis":"z","origin":[12.5,14,8]},"faces":{"east":{"uv":[3.5,0,7,8],"texture":"#0","tintindex":0},"west":{"uv":[3.5,0,7,8],"texture":"#0","tintindex":0}}},{"from":[14,7,8],"to":[21,23,8],"rotation":{"angle":-45,"axis":"z","origin":[12.5,14,8]},"faces":{"north":{"uv":[3.5,0,7,8],"texture":"#0","tintindex":0},"south":{"uv":[3.5,0,7,8],"texture":"#0","tintindex":0}}},{"from":[8.5,7,2.5],"to":[8.5,23,9.5],"rotation":{"angle":-22.5,"axis":"x","origin":[12.5,14,8]},"faces":{"east":{"uv":[0,0,3.5,8],"texture":"#0","tintindex":0},"west":{"uv":[0,0,3.5,8],"texture":"#0","tintindex":0}}},{"from":[5,7,6],"to":[12,23,6],"rotation":{"angle":-22.5,"axis":"x","origin":[12.5,14,8]},"faces":{"north":{"uv":[0,0,3.5,8],"texture":"#0","tintindex":0},"south":{"uv":[0,0,3.5,8],"texture":"#0","tintindex":0}}},{"from":[6,3,5],"to":[11,12,5],"rotation":{"angle":-45,"axis":"x","origin":[2.5,4.5,0]},"faces":{"north":{"uv":[7,3.5,9.5,8],"texture":"#0","tintindex":0},"south":{"uv":[7,3.5,9.5,8],"texture":"#0","tintindex":0}}},{"from":[8.5,3,2.5],"to":[8.5,12,7.5],"rotation":{"angle":-45,"axis":"x","origin":[2.5,4.5,0]},"faces":{"east":{"uv":[7,3.5,9.5,8],"texture":"#0","tintindex":0},"west":{"uv":[7,3.5,9.5,8],"texture":"#0","tintindex":0}}},{"from":[5,14,7],"to":[10,23,7],"rotation":{"angle":45,"axis":"x","origin":[2.5,4.5,0]},"faces":{"north":{"uv":[2.5,8,0,12.5],"texture":"#0","tintindex":0},"south":{"uv":[0,8,2.5,12.5],"texture":"#0","tintindex":0}}},{"from":[7.5,14,4.5],"to":[7.5,23,9.5],"rotation":{"angle":45,"axis":"x","origin":[2.5,4.5,0]},"faces":{"east":{"uv":[2.5,8,0,12.5],"texture":"#0","tintindex":0},"west":{"uv":[0,8,2.5,12.5],"texture":"#0","tintindex":0}}},{"from":[9.89429,1.68109,10],"to":[18.89429,6.68109,10],"rotation":{"angle":22.5,"axis":"z","origin":[14.39429,4.18109,10]},"faces":{"north":{"uv":[0,8,2.5,12.5],"rotation":270,"texture":"#0","tintindex":0},"south":{"uv":[2.5,8,0,12.5],"rotation":90,"texture":"#0","tintindex":0}}},{"from":[9.89429,4.18109,7.5],"to":[18.89429,4.18109,12.5],"rotation":{"angle":22.5,"axis":"z","origin":[14.39429,4.18109,10]},"faces":{"up":{"uv":[0,8,2.5,12.5],"rotation":90,"texture":"#0","tintindex":0},"down":{"uv":[2.5,8,0,12.5],"rotation":90,"texture":"#0","tintindex":0}}},{"from":[4,3.5,8.5],"to":[6,3.5,15.5],"rotation":{"angle":-22.5,"axis":"x","origin":[1,3.5,9]},"faces":{"up":{"uv":[3,9,4,12.5],"rotation":180,"texture":"#0","tintindex":0},"down":{"uv":[4,9,3,12.5],"texture":"#0","tintindex":0}}},{"from":[5,2.5,8.5],"to":[5,4.5,15.5],"rotation":{"angle":-22.5,"axis":"x","origin":[1,3.5,9]},"faces":{"east":{"uv":[3,9,4,12.5],"rotation":270,"texture":"#0","tintindex":0},"west":{"uv":[4,9,3,12.5],"rotation":90,"texture":"#0","tintindex":0}}},{"from":[9.5,4.5,4],"to":[16.5,6.5,4],"rotation":{"angle":22.5,"axis":"z","origin":[15,3.5,7]},"faces":{"north":{"uv":[4,12.5,3,9],"rotation":90,"texture":"#0","tintindex":0},"south":{"uv":[3,12.5,4,9],"rotation":270,"texture":"#0","tintindex":0}}},{"from":[9.5,5.5,3],"to":[16.5,5.5,5],"rotation":{"angle":22.5,"axis":"z","origin":[15,3.5,7]},"faces":{"up":{"uv":[3,9,4,12.5],"rotation":90,"texture":"#0","tintindex":0},"down":{"uv":[4,9,3,12.5],"rotation":90,"texture":"#0","tintindex":0}}},{"from":[9,5.65685,11.24264],"to":[11,12.65685,11.24264],"rotation":{"angle":22.5,"axis":"x","origin":[11,9.15685,11.24264]},"faces":{"north":{"uv":[11,8,10,4.5],"rotation":180,"texture":"#0","tintindex":0},"south":{"uv":[11,8,10,4.5],"rotation":180,"texture":"#0","tintindex":0}}},{"from":[10,5.65685,10.24264],"to":[10,12.65685,12.24264],"rotation":{"angle":22.5,"axis":"x","origin":[11,9.15685,11.24264]},"faces":{"east":{"uv":[10,4.5,11,8],"texture":"#0","tintindex":0},"west":{"uv":[10,4.5,11,8],"texture":"#0","tintindex":0}}},{"from":[9,4.15685,8.74264],"to":[11,4.15685,15.74264],"rotation":{"angle":-22.5,"axis":"x","origin":[11,9.15685,11.24264]},"faces":{"up":{"uv":[4,12.5,3,9],"texture":"#0","tintindex":0},"down":{"uv":[3,12.5,4,9],"rotation":180,"texture":"#0","tintindex":0}}},{"from":[10,3.15685,8.74264],"to":[10,5.15685,15.74264],"rotation":{"angle":-22.5,"axis":"x","origin":[11,9.15685,11.24264]},"faces":{"east":{"uv":[4,9,3,12.5],"rotation":270,"texture":"#0","tintindex":0},"west":{"uv":[3,9,4,12.5],"rotation":90,"texture":"#0","tintindex":0}}}],"gui_light":"front","display":{"gui":{"rotation":[21,-59,0],"translation":[0,-1.75,0],"scale":[0.65,0.65,0.65]},"head":{"rotation":[0,-45,0],"translation":[0,6.5,0],"scale":[1.6,1.6,1.6]},"thirdperson_righthand":{"rotation":[90.0,-45,0],"translation":[-1.0,-2.0,17.558594],"scale":[0.9375,0.9375,0.9375]}},"groups":[{"name":"group","origin":[0,0,0],"color":0,"children":[0,1]},{"name":"group","origin":[0,0,0],"color":0,"children":[2,3]},{"name":"group","origin":[0,0,0],"color":0,"children":[4,5]},{"name":"group","origin":[0,0,0],"color":0,"children":[6,7]},{"name":"group","origin":[0,0,0],"color":0,"children":[8,9]},{"name":"group","origin":[0,0,0],"color":0,"children":[10,11]},{"name":"group","origin":[0,0,0],"color":0,"children":[12,13]},{"name":"group","origin":[0,0,0],"color":0,"children":[14,15]},{"name":"group","origin":[0,0,0],"color":0,"children":[16,17]},{"name":"group","origin":[0,0,0],"color":0,"children":[18,19]}]}