{"credit":"Made with Blockbench","texture_size":[32,32],"textures":{"0":"custom/cosmetics/thanksgiving/corn_stalk_staff","particle":"custom/cosmetics/thanksgiving/corn_stalk_staff"},"elements":[{"from":[5.5,-16,7],"to":[10.5,-9,7],"rotation":{"angle":45,"axis":"x","origin":[8,-9,7]},"faces":{"north":{"uv":[0,10.5,2.5,14],"texture":"#0","tintindex":0},"south":{"uv":[0,10.5,2.5,14],"texture":"#0","tintindex":0}}},{"from":[6,9,6],"to":[10,21,10],"rotation":{"angle":0,"axis":"y","origin":[0,2,0]},"faces":{"north":{"uv":[0,2,2,8],"texture":"#0","tintindex":0},"east":{"uv":[0,2,2,8],"texture":"#0","tintindex":0},"south":{"uv":[0,2,2,8],"texture":"#0","tintindex":0},"west":{"uv":[0,2,2,8],"texture":"#0","tintindex":0},"up":{"uv":[0,0,2,2],"texture":"#0","tintindex":0},"down":{"uv":[2,0,4,2],"texture":"#0","tintindex":0}}},{"from":[7,-9,7],"to":[9,9,9],"rotation":{"angle":0,"axis":"y","origin":[0,2,0]},"faces":{"north":{"uv":[6.5,4.5,7.5,13.5],"texture":"#0","tintindex":0},"east":{"uv":[7.5,4.5,6.5,13.5],"texture":"#0","tintindex":0},"south":{"uv":[6.5,4.5,7.5,13.5],"texture":"#0","tintindex":0},"west":{"uv":[7.5,4.5,6.5,13.5],"texture":"#0","tintindex":0},"down":{"uv":[7,13,7.5,13.5],"texture":"#0","tintindex":0}}},{"from":[2,9,8],"to":[14,17,8],"rotation":{"angle":-45,"axis":"y","origin":[8,13,8]},"faces":{"north":{"uv":[4.5,0,9.5,4],"texture":"#0","tintindex":0},"south":{"uv":[4.5,0,9.5,4],"texture":"#0","tintindex":0}}},{"from":[2,9,8],"to":[14,17,8],"rotation":{"angle":45,"axis":"y","origin":[8,13,8]},"faces":{"north":{"uv":[4.5,0,9.5,4],"texture":"#0","tintindex":0},"south":{"uv":[4.5,0,9.5,4],"texture":"#0","tintindex":0}}},{"from":[4,0,9],"to":[7,3,9],"rotation":{"angle":45,"axis":"y","origin":[7,1.5,9]},"faces":{"north":{"uv":[3.5,4.5,5,6],"texture":"#0","tintindex":0},"south":{"uv":[5,4.5,3.5,6],"texture":"#0","tintindex":0}}},{"from":[9,-3,9],"to":[12,0,9],"rotation":{"angle":-45,"axis":"y","origin":[9,-3.5,9]},"faces":{"north":{"uv":[2,6,3.5,7.5],"texture":"#0","tintindex":0},"south":{"uv":[3.5,6,2,7.5],"texture":"#0","tintindex":0}}},{"from":[4,-6,7],"to":[7,-3,7],"rotation":{"angle":-45,"axis":"y","origin":[7,-4.5,7]},"faces":{"north":{"uv":[3.5,6,5,7.5],"texture":"#0","tintindex":0},"south":{"uv":[5,6,3.5,7.5],"texture":"#0","tintindex":0}}},{"from":[9,4,7],"to":[12,7,7],"rotation":{"angle":45,"axis":"y","origin":[9,5.5,7]},"faces":{"north":{"uv":[2,4.5,3.5,6],"texture":"#0","tintindex":0},"south":{"uv":[3.5,4.5,2,6],"texture":"#0","tintindex":0}}},{"from":[9,-9,7],"to":[12,-6,7],"rotation":{"angle":45,"axis":"y","origin":[9,5.5,7]},"faces":{"north":{"uv":[5,4.5,6.5,6],"texture":"#0","tintindex":0},"south":{"uv":[6.5,4.5,5,6],"texture":"#0","tintindex":0}}},{"from":[5.5,-16,9],"to":[10.5,-9,9],"rotation":{"angle":-45,"axis":"x","origin":[8,-9,9]},"faces":{"north":{"uv":[0,10.5,2.5,14],"texture":"#0","tintindex":0},"south":{"uv":[0,10.5,2.5,14],"texture":"#0","tintindex":0}}},{"from":[7,-16,5.5],"to":[7,-9,10.5],"rotation":{"angle":-45,"axis":"z","origin":[7,-9,8]},"faces":{"east":{"uv":[3,10.5,5.5,14],"texture":"#0","tintindex":0},"west":{"uv":[3,10.5,5.5,14],"texture":"#0","tintindex":0}}},{"from":[8,-13,8],"to":[8,-9,12],"rotation":{"angle":45,"axis":"x","origin":[7,-9,8]},"faces":{"east":{"uv":[0,8,2,10],"texture":"#0"},"west":{"uv":[2,8,0,10],"texture":"#0"}}},{"from":[9,-16,5.5],"to":[9,-9,10.5],"rotation":{"angle":45,"axis":"z","origin":[9,-9,8]},"faces":{"east":{"uv":[3,10.5,5.5,14],"texture":"#0","tintindex":0},"west":{"uv":[3,10.5,5.5,14],"texture":"#0","tintindex":0}}},{"from":[5,21,8],"to":[11,26,8],"rotation":{"angle":22.5,"axis":"y","origin":[8,22.5,8]},"faces":{"north":{"uv":[2,2,4.5,4.5],"texture":"#0","tintindex":0},"south":{"uv":[4.5,2,2,4.5],"texture":"#0","tintindex":0}}}],"gui_light":"front","display":{"thirdperson_righthand":{"rotation":[20.0,-165.0,-8.0],"translation":[-2.875,4.5625,3.203125],"scale":[0.9375,0.9375,0.9375]},"thirdperson_lefthand":{"rotation":[20,165,8],"translation":[1,5,2.75]},"firstperson_righthand":{"rotation":[-19,51,0],"translation":[18.5,0,-8]},"firstperson_lefthand":{"rotation":[-19,51,0],"translation":[19,0,-8],"scale":[0,0,0]},"gui":{"rotation":[-1,28,-44],"translation":[1,1.25,0],"scale":[0.47,0.47,0.47]},"head":{"rotation":[50,0,0],"translation":[0,3.25,3.5],"scale":[0.73,0.73,0.73]}},"groups":[{"name":"group","origin":[11,-11,7],"color":0,"children":[0,1,2,3,4,5,6,7,8,9,10,11,12,13,14]}]}