{"credit":"Made with Blockbench","texture_size":[32,32],"textures":{"0":"custom/cosmetics/thanksgiving/pilgrim_hat","particle":"custom/cosmetics/thanksgiving/pilgrim_hat"},"elements":[{"from":[0,0,0],"to":[16,0,16],"faces":{"up":{"uv":[0,8,8,16],"texture":"#0","tintindex":0},"down":{"uv":[0,8,8,16],"texture":"#0","tintindex":0}}},{"from":[0,0,0],"to":[16,0,16],"faces":{"up":{"uv":[8,8,16,16],"texture":"#0"},"down":{"uv":[8,8,16,16],"texture":"#0"}}},{"from":[4,0,4],"to":[12,9,12],"faces":{"north":{"uv":[0,0,4,4.5],"texture":"#0","tintindex":0},"east":{"uv":[8,0,4,4.5],"texture":"#0","tintindex":0},"south":{"uv":[8,3.5,12,8],"texture":"#0","tintindex":0},"west":{"uv":[4,0,8,4.5],"texture":"#0","tintindex":0},"up":{"uv":[12,3.5,16,7.5],"rotation":180,"texture":"#0","tintindex":0}}},{"from":[3.5,0,3.5],"to":[12.5,5,12.5],"faces":{"north":{"uv":[8,0,12,2],"texture":"#0"},"east":{"uv":[12,0,16,2],"texture":"#0"},"south":{"uv":[12,0,16,2],"texture":"#0"},"west":{"uv":[12,0,16,2],"texture":"#0"}}},{"from":[0,3,4],"to":[4,7,4],"rotation":{"angle":22.5,"axis":"y","origin":[4,5,4]},"faces":{"north":{"uv":[1.5,6,3.5,8],"texture":"#0"},"south":{"uv":[3.5,6,1.5,8],"texture":"#0"}}},{"from":[1,-1,5],"to":[4,2,5],"rotation":{"angle":-45,"axis":"z","origin":[4,2,5]},"faces":{"north":{"uv":[0,6.5,1.5,8],"rotation":90,"texture":"#0"},"south":{"uv":[1.5,6.5,0,8],"rotation":270,"texture":"#0"}}},{"name":"cube inverted","from":[12.5,5,12.5],"to":[3.5,0,3.5],"faces":{"north":{"uv":[12,2,16,0],"texture":"#0"},"east":{"uv":[12,2,16,0],"texture":"#0"},"south":{"uv":[8,2,12,0],"texture":"#0"},"west":{"uv":[12,2,16,0],"texture":"#0"}}},{"name":"cube inverted","from":[12,9,12],"to":[4,0,4],"faces":{"north":{"uv":[8,8,12,3.5],"texture":"#0","tintindex":0},"east":{"uv":[4,4.5,8,0],"texture":"#0","tintindex":0},"south":{"uv":[0,4.5,4,0],"texture":"#0","tintindex":0},"west":{"uv":[8,4.5,4,0],"texture":"#0","tintindex":0},"down":{"uv":[16,3.5,12,7.5],"rotation":180,"texture":"#0","tintindex":0}}}],"display":{"gui":{"rotation":[30,135,0],"translation":[0,3.5,0],"scale":[0.83,0.83,0.83]},"head":{"rotation":[13,0,0],"translation":[0,17.5,3.25],"scale":[1.95,1.95,1.95]},"thirdperson_righthand":{"rotation":[103.0,0,0],"translation":[-1.0,-4.03125,24.003906],"scale":[1.1425781,1.1425781,1.1425781]}}}