{"credit":"Made with Blockbench","textures":{"0":"custom/cosmetics/tribal/tribal_spears","1":"custom/cosmetics/tribal/tribal_mask","particle":"custom/cosmetics/tribal/tribal_spears"},"elements":[{"from":[-8,-3,6],"to":[5,7,6],"rotation":{"angle":-22.5,"axis":"y","origin":[8,8,8]},"faces":{"north":{"uv":[9.5,13,16,8],"texture":"#1","tintindex":0},"south":{"uv":[16,13,9.5,8],"texture":"#1","tintindex":0}}},{"from":[11,-3,6],"to":[24,7,6],"rotation":{"angle":22.5,"axis":"y","origin":[8,8,8]},"faces":{"north":{"uv":[16,13,9.5,8],"texture":"#1","tintindex":0},"south":{"uv":[9.5,13,16,8],"texture":"#1","tintindex":0}}},{"from":[-0.05,-9.05,3.95],"to":[1.05,23.05,5.05],"rotation":{"angle":45,"axis":"z","origin":[7.48172,14.75518,4.52884]},"faces":{"north":{"uv":[0.5,0,1,16],"texture":"#0","tintindex":0},"east":{"uv":[0.5,0,1,16],"texture":"#0","tintindex":0},"south":{"uv":[0.5,0,1,16],"texture":"#0","tintindex":0},"west":{"uv":[0.5,0,1,16],"texture":"#0","tintindex":0},"down":{"uv":[0.5,15.5,1,16],"texture":"#0","tintindex":0}}},{"from":[14.95,-9.05,3.95],"to":[16.05,23.05,5.05],"rotation":{"angle":-45,"axis":"z","origin":[8.48172,14.75693,4.5271]},"faces":{"north":{"uv":[0.5,0,1,16],"texture":"#0","tintindex":0},"east":{"uv":[0.5,0,1,16],"texture":"#0","tintindex":0},"south":{"uv":[0.5,0,1,16],"texture":"#0","tintindex":0},"west":{"uv":[0.5,0,1,16],"texture":"#0","tintindex":0},"down":{"uv":[0.5,15.5,1,16],"texture":"#0","tintindex":0}}},{"from":[2.9,-0.1,2.9],"to":[13.1,10.1,4.1],"rotation":{"angle":0,"axis":"y","origin":[8,8,11]},"faces":{"north":{"uv":[2.5,6,7.5,11],"texture":"#0","tintindex":0}}},{"from":[3,0,3],"to":[13,10,4],"rotation":{"angle":0,"axis":"y","origin":[8,8,11]},"faces":{"north":{"uv":[2.5,0.5,7.5,5.5],"texture":"#0"},"east":{"uv":[7.5,0.5,8,5.5],"texture":"#0"},"south":{"uv":[2.5,0.5,7.5,5.5],"texture":"#0"},"west":{"uv":[7.5,0.5,8,5.5],"texture":"#0"},"up":{"uv":[2.5,0,7.5,0.5],"texture":"#0"},"down":{"uv":[2.5,5.5,7.5,6],"texture":"#0"}}},{"from":[15,-9,4],"to":[16,23,5],"rotation":{"angle":-45,"axis":"z","origin":[8.48172,14.75693,4.5271]},"faces":{"north":{"uv":[0,0,0.5,16],"texture":"#0"},"east":{"uv":[0,0,0.5,16],"texture":"#0"},"south":{"uv":[0,0,0.5,16],"texture":"#0"},"west":{"uv":[0,0,0.5,16],"texture":"#0"},"up":{"uv":[0,0,0.5,0.5],"texture":"#0"}}},{"from":[14,21,4.5],"to":[17,28,4.5],"rotation":{"angle":-45,"axis":"z","origin":[8.48172,14.75693,4.5271]},"faces":{"north":{"uv":[1,0,2.5,3.5],"texture":"#0"},"south":{"uv":[1,0,2.5,3.5],"texture":"#0"}}},{"from":[15.49831,21,3.06462],"to":[15.49831,28,6.06462],"rotation":{"angle":-45,"axis":"z","origin":[8.48172,14.75693,4.5271]},"faces":{"east":{"uv":[1,0,2.5,3.5],"texture":"#0"},"west":{"uv":[1,0,2.5,3.5],"texture":"#0"}}},{"from":[0,-9,4],"to":[1,23,5],"rotation":{"angle":45,"axis":"z","origin":[7.48172,14.75518,4.52884]},"faces":{"north":{"uv":[0,0,0.5,16],"texture":"#0"},"east":{"uv":[0,0,0.5,16],"texture":"#0"},"south":{"uv":[0,0,0.5,16],"texture":"#0"},"west":{"uv":[0,0,0.5,16],"texture":"#0"},"up":{"uv":[0,0,0.5,0.5],"texture":"#0"}}},{"from":[-1,21,4.5],"to":[2,28,4.5],"rotation":{"angle":45,"axis":"z","origin":[7.48172,14.75518,4.52884]},"faces":{"north":{"uv":[1,0,2.5,3.5],"texture":"#0"},"south":{"uv":[1,0,2.5,3.5],"texture":"#0"}}},{"from":[0.49831,21,3.06462],"to":[0.49831,28,6.06462],"rotation":{"angle":45,"axis":"z","origin":[7.48172,14.75518,4.52884]},"faces":{"east":{"uv":[1,0,2.5,3.5],"texture":"#0"},"west":{"uv":[1,0,2.5,3.5],"texture":"#0"}}},{"from":[1,-7,3.5],"to":[6,0,3.5],"rotation":{"angle":-22.5,"axis":"z","origin":[4.51223,-3.49823,3.48601]},"faces":{"north":{"uv":[10,4.5,12.5,8],"rotation":180,"texture":"#1"},"south":{"uv":[10,4.5,12.5,8],"rotation":180,"texture":"#1"}}},{"from":[10,-7,3.5],"to":[15,0,3.5],"rotation":{"angle":22.5,"axis":"z","origin":[11.51221,-3.48599,3.47381]},"faces":{"north":{"uv":[10,4.5,12.5,8],"rotation":180,"texture":"#1"},"south":{"uv":[10,4.5,12.5,8],"rotation":180,"texture":"#1"}}}],"display":{"thirdperson_righthand":{"rotation":[90.0,180,0],"translation":[-1.0,-1.21875,18.849998],"scale":[1.0,1.0,1.0]},"thirdperson_lefthand":{"rotation":[78,0,0],"translation":[0,-1.25,1],"scale":[0.39,0.39,0.39]},"firstperson_righthand":{"rotation":[0,145,0],"translation":[17.5,0,-11]},"firstperson_lefthand":{"rotation":[0,145,0],"translation":[17.5,0,-11]},"ground":{"translation":[0,4.75,1],"scale":[0.39,0.39,0.39]},"gui":{"rotation":[0,180,0],"translation":[0,1,0],"scale":[0.56,0.56,0.56]},"head":{"rotation":[0,180,0],"translation":[0,-46,-1.25],"scale":[1.6,1.6,1.6]},"fixed":{"translation":[0,6,6],"scale":[2,2,2]}},"groups":[{"name":"group","origin":[8,8,8],"children":[{"name":"group","origin":[8,8,11],"children":[0,1,2,3,4]},5]},{"name":"group","origin":[8,8,8],"children":[6,7,8]},{"name":"group","origin":[8,8,8],"children":[9,10,11]},12,13]}