{"credit":"Made with Blockbench","textures":{"0":"custom/cosmetics/tribal/tribal_staff","1":"custom/cosmetics/tribal/tribal_mask","particle":"custom/cosmetics/tribal/tribal_staff"},"elements":[{"from":[6.5,22,2],"to":[9.5,30,2],"rotation":{"angle":22.5,"axis":"x","origin":[8,3,8]},"faces":{"north":{"uv":[8.5,4,10,8],"texture":"#1","tintindex":0},"south":{"uv":[8.5,4,10,8],"texture":"#1","tintindex":0}}},{"from":[1.5,23,10],"to":[4.5,31,10],"rotation":{"angle":45,"axis":"z","origin":[4.97034,26.99121,10.03844]},"faces":{"north":{"uv":[8.5,4,10,8],"texture":"#1","tintindex":0},"south":{"uv":[8.5,4,10,8],"texture":"#1","tintindex":0}}},{"from":[11.5,23,10],"to":[14.5,31,10],"rotation":{"angle":-45,"axis":"z","origin":[10.97032,27.0017,10.02799]},"faces":{"north":{"uv":[10,4,8.5,8],"texture":"#1","tintindex":0},"south":{"uv":[8.5,4,10,8],"texture":"#1","tintindex":0}}},{"from":[7.45,-5.05,7.45],"to":[8.55,19.05,8.55],"rotation":{"angle":0,"axis":"y","origin":[8,3,8]},"faces":{"north":{"uv":[0.5,2,1,14],"texture":"#0","tintindex":0},"east":{"uv":[0.5,2,1,14],"texture":"#0","tintindex":0},"south":{"uv":[0.5,2,1,14],"texture":"#0","tintindex":0},"west":{"uv":[0.5,2,1,14],"texture":"#0","tintindex":0},"down":{"uv":[0.5,13.5,1,14],"texture":"#0","tintindex":0}}},{"from":[7.5,-5,7.5],"to":[8.5,19,8.5],"rotation":{"angle":0,"axis":"y","origin":[8,3,8]},"faces":{"north":{"uv":[0,2,0.5,14],"texture":"#0"},"east":{"uv":[0,2,0.5,14],"texture":"#0"},"south":{"uv":[0,2,0.5,14],"texture":"#0"},"west":{"uv":[0,2,0.5,14],"texture":"#0"}}},{"from":[3.5,16,8],"to":[7.5,19,8],"rotation":{"angle":-22.5,"axis":"y","origin":[8,3,8]},"faces":{"north":{"uv":[3,4,5,5.5],"texture":"#0"},"south":{"uv":[5,4,3,5.5],"texture":"#0"}}},{"from":[8,15,3.5],"to":[8,18,7.5],"rotation":{"angle":-45,"axis":"y","origin":[8,3,8]},"faces":{"east":{"uv":[3,4,5,5.5],"texture":"#0"},"west":{"uv":[5,4,3,5.5],"texture":"#0"}}},{"from":[8,16,8.5],"to":[8,19,12.5],"rotation":{"angle":22.5,"axis":"y","origin":[8,3,8]},"faces":{"east":{"uv":[5,4,3,5.5],"texture":"#0"},"west":{"uv":[3,4,5,5.5],"texture":"#0"}}},{"from":[6.5,19,6.5],"to":[9.5,23,9.5],"rotation":{"angle":0,"axis":"y","origin":[8,3,8]},"faces":{"north":{"uv":[0,0,1.5,2],"texture":"#0"},"east":{"uv":[0,0,1.5,2],"texture":"#0"},"south":{"uv":[0,0,1.5,2],"texture":"#0"},"west":{"uv":[0,0,1.5,2],"texture":"#0"},"up":{"uv":[0,0,1.5,1.5],"texture":"#0"},"down":{"uv":[0,0,1.5,1.5],"texture":"#0"}}},{"from":[6,20,6],"to":[10,24,10],"rotation":{"angle":0,"axis":"y","origin":[8,3,8]},"faces":{"north":{"uv":[3,2,5,4],"texture":"#0"},"east":{"uv":[7,2,5,4],"texture":"#0"},"south":{"uv":[7,2,9,4],"texture":"#0"},"west":{"uv":[5,2,7,4],"texture":"#0"},"up":{"uv":[3,0,5,2],"rotation":90,"texture":"#0"}}},{"from":[10,24,10],"to":[6,20,6],"rotation":{"angle":0,"axis":"y","origin":[8,3,8]},"faces":{"north":{"uv":[9,2,7,4],"rotation":180,"texture":"#0"},"east":{"uv":[7,2,5,4],"rotation":180,"texture":"#0"},"south":{"uv":[3,2,5,4],"rotation":180,"texture":"#0"},"west":{"uv":[5,2,7,4],"rotation":180,"texture":"#0"},"down":{"uv":[3,2,5,0],"rotation":90,"texture":"#0"}}}],"display":{"thirdperson_righthand":{"rotation":[46.0,36.0,18.0],"translation":[-2.40625,-1.765625,-0.546875],"scale":[0.9375,0.9375,0.9375]},"thirdperson_lefthand":{"rotation":[46,-36,-18],"translation":[0.5,-1.75,-1.25]},"firstperson_righthand":{"rotation":[-6,18,-16],"translation":[4.75,-5,0]},"firstperson_lefthand":{"rotation":[-6,18,-16],"translation":[4.75,-5,0],"scale":[0,0,0]},"ground":{"scale":[0.4,0.4,0.4]},"gui":{"rotation":[-18,180,46],"translation":[-2.75,-2.5,0],"scale":[0.55,0.55,0.55]},"head":{"translation":[0,7.5,0]},"fixed":{"rotation":[-90,0,0],"translation":[0,0,-16],"scale":[2,2,2]}},"groups":[{"name":"group","origin":[8,8,8],"children":[0,1,2,3]},4,5,6,7,8,9,10]}