{"credit":"Made with Blockbench","textures":{"0":"custom/cosmetics/tribal/tribal_mask","particle":"custom/cosmetics/tribal/tribal_mask"},"elements":[{"from":[0,3,3],"to":[8,6,3],"rotation":{"angle":45,"axis":"y","origin":[8,8,8]},"faces":{"north":{"uv":[8.5,4,10,8],"rotation":90,"texture":"#0","tintindex":0},"south":{"uv":[8.5,4,10,8],"rotation":270,"texture":"#0","tintindex":0}}},{"from":[0,4,5.5],"to":[8,7,5.5],"rotation":{"angle":-22.5,"axis":"z","origin":[8,8,8]},"faces":{"north":{"uv":[8.5,4,10,8],"rotation":90,"texture":"#0","tintindex":0},"south":{"uv":[8.5,4,10,8],"rotation":270,"texture":"#0","tintindex":0}}},{"from":[8,3,3],"to":[16,6,3],"rotation":{"angle":-45,"axis":"y","origin":[8,8,8]},"faces":{"north":{"uv":[8.5,4,10,8],"rotation":270,"texture":"#0","tintindex":0},"south":{"uv":[8.5,4,10,8],"rotation":90,"texture":"#0","tintindex":0}}},{"from":[8,4,5.5],"to":[16,7,5.5],"rotation":{"angle":22.5,"axis":"z","origin":[8,8,8]},"faces":{"north":{"uv":[8.5,4,10,8],"rotation":270,"texture":"#0","tintindex":0},"south":{"uv":[8.5,4,10,8],"rotation":90,"texture":"#0","tintindex":0}}},{"from":[3.8,-0.2,2.8],"to":[12.2,10.2,5.2],"faces":{"north":{"uv":[0,8.5,4,13.5],"texture":"#0","tintindex":0},"east":{"uv":[5,8.5,4,13.5],"texture":"#0","tintindex":0},"west":{"uv":[4,8.5,5,13.5],"texture":"#0","tintindex":0}}},{"from":[4,0,3],"to":[12,10,5],"faces":{"north":{"uv":[0,1,4,6],"texture":"#0"},"east":{"uv":[5,1,4,6],"texture":"#0"},"south":{"uv":[1.5,5.5,2.5,6.5],"texture":"#0"},"west":{"uv":[4,1,5,6],"texture":"#0"},"up":{"uv":[4,1,0,0],"texture":"#0"},"down":{"uv":[0,6,4,7],"rotation":180,"texture":"#0"}}},{"from":[4,5,5],"to":[12,7,12],"faces":{"east":{"uv":[4,7,0.5,8],"texture":"#0"},"south":{"uv":[4,7,8,8],"texture":"#0"},"west":{"uv":[0.5,7,4,8],"texture":"#0"}}},{"from":[12,7,12],"to":[4,5,5],"faces":{"north":{"uv":[4,7,8,8],"rotation":180,"texture":"#0"},"east":{"uv":[4,7,0.5,8],"rotation":180,"texture":"#0"},"west":{"uv":[0.5,7,4,8],"rotation":180,"texture":"#0"}}},{"from":[4.5,6,5],"to":[11.5,22,5],"rotation":{"angle":22.5,"axis":"x","origin":[8,8,8]},"faces":{"north":{"uv":[12.5,0,16,8],"texture":"#0"},"south":{"uv":[12.5,0,16,8],"texture":"#0"}}},{"from":[4,10,5],"to":[9,17,5],"rotation":{"angle":45,"axis":"z","origin":[8,8,8]},"faces":{"north":{"uv":[10,4.5,12.5,8],"texture":"#0"},"south":{"uv":[10,4.5,12.5,8],"texture":"#0"}}},{"from":[7,10,5],"to":[12,17,5],"rotation":{"angle":-45,"axis":"z","origin":[8,8,8]},"faces":{"north":{"uv":[10,4.5,12.5,8],"texture":"#0"},"south":{"uv":[10,4.5,12.5,8],"texture":"#0"}}}],"display":{"thirdperson_righthand":{"rotation":[90.0,0.0,0.0],"translation":[-1.0,-2.0,17.851562],"scale":[1.0839844,1.0839844,1.0839844]},"thirdperson_lefthand":{"rotation":[46,23,0],"translation":[0,0,0.75],"scale":[0.4,0.4,0.4]},"firstperson_righthand":{"rotation":[0,147,0],"translation":[14.5,1.75,-11.75]},"firstperson_lefthand":{"rotation":[0,147,0],"translation":[14.5,1.75,-11.75]},"ground":{"translation":[0,3.25,0],"scale":[0.4,0.4,0.4]},"gui":{"rotation":[30,135,0],"translation":[0.25,-1.25,0],"scale":[0.69,0.69,0.69]},"head":{"translation":[0,7,0],"scale":[1.85,1.85,1.85]},"fixed":{"translation":[0,0,-6.5],"scale":[2,2,2]}},"groups":[{"name":"group","origin":[8,8,8],"children":[0,1,2,3,4]},5,6,7,8,9,10]}