{"credit":"Made with Blockbench","texture_size":[32,32],"textures":{"0":"custom/cosmetics/patrick/leprechaun_hat","particle":"custom/cosmetics/patrick/leprechaun_hat"},"elements":[{"from":[3.75,0.05,3.75],"to":[12.25,4.55,12.25],"rotation":{"angle":0,"axis":"y","origin":[12,8,12]},"faces":{"north":{"uv":[10,0,14,2],"texture":"#0"},"east":{"uv":[10,2,14,4],"texture":"#0"},"south":{"uv":[10,2,14,4],"texture":"#0"},"west":{"uv":[10,2,14,4],"texture":"#0"}}},{"from":[0,0,0],"to":[16,0,16],"faces":{"up":{"uv":[8,8,16,16],"rotation":180,"texture":"#0"},"down":{"uv":[8,8,16,16],"texture":"#0"}}},{"from":[-1.4,2.9,5],"to":[5.6,9.9,5],"rotation":{"angle":45,"axis":"y","origin":[1.5,6.5,5]},"faces":{"north":{"uv":[10,4,13.5,7.5],"texture":"#0"},"south":{"uv":[13.5,4,10,7.5],"texture":"#0"}}},{"from":[0,0,0],"to":[16,0,16],"faces":{"up":{"uv":[0,8,8,16],"texture":"#0","tintindex":0},"down":{"uv":[0,8,8,16],"texture":"#0","tintindex":0}}},{"from":[4,0,4],"to":[12,4,12],"rotation":{"angle":0,"axis":"y","origin":[12,8,12]},"faces":{"north":{"uv":[0,5,4,7],"texture":"#0","tintindex":0},"east":{"uv":[0,5,4,7],"texture":"#0","tintindex":0},"south":{"uv":[0,5,4,7],"texture":"#0","tintindex":0},"west":{"uv":[0,5,4,7],"texture":"#0","tintindex":0},"up":{"uv":[3.5,5,4,5.5],"texture":"#0","tintindex":0}}},{"from":[12,4,12],"to":[4,0,4],"rotation":{"angle":0,"axis":"y","origin":[20,12,20]},"faces":{"north":{"uv":[0,5,4,7],"rotation":180,"texture":"#0","tintindex":0},"east":{"uv":[0,5,4,7],"rotation":180,"texture":"#0","tintindex":0},"south":{"uv":[0,5,4,7],"rotation":180,"texture":"#0","tintindex":0},"west":{"uv":[0,5,4,7],"rotation":180,"texture":"#0","tintindex":0},"down":{"uv":[3.5,5,4,5.5],"texture":"#0","tintindex":0}}},{"from":[3,3,3],"to":[13,11,13],"rotation":{"angle":22.5,"axis":"x","origin":[8,3,8]},"faces":{"north":{"uv":[5,0,10,4],"texture":"#0","tintindex":0},"east":{"uv":[10,4,5,8],"texture":"#0","tintindex":0},"south":{"uv":[5,0,10,4],"texture":"#0","tintindex":0},"west":{"uv":[5,4,10,8],"texture":"#0","tintindex":0},"up":{"uv":[0,0,5,5],"rotation":180,"texture":"#0","tintindex":0},"down":{"uv":[3.5,5,4,5.5],"texture":"#0","tintindex":0}}}],"display":{"gui":{"rotation":[30,135,0],"translation":[0,2.5,0],"scale":[0.86,0.86,0.86]},"head":{"rotation":[4,0,0],"translation":[0,16.75,1],"scale":[1.9,1.9,1.9]},"fixed":{"rotation":[-90,0,0],"translation":[0,0,-16.75],"scale":[2,2,2]},"thirdperson_righthand":{"rotation":[94.0,0,0],"translation":[-1.0,-2.625,23.564453],"scale":[1.1132812,1.1132812,1.1132812]}},"groups":[0,1,2,{"name":"group","origin":[8,3,8],"children":[3,4,5,6]}]}