{"credit":"Made with Blockbench","texture_size":[32,32],"textures":{"0":"custom/cosmetics/beanie","particle":"custom/cosmetics/beanie"},"elements":[{"from":[2.5,0,2.5],"to":[13.5,3,13.5],"rotation":{"angle":0,"axis":"y","origin":[10,8,8]},"faces":{"north":{"uv":[4.5,5.5,10,7],"texture":"#0","tintindex":0},"east":{"uv":[4.5,5.5,10,7],"texture":"#0","tintindex":0},"south":{"uv":[4.5,5.5,10,7],"texture":"#0","tintindex":0},"west":{"uv":[4.5,5.5,10,7],"texture":"#0","tintindex":0},"up":{"uv":[0,0,5.5,5.5],"texture":"#0","tintindex":0},"down":{"uv":[5.5,0,11,5.5],"texture":"#0","tintindex":0}}},{"from":[3.5,3,3.5],"to":[12.5,8,12.5],"rotation":{"angle":0,"axis":"y","origin":[11,11,12]},"faces":{"north":{"uv":[0,10,4.5,12.5],"texture":"#0","tintindex":0},"east":{"uv":[0,10,4.5,12.5],"texture":"#0","tintindex":0},"south":{"uv":[0,10,4.5,12.5],"texture":"#0","tintindex":0},"west":{"uv":[0,10,4.5,12.5],"texture":"#0","tintindex":0},"up":{"uv":[0,5.5,4.5,10],"texture":"#0","tintindex":0},"down":{"uv":[6,0.5,10.5,5],"texture":"#0","tintindex":0}}}],"display":{"thirdperson_righthand":{"rotation":[97.0,0,0],"translation":[-1.0,-2.625,21.367188],"scale":[0.97265625,0.97265625,0.97265625]},"thirdperson_lefthand":{"rotation":[48,55,0],"translation":[0,2,1],"scale":[0.39,0.39,0.39]},"firstperson_righthand":{"rotation":[0,36,0],"translation":[11.25,2.5,-6.25]},"firstperson_lefthand":{"rotation":[0,36,0],"translation":[11.25,2.5,-6.25]},"ground":{"translation":[0,3,0],"scale":[0.39,0.39,0.39]},"gui":{"rotation":[30,45,0],"translation":[0,3.5,0]},"head":{"rotation":[7,0,0],"translation":[0,13,1],"scale":[1.66,1.66,1.66]},"fixed":{"rotation":[-90,0,0],"translation":[0,0,-16],"scale":[2.01,2.01,2.01]}}}