{"credit":"Made with Blockbench","textures":{"0":"custom/cosmetics/beret","particle":"custom/cosmetics/beret"},"elements":[{"from":[3,0,3],"to":[13,3,13],"faces":{"north":{"uv":[0,11,10,14],"texture":"#0","tintindex":0},"east":{"uv":[0,11,10,14],"texture":"#0","tintindex":0},"south":{"uv":[0,11,10,14],"texture":"#0","tintindex":0},"west":{"uv":[0,11,10,14],"texture":"#0","tintindex":0},"up":{"uv":[0,0,10,10],"texture":"#0","tintindex":0},"down":{"uv":[4,13,5,14],"texture":"#0","tintindex":0}}},{"from":[7,3,8],"to":[9,5,8],"faces":{"north":{"uv":[10,0,12,2],"texture":"#0","tintindex":0},"south":{"uv":[12,0,10,2],"texture":"#0","tintindex":0}}}],"display":{"thirdperson_righthand":{"rotation":[90.0,0,9],"translation":[-2.09375,-2.0,23.564453],"scale":[0.9375,0.9375,0.9375]},"thirdperson_lefthand":{"rotation":[61,44,0],"translation":[0,2.5,2],"scale":[0.4,0.4,0.4]},"firstperson_righthand":{"rotation":[0,-59,0],"translation":[6.25,5.5,0]},"firstperson_lefthand":{"rotation":[0,-59,0],"translation":[6.25,5.5,0]},"ground":{"translation":[0,4.75,0],"scale":[0.4,0.4,0.4]},"gui":{"rotation":[30,45,0],"translation":[0,5.25,0]},"head":{"rotation":[0,0,9],"translation":[-1.75,16.75,0],"scale":[1.6,1.6,1.6]},"fixed":{"rotation":[-90,0,0],"translation":[0,0,-16],"scale":[2,2,2]}}}