{"credit":"Made with Blockbench","textures":{"0":"custom/cosmetics/female_hair4","particle":"custom/cosmetics/female_hair4"},"elements":[{"from":[5.5,0,5.5],"to":[10.5,4,10.5],"faces":{"north":{"uv":[1,5,6,9],"texture":"#0","tintindex":0},"east":{"uv":[1,5,6,9],"texture":"#0","tintindex":0},"south":{"uv":[1,5,6,9],"texture":"#0","tintindex":0},"west":{"uv":[1,5,6,9],"texture":"#0","tintindex":0},"up":{"uv":[1,0,6,5],"texture":"#0","tintindex":0},"down":{"uv":[1,8,2,9],"texture":"#0","tintindex":0}}},{"from":[5.5,-6,7.5],"to":[10.5,0,10.5],"faces":{"east":{"uv":[3,9,6,15],"texture":"#0","tintindex":0},"south":{"uv":[6,9,11,15],"texture":"#0","tintindex":0},"west":{"uv":[3,9,6,15],"texture":"#0","tintindex":0}}},{"from":[10.5,0,10.5],"to":[5.5,-6,7.5],"faces":{"north":{"uv":[6,9,11,15],"rotation":180,"texture":"#0","tintindex":0},"east":{"uv":[3,9,6,15],"rotation":180,"texture":"#0","tintindex":0},"west":{"uv":[3,9,6,15],"rotation":180,"texture":"#0","tintindex":0}}},{"from":[6.5,1,5.4],"to":[9.5,2,5.4],"faces":{"north":{"uv":[7,8,10,9],"texture":"#0"},"south":{"uv":[7,8,10,9],"texture":"#0"}}}],"display":{"thirdperson_righthand":{"rotation":[90.0,0.0,0.0],"translation":[-1.0,-6.21875,24.003906],"scale":[0.9375,0.9375,0.9375]},"thirdperson_lefthand":{"rotation":[50,44,0],"translation":[0,2.5,2],"scale":[0.4,0.4,0.4]},"firstperson_righthand":{"rotation":[0,-179,0],"translation":[2,10.75,0]},"firstperson_lefthand":{"rotation":[0,-179,0],"translation":[2,10.75,0]},"ground":{"translation":[0,12.5,0],"scale":[0.4,0.4,0.4]},"gui":{"rotation":[30,135,0],"translation":[0,10.25,0],"scale":[1.5,1.5,1.5]},"head":{"translation":[0,17.5,6.75],"scale":[1.6,1.6,1.6]},"fixed":{"translation":[0,7,-2.75]}}}