{"credit":"Made with Blockbench","texture_size":[32,32],"textures":{"0":"custom/cosmetics/flame_fist/flame_fist","1":"custom/cosmetics/flame_fist/flame_arm","particle":"custom/cosmetics/flame_fist/flame_fist"},"elements":[{"from":[5,0,5],"to":[11,12,11],"faces":{"north":{"uv":[3,0,6,6],"texture":"#0","tintindex":0},"east":{"uv":[0,0,3,6],"texture":"#0","tintindex":0},"south":{"uv":[6,0,3,6],"texture":"#0","tintindex":0},"west":{"uv":[0,0,3,6],"texture":"#0","tintindex":0},"down":{"uv":[0,6,3,9],"texture":"#0","tintindex":0}}},{"from":[11,12,11],"to":[5,0,5],"faces":{"north":{"uv":[3,0,6,6],"rotation":180,"texture":"#0","tintindex":0},"east":{"uv":[3,0,0,6],"rotation":180,"texture":"#0","tintindex":0},"south":{"uv":[6,0,3,6],"rotation":180,"texture":"#0","tintindex":0},"west":{"uv":[3,0,0,6],"rotation":180,"texture":"#0","tintindex":0},"up":{"uv":[0,6,3,9],"texture":"#0","tintindex":0}}},{"from":[5.5,5,5.5],"to":[10.5,21,10.5],"faces":{"north":{"uv":[5,0,10,16],"texture":"#1","tintindex":0},"east":{"uv":[0,0,5,16],"texture":"#1","tintindex":0},"south":{"uv":[10,0,5,16],"texture":"#1","tintindex":0},"west":{"uv":[0,0,5,16],"texture":"#1","tintindex":0}}}],"display":{"thirdperson_righthand":{"rotation":[90.0,90.0,-0.0],"translation":[-1.9375,-2.0,6.015625],"scale":[0.9375,0.9375,0.9375]},"thirdperson_lefthand":{"rotation":[90,-90,0],"translation":[0,-2,5.75]},"firstperson_righthand":{"rotation":[128,-1,-1],"translation":[9.75,-4.75,2.5]},"firstperson_lefthand":{"rotation":[128,-1,-1],"translation":[9.75,-4.75,2.5],"scale":[0,0,0]},"gui":{"rotation":[0,0,-50],"translation":[-0.75,-0.75,0],"scale":[0.85,0.85,0.85]}}}