{"credit":"Made with Blockbench","texture_size":[32,32],"textures":{"0":"custom/cosmetics/foam_finger","particle":"custom/cosmetics/foam_finger"},"elements":[{"from":[0,2,5],"to":[15,13,10],"faces":{"north":{"uv":[7.5,4.5,15,10],"texture":"#0"},"south":{"uv":[15,4.5,7.5,10],"texture":"#0"}}},{"from":[9,13,5],"to":[15,22,10],"faces":{"north":{"uv":[7.5,0,10.5,4.5],"texture":"#0"},"south":{"uv":[7.5,0,10.5,4.5],"texture":"#0"}}},{"from":[2,0,5],"to":[13,2,10],"faces":{"north":{"uv":[8.5,10,14,11],"texture":"#0"},"south":{"uv":[8.5,10,14,11],"texture":"#0"}}},{"from":[0,2,5],"to":[15,13,10],"faces":{"north":{"uv":[0,4.5,7.5,10],"texture":"#0","tintindex":0},"east":{"uv":[4.5,13.5,10,16],"rotation":90,"texture":"#0","tintindex":0},"south":{"uv":[7.5,4.5,0,10],"texture":"#0","tintindex":0},"west":{"uv":[4.5,11,10,13.5],"rotation":90,"texture":"#0","tintindex":0},"up":{"uv":[13.5,8.5,16,16],"rotation":90,"texture":"#0","tintindex":0},"down":{"uv":[0,9.5,7.5,10],"rotation":180,"texture":"#0","tintindex":0}}},{"from":[9,13,5],"to":[15,22,10],"faces":{"north":{"uv":[0,0,3,4.5],"texture":"#0","tintindex":0},"east":{"uv":[0,13.5,4.5,16],"rotation":90,"texture":"#0","tintindex":0},"south":{"uv":[3,0,0,4.5],"texture":"#0","tintindex":0},"west":{"uv":[0,11,4.5,13.5],"rotation":90,"texture":"#0","tintindex":0},"up":{"uv":[10,11,13,13.5],"texture":"#0","tintindex":0}}},{"from":[2,0,5],"to":[13,2,10],"faces":{"north":{"uv":[1,10,6.5,11],"texture":"#0","tintindex":0},"east":{"uv":[10,13.5,11,16],"rotation":90,"texture":"#0","tintindex":0},"south":{"uv":[1,10,6.5,11],"texture":"#0","tintindex":0},"west":{"uv":[10,13.5,11,16],"rotation":90,"texture":"#0","tintindex":0},"down":{"uv":[7.5,13.5,8.5,16],"rotation":180,"texture":"#0","tintindex":0}}}],"display":{"thirdperson_righthand":{"rotation":[-65.0,-90.0,-0.0],"translation":[-2.640625,1.28125,-2.65625],"scale":[0.9375,0.9375,0.9375]},"thirdperson_lefthand":{"rotation":[-65,90,0],"translation":[0.75,1.5,-3.5]},"firstperson_righthand":{"rotation":[-73,-67,0],"translation":[25.75,-12,-11]},"firstperson_lefthand":{"rotation":[-73,112,0],"translation":[25.75,-12,-11],"scale":[0,0,0]},"gui":{"rotation":[30,135,0],"translation":[0.25,-1.75,0],"scale":[0.64,0.64,0.64]}},"groups":[0,1,2,{"name":"group","origin":[0,0,0],"children":[3,4,5]}]}