{"credit":"Made with Blockbench","texture_size":[64,64],"textures":{"0":"custom/cosmetics/football_helmet","particle":"custom/cosmetics/football_helmet"},"elements":[{"from":[2.5,0,0],"to":[13.5,6,8],"rotation":{"angle":-22.5,"axis":"x","origin":[8,3,5]},"faces":{"north":{"uv":[5.25,0,8,1.5],"texture":"#0"},"east":{"uv":[10,0,8,1.5],"texture":"#0"},"west":{"uv":[8,0,10,1.5],"texture":"#0"}}},{"from":[13.5,6,8],"to":[2.5,0,0],"rotation":{"angle":-22.5,"axis":"x","origin":[8,3,5]},"faces":{"east":{"uv":[10,0,8,1.5],"rotation":180,"texture":"#0"},"south":{"uv":[5.25,0,8,1.5],"rotation":180,"texture":"#0"},"west":{"uv":[8,0,10,1.5],"rotation":180,"texture":"#0"}}},{"from":[3,0,2],"to":[13,10,13],"faces":{"north":{"uv":[0,5.25,2.5,7.75],"texture":"#0"},"east":{"uv":[5.25,5.25,2.5,7.75],"texture":"#0"},"south":{"uv":[2.5,7.75,5,10.25],"texture":"#0"},"west":{"uv":[2.5,5.25,5.25,7.75],"texture":"#0"},"up":{"uv":[0,7.75,2.5,10.5],"rotation":180,"texture":"#0"},"down":{"uv":[5,7.75,7.5,10.5],"texture":"#0"}}},{"from":[13,10,13],"to":[3,0,2],"faces":{"north":{"uv":[2.5,7.75,5,10.25],"rotation":180,"texture":"#0"},"east":{"uv":[5.25,5.25,2.5,7.75],"rotation":180,"texture":"#0"},"south":{"uv":[0,5.25,2.5,7.75],"rotation":180,"texture":"#0"},"west":{"uv":[2.5,5.25,5.25,7.75],"rotation":180,"texture":"#0"},"up":{"uv":[5,7.75,7.5,10.5],"texture":"#0"},"down":{"uv":[0,7.75,2.5,10.5],"rotation":180,"texture":"#0"}}},{"from":[3,0,2],"to":[13,10,13],"faces":{"north":{"uv":[0,0,2.5,2.5],"texture":"#0","tintindex":0},"east":{"uv":[5.25,0,2.5,2.5],"texture":"#0","tintindex":0},"south":{"uv":[2.5,2.5,5,5],"texture":"#0","tintindex":0},"west":{"uv":[2.5,0,5.25,2.5],"texture":"#0","tintindex":0},"up":{"uv":[0,2.5,2.5,5.25],"rotation":180,"texture":"#0","tintindex":0},"down":{"uv":[5,2.5,7.5,5.25],"texture":"#0","tintindex":0}}},{"from":[13,10,13],"to":[3,0,2],"faces":{"north":{"uv":[2.5,2.5,5,5],"rotation":180,"texture":"#0","tintindex":0},"east":{"uv":[5.25,0,2.5,2.5],"rotation":180,"texture":"#0","tintindex":0},"south":{"uv":[0,0,2.5,2.5],"rotation":180,"texture":"#0","tintindex":0},"west":{"uv":[2.5,0,5.25,2.5],"rotation":180,"texture":"#0","tintindex":0},"up":{"uv":[5,2.5,7.5,5.25],"texture":"#0","tintindex":0},"down":{"uv":[0,2.5,2.5,5.25],"rotation":180,"texture":"#0","tintindex":0}}}],"display":{"gui":{"rotation":[30,135,0],"translation":[1.25,3.25,0],"scale":[0.9,0.9,0.9]},"head":{"translation":[0,5.75,0.25],"scale":[1.61,1.61,1.61]},"thirdperson_righthand":{"rotation":[90.0,0.0,0.0],"translation":[-1.0,-2.15625,17.11914],"scale":[0.9433594,0.9433594,0.9433594]}},"groups":[0,1,2,3,{"name":"group","origin":[0,0,0],"children":[4,5]}]}