{"credit":"Made with Blockbench","textures":{"0":"custom/cosmetics/male_hair2","particle":"custom/cosmetics/male_hair2"},"elements":[{"from":[4,0,3],"to":[12,4,12],"faces":{"north":{"uv":[0,2,4,4],"texture":"#0","tintindex":0},"east":{"uv":[0,0,4.5,2],"texture":"#0","tintindex":0},"south":{"uv":[0,4,4,6],"texture":"#0","tintindex":0},"west":{"uv":[4.5,0,0,2],"texture":"#0","tintindex":0},"up":{"uv":[4.5,0,8.5,4.5],"texture":"#0","tintindex":0},"down":{"uv":[8.5,0,12.5,4.5],"rotation":180,"texture":"#0","tintindex":0}}},{"from":[3.5,-0.5,2.5],"to":[12.5,4.5,12.5],"faces":{"north":{"uv":[0,10,4,12],"texture":"#0","tintindex":0},"east":{"uv":[0,8,4.5,10],"texture":"#0","tintindex":0},"south":{"uv":[0,12,4,14],"texture":"#0","tintindex":0},"west":{"uv":[4.5,8,0,10],"texture":"#0","tintindex":0},"up":{"uv":[4.5,8,8.5,12.5],"texture":"#0","tintindex":0},"down":{"uv":[8.5,8,12.5,12.5],"rotation":180,"texture":"#0","tintindex":0}}},{"from":[12.5,4.5,12.5],"to":[3.5,-0.5,2.5],"faces":{"north":{"uv":[0,12,4,14],"rotation":180,"texture":"#0","tintindex":0},"east":{"uv":[0,8,4.5,10],"rotation":180,"texture":"#0","tintindex":0},"south":{"uv":[0,10,4,12],"rotation":180,"texture":"#0","tintindex":0},"west":{"uv":[4.5,8,0,10],"rotation":180,"texture":"#0","tintindex":0},"up":{"uv":[8.5,8,12.5,12.5],"rotation":180,"texture":"#0","tintindex":0},"down":{"uv":[8.5,8,4.5,12.5],"texture":"#0","tintindex":0}}}],"display":{"thirdperson_righthand":{"rotation":[90.0,0.0,0.0],"translation":[-1.0,-2.0,23.710938],"scale":[0.9550781,0.9550781,0.9550781]},"thirdperson_lefthand":{"rotation":[47,33,0],"translation":[0,2.5,2],"scale":[0.4,0.4,0.4]},"firstperson_righthand":{"rotation":[0,34,0],"translation":[10.25,4.75,-5.25]},"firstperson_lefthand":{"rotation":[0,34,0],"translation":[10.25,4.75,-5.25]},"ground":{"translation":[0,6.75,0],"scale":[0.4,0.4,0.4]},"gui":{"rotation":[30,45,0],"translation":[0.5,4.75,0]},"head":{"translation":[0,17,0],"scale":[1.63,1.63,1.63]},"fixed":{"rotation":[-90,0,0],"translation":[0,0,-16],"scale":[2,2,2]}}}