{"credit":"Made with Blockbench","textures":{"0":"custom/cosmetics/male_hair3","particle":"custom/cosmetics/male_hair3"},"elements":[{"from":[2,0,0],"to":[14,10,12],"faces":{"north":{"uv":[0,0,3,2.5],"texture":"#0","tintindex":0},"east":{"uv":[0,2.5,3,5],"texture":"#0","tintindex":0},"south":{"uv":[0,2.5,3,5],"texture":"#0","tintindex":0},"west":{"uv":[0,2.5,3,5],"texture":"#0","tintindex":0},"up":{"uv":[6,0,3,3],"rotation":90,"texture":"#0","tintindex":0},"down":{"uv":[3,3,6,6],"rotation":180,"texture":"#0","tintindex":0}}},{"from":[1.25,-0.75,-0.75],"to":[14.75,10.75,12.75],"faces":{"north":{"uv":[6.25,0,9.25,2.5],"texture":"#0","tintindex":0},"east":{"uv":[6.25,2.5,9.25,5],"texture":"#0","tintindex":0},"south":{"uv":[6.25,2.5,9.25,5],"texture":"#0","tintindex":0},"west":{"uv":[6.25,2.5,9.25,5],"texture":"#0","tintindex":0},"up":{"uv":[12.25,0,9.25,3],"rotation":90,"texture":"#0","tintindex":0},"down":{"uv":[9.25,3,12.25,6],"rotation":180,"texture":"#0","tintindex":0}}},{"from":[14.75,10.75,12.75],"to":[1.25,-0.75,-0.75],"faces":{"north":{"uv":[6.25,2.5,9.25,5],"rotation":180,"texture":"#0","tintindex":0},"east":{"uv":[6.25,2.5,9.25,5],"rotation":180,"texture":"#0","tintindex":0},"south":{"uv":[6.25,0,9.25,2.5],"rotation":180,"texture":"#0","tintindex":0},"west":{"uv":[6.25,2.5,9.25,5],"rotation":180,"texture":"#0","tintindex":0},"up":{"uv":[9.25,3,12.25,6],"rotation":180,"texture":"#0","tintindex":0},"down":{"uv":[12.25,3,9.25,0],"rotation":90,"texture":"#0","tintindex":0}}}],"display":{"ground":{"translation":[0,2.5,1],"scale":[0.4,0.4,0.4]},"gui":{"rotation":[30,45,0],"translation":[1.25,1.5,0],"scale":[0.8,0.8,0.8]},"head":{"translation":[0,11,6.5],"scale":[1.6,1.6,1.6]},"fixed":{"rotation":[-90,0,0],"translation":[0,4,-17.75],"scale":[2,2,2]},"thirdperson_righthand":{"rotation":[90.0,0.0,0.0],"translation":[-1.0,-6.0625,20.195312],"scale":[0.9375,0.9375,0.9375]}}}