{"credit":"Made with Blockbench","textures":{"0":"custom/cosmetics/male_hair1","particle":"custom/cosmetics/male_hair1"},"elements":[{"from":[5,0,4],"to":[11,4,12],"faces":{"north":{"uv":[0,4,6,8],"texture":"#0","tintindex":0},"east":{"uv":[0,0,8,4],"texture":"#0","tintindex":0},"south":{"uv":[0,8,6,12],"texture":"#0","tintindex":0},"west":{"uv":[8,0,0,4],"texture":"#0","tintindex":0}}},{"from":[11,4,12],"to":[5,0,4],"faces":{"north":{"uv":[6,8,0,12],"rotation":180,"texture":"#0","tintindex":0},"east":{"uv":[0,0,8,4],"rotation":180,"texture":"#0","tintindex":0},"south":{"uv":[6,4,0,8],"rotation":180,"texture":"#0","tintindex":0},"west":{"uv":[8,0,0,4],"rotation":180,"texture":"#0","tintindex":0}}}],"display":{"thirdperson_righthand":{"rotation":[90.0,0.0,0.0],"translation":[-1.0,-2.0,25.0],"scale":[0.9375,0.9375,0.9375]},"thirdperson_lefthand":{"rotation":[54,20,0],"translation":[0,1.75,3.25],"scale":[0.4,0.4,0.4]},"firstperson_righthand":{"rotation":[0,35,0],"translation":[3,8,0]},"firstperson_lefthand":{"rotation":[0,35,0],"translation":[3,8,0]},"ground":{"translation":[0,4.25,0],"scale":[0.5,0.5,0.5]},"gui":{"rotation":[30,135,0],"translation":[0,6.25,0]},"head":{"translation":[0,19.2,0],"scale":[1.6,1.6,1.6]}}}