{"credit":"Made with Blockbench","textures":{"0":"custom/cosmetics/newspaper","particle":"custom/cosmetics/newspaper"},"elements":[{"from":[8,0,8],"to":[16,10,8],"rotation":{"angle":-22.5,"axis":"y","origin":[8,8,8]},"faces":{"north":{"uv":[8,0,4,5],"texture":"#0"},"south":{"uv":[4,0,8,5],"texture":"#0"}}},{"from":[0,0,8],"to":[8,10,8],"rotation":{"angle":22.5,"axis":"y","origin":[8,8,8]},"faces":{"north":{"uv":[4,0,0,5],"texture":"#0"},"south":{"uv":[0,0,4,5],"texture":"#0"}}}],"display":{"thirdperson_righthand":{"rotation":[28.0,-0.0,-0.0],"translation":[3.6875,6.4375,1.328125],"scale":[0.9375,0.9375,0.9375]},"thirdperson_lefthand":{"rotation":[28,0,0],"translation":[-6,7,0.75]},"firstperson_righthand":{"rotation":[-28,0,0],"translation":[-9,3.75,0]},"firstperson_lefthand":{"rotation":[-28,0,0],"translation":[-9,3.75,0]},"ground":{"translation":[0,4.5,0],"scale":[0.4,0.4,0.4]},"gui":{"translation":[0,3.25,0]},"head":{"rotation":[73,0,0],"translation":[0,12.5,3.5],"scale":[1.6,1.6,1.6]},"fixed":{"translation":[0,6,-6],"scale":[2,2,2]}}}