{"credit":"Made with Blockbench","textures":{"0":"custom/cosmetics/racoon_hat","particle":"custom/cosmetics/racoon_hat"},"elements":[{"from":[3,0,3],"to":[13,5,13],"faces":{"north":{"uv":[0,0,5,2.5],"texture":"#0"},"east":{"uv":[0,0,5,2.5],"texture":"#0"},"south":{"uv":[0,0,5,2.5],"texture":"#0"},"west":{"uv":[0,0,5,2.5],"texture":"#0"},"up":{"uv":[5,2.5,10,7.5],"texture":"#0"},"down":{"uv":[0,2.5,5,7.5],"texture":"#0"}}},{"from":[1,-8,5],"to":[4,3,8],"rotation":{"angle":22.5,"axis":"x","origin":[1.51398,-2.50697,5.49297]},"faces":{"north":{"uv":[10,2,11.5,7.5],"texture":"#0"},"east":{"uv":[10,2,11.5,7.5],"texture":"#0"},"south":{"uv":[10,2,11.5,7.5],"texture":"#0"},"west":{"uv":[10,2,11.5,7.5],"texture":"#0"},"up":{"uv":[5,0,6.5,1.5],"rotation":180,"texture":"#0"},"down":{"uv":[6.5,0,8,1.5],"rotation":90,"texture":"#0"}}}],"display":{"thirdperson_righthand":{"rotation":[90.0,0.0,0.0],"translation":[-1.0,-2.0,23.125],"scale":[0.9375,0.9375,0.9375]},"thirdperson_lefthand":{"rotation":[64,-34,0],"translation":[0,1,2.5],"scale":[0.4,0.4,0.4]},"firstperson_righthand":{"rotation":[0,-18,0],"translation":[11.75,5,-5.75]},"firstperson_lefthand":{"rotation":[0,158,0],"translation":[11.75,5,-5.75]},"ground":{"translation":[0,4.5,0],"scale":[0.4,0.4,0.4]},"gui":{"rotation":[30,45,0],"translation":[0.75,6.75,0],"scale":[0.9,0.9,0.9]},"head":{"translation":[0,16,0],"scale":[1.6,1.6,1.6]},"fixed":{"rotation":[-90,0,0],"translation":[0,0,-16],"scale":[2,2,2]}}}