{"credit":"Made with Blockbench","textures":{"0":"custom/cosmetics/sun_hat","particle":"custom/cosmetics/sun_hat"},"elements":[{"from":[-6,0,-6],"to":[22,0,22],"rotation":{"angle":0,"axis":"z","origin":[8,-9.8,8]},"faces":{"up":{"uv":[0,2.75,7,9.75],"texture":"#0"},"down":{"uv":[0,2.75,7,9.75],"texture":"#0"}}},{"from":[3,0,3],"to":[13,5,13],"rotation":{"angle":0,"axis":"z","origin":[8,-9.8,8]},"faces":{"north":{"uv":[0,0,2.5,1.25],"texture":"#0"},"east":{"uv":[0,0,2.5,1.25],"texture":"#0"},"south":{"uv":[0,0,2.5,1.25],"texture":"#0"},"west":{"uv":[0,0,2.5,1.25],"texture":"#0"},"up":{"uv":[2.25,5,4.75,7.5],"texture":"#0"}}},{"from":[2.75,0,2.75],"to":[13.25,6.5,13.25],"rotation":{"angle":0,"axis":"z","origin":[8,-9.8,8]},"faces":{"north":{"uv":[0,1.25,2.5,2.75],"texture":"#0","tintindex":0},"east":{"uv":[0,1.25,2.5,2.75],"texture":"#0","tintindex":0},"south":{"uv":[0,1.25,2.5,2.75],"texture":"#0","tintindex":0},"west":{"uv":[2.5,1.25,5,2.75],"texture":"#0","tintindex":0}}},{"from":[13.25,6.5,13.25],"to":[2.75,0,2.75],"rotation":{"angle":0,"axis":"z","origin":[8,-9.8,8]},"faces":{"north":{"uv":[0,1.25,2.5,2.75],"rotation":180,"texture":"#0","tintindex":0},"east":{"uv":[5,1.25,2.5,2.75],"rotation":180,"texture":"#0","tintindex":0},"south":{"uv":[0,1.25,2.5,2.75],"rotation":180,"texture":"#0","tintindex":0},"west":{"uv":[0,1.25,2.5,2.75],"rotation":180,"texture":"#0","tintindex":0}}},{"from":[-6.25,0.25,9],"to":[3.75,0.25,11],"faces":{"up":{"uv":[7,2,7.5,4.5],"rotation":90,"texture":"#0","tintindex":0},"down":{"uv":[7.5,2,7,4.5],"rotation":90,"texture":"#0","tintindex":0}}},{"from":[-6.25,-7.75,9],"to":[-6.25,0.25,11],"faces":{"east":{"uv":[7.5,4.75,7,6.75],"texture":"#0","tintindex":0},"west":{"uv":[7,4.75,7.5,6.75],"texture":"#0","tintindex":0}}}],"display":{"thirdperson_righthand":{"rotation":[103.0,0,0],"translation":[-1.0,-3.5625,22.246094],"scale":[0.87890625,0.87890625,0.87890625]},"thirdperson_lefthand":{"rotation":[46,0,0],"translation":[0,1.25,1.25],"scale":[0.3,0.3,0.3]},"firstperson_righthand":{"rotation":[0,23,0],"translation":[18.5,-2.5,-13.5]},"firstperson_lefthand":{"rotation":[0,23,0],"translation":[18.5,-2.5,-13.5]},"ground":{"translation":[0,5.25,0],"scale":[0.3,0.3,0.3]},"gui":{"rotation":[30,135,0],"translation":[0,3.75,0],"scale":[0.5,0.5,0.5]},"head":{"rotation":[13,0,0],"translation":[0,14.5,2.5],"scale":[1.5,1.5,1.5]},"fixed":{"rotation":[-90,0,0],"translation":[0,0,-16.75],"scale":[2,2,2]}},"groups":[{"name":"group","origin":[8,13,8],"children":[0,1,2,3]},4,5]}