{"credit":"Made with Blockbench","textures":{"0":"custom/cosmetics/walker","particle":"custom/cosmetics/walker"},"elements":[{"from":[2,0,3],"to":[3,16,4],"rotation":{"angle":0,"axis":"y","origin":[6,8,8]},"faces":{"north":{"uv":[0,0,0.5,8],"texture":"#0"},"east":{"uv":[0,0,0.5,8],"texture":"#0"},"south":{"uv":[0,0,0.5,8],"texture":"#0"},"west":{"uv":[0,0,0.5,8],"texture":"#0"},"up":{"uv":[0,0,0.5,0.5],"texture":"#0"}}},{"from":[13,0,3],"to":[14,16,4],"rotation":{"angle":0,"axis":"y","origin":[17,8,8]},"faces":{"north":{"uv":[0,0,0.5,8],"texture":"#0"},"east":{"uv":[0,0,0.5,8],"texture":"#0"},"south":{"uv":[0,0,0.5,8],"texture":"#0"},"west":{"uv":[0,0,0.5,8],"texture":"#0"},"up":{"uv":[0,0,0.5,0.5],"texture":"#0"}}},{"from":[2,0,12],"to":[3,16,13],"rotation":{"angle":0,"axis":"y","origin":[6,8,9]},"faces":{"north":{"uv":[0,0,0.5,8],"texture":"#0"},"east":{"uv":[0,0,0.5,8],"texture":"#0"},"south":{"uv":[0,0,0.5,8],"texture":"#0"},"west":{"uv":[0,0,0.5,8],"texture":"#0"},"up":{"uv":[0,0,0.5,0.5],"texture":"#0"}}},{"from":[13,0,12],"to":[14,16,13],"rotation":{"angle":0,"axis":"y","origin":[17,8,9]},"faces":{"north":{"uv":[0,0,0.5,8],"texture":"#0"},"east":{"uv":[0,0,0.5,8],"texture":"#0"},"south":{"uv":[0,0,0.5,8],"texture":"#0"},"west":{"uv":[0,0,0.5,8],"texture":"#0"},"up":{"uv":[0,0,0.5,0.5],"texture":"#0"}}},{"from":[2,15,4],"to":[3,16,12],"rotation":{"angle":0,"axis":"y","origin":[7,8,9]},"faces":{"east":{"uv":[0.5,7,4.5,7.5],"texture":"#0"},"west":{"uv":[0.5,7,4.5,7.5],"texture":"#0"},"up":{"uv":[0.5,7,4.5,7.5],"rotation":90,"texture":"#0"},"down":{"uv":[0.5,7,4.5,7.5],"rotation":90,"texture":"#0"}}},{"from":[13,15,4],"to":[14,16,12],"rotation":{"angle":0,"axis":"y","origin":[7,8,9]},"faces":{"east":{"uv":[0.5,7,4.5,7.5],"texture":"#0"},"west":{"uv":[0.5,7,4.5,7.5],"texture":"#0"},"up":{"uv":[0.5,7,4.5,7.5],"rotation":90,"texture":"#0"},"down":{"uv":[0.5,7,4.5,7.5],"rotation":90,"texture":"#0"}}},{"from":[2,3,3],"to":[14,13,13],"faces":{"north":{"uv":[5.5,0,11.5,5],"texture":"#0"},"east":{"uv":[0.5,0,5.5,5],"texture":"#0"},"west":{"uv":[0.5,0,5.5,5],"texture":"#0"}}},{"from":[14,13,13],"to":[2,3,3],"faces":{"east":{"uv":[0.5,0,5.5,5],"rotation":180,"texture":"#0"},"south":{"uv":[5.5,0,11.5,5],"rotation":180,"texture":"#0"},"west":{"uv":[0.5,0,5.5,5],"rotation":180,"texture":"#0"}}}],"display":{"thirdperson_righthand":{"rotation":[68,0,0],"translation":[-6,-3.25,-5]},"thirdperson_lefthand":{"rotation":[68,0,0],"translation":[-6,-3.25,-5]},"firstperson_righthand":{"translation":[-9,-3.75,7.75]},"firstperson_lefthand":{"translation":[-9,-3.75,7.75]},"ground":{"translation":[0,5.75,0],"scale":[0.4,0.4,0.4]},"gui":{"rotation":[30,135,0],"scale":[0.7,0.7,0.7]},"head":{"scale":[1.46,1.46,1.46]},"fixed":{"rotation":[-90,0,0],"translation":[0,0,-16],"scale":[2,2,2]}}}