{"credit":"Made with Blockbench","texture_size":[64,64],"textures":{"0":"custom/cosmetics/vote/rascal_balloon/rascal_balloon","particle":"custom/cosmetics/vote/rascal_balloon/rascal_balloon"},"elements":[{"from":[4.5,5,-5],"to":[11.5,11,2],"faces":{"north":{"uv":[0,0,1.75,1.5],"texture":"#0"},"east":{"uv":[3.75,0,2,1.5],"texture":"#0"},"south":{"uv":[0,0,0.75,0.5],"texture":"#0"},"west":{"uv":[2,0,3.75,1.5],"texture":"#0"},"up":{"uv":[0,0,0.75,0.5],"texture":"#0"},"down":{"uv":[4,0,5.75,1.75],"texture":"#0"}}},{"from":[4.25,4.75,-5.25],"to":[11.75,11.25,2.25],"faces":{"north":{"uv":[10,0,11.75,1.5],"texture":"#0","tintindex":0},"east":{"uv":[8,0,9.75,1.5],"texture":"#0","tintindex":0},"south":{"uv":[12,0,13.75,1.5],"texture":"#0","tintindex":0},"west":{"uv":[9.75,0,8,1.5],"texture":"#0","tintindex":0},"up":{"uv":[6,0,7.75,1.75],"rotation":180,"texture":"#0","tintindex":0}}},{"from":[4.35,2.5,-3],"to":[4.35,7.5,2],"faces":{"east":{"uv":[14,0,15.25,1.25],"texture":"#0","tintindex":0},"west":{"uv":[14,0,15.25,1.25],"texture":"#0","tintindex":0}}},{"from":[11.65,2.5,-3],"to":[11.65,7.5,2],"rotation":{"angle":0,"axis":"y","origin":[16,0,0]},"faces":{"east":{"uv":[15.25,0,14,1.25],"texture":"#0","tintindex":0},"west":{"uv":[15.25,0,14,1.25],"texture":"#0","tintindex":0}}},{"name":"cube inverted","from":[11.75,11.25,2.25],"to":[4.25,4.75,-5.25],"faces":{"north":{"uv":[12,1.5,13.75,0],"texture":"#0","tintindex":0},"east":{"uv":[9.75,1.5,8,0],"texture":"#0","tintindex":0},"south":{"uv":[10,1.5,11.75,0],"texture":"#0","tintindex":0},"west":{"uv":[8,1.5,9.75,0],"texture":"#0","tintindex":0},"down":{"uv":[7.75,0,6,1.75],"rotation":180,"texture":"#0","tintindex":0}}}],"display":{"gui":{"rotation":[30,135,0],"translation":[-0.25,1,0],"scale":[0.57,0.57,0.57]},"head":{"translation":[0,-6,13.25],"scale":[2.2857,2.2857,2.2857]}},"groups":[0,1,{"name":"group","origin":[0,0,0],"color":0,"children":[]},{"name":"group","origin":[0,0,0],"color":0,"children":[]},2,3,4]}