{"credit":"Made with Blockbench","texture_size":[64,64],"textures":{"0":"custom/cosmetics/vote/rascal_balloon/rascal_balloon","particle":"custom/cosmetics/vote/rascal_balloon/rascal_balloon"},"elements":[{"from":[2.5,0,2],"to":[13.5,14,13],"faces":{"north":{"uv":[3,2,5.75,5.5],"texture":"#0","tintindex":0},"east":{"uv":[2.75,2,0,5.5],"texture":"#0","tintindex":0},"south":{"uv":[6,2,8.75,5.5],"texture":"#0","tintindex":0},"west":{"uv":[0,2,2.75,5.5],"texture":"#0","tintindex":0},"up":{"uv":[3.5,2,5.25,3.25],"texture":"#0","tintindex":0},"down":{"uv":[12,2,14.75,4.75],"texture":"#0","tintindex":0}}},{"from":[3,-0.5,1.5],"to":[5,14.5,13.5],"faces":{"north":{"uv":[9.5,8,10,12.25],"texture":"#0"},"south":{"uv":[9.5,8,10,12.25],"texture":"#0"},"up":{"uv":[8.75,8,9.25,11.5],"texture":"#0"},"down":{"uv":[8.75,8,9.25,11.5],"texture":"#0"}}},{"from":[2.25,-0.25,1.75],"to":[13.75,14.25,13.25],"faces":{"north":{"uv":[3,5.75,5.75,9.25],"texture":"#0"},"east":{"uv":[2.75,5.75,0,9.25],"texture":"#0"},"south":{"uv":[6,5.75,8.75,9.25],"texture":"#0"},"west":{"uv":[0,5.75,2.75,9.25],"texture":"#0"},"up":{"uv":[9,2,11.75,4.75],"texture":"#0"}}},{"from":[4.5,5,-5],"to":[11.5,11,2],"faces":{"north":{"uv":[0,0,1.75,1.5],"texture":"#0"},"east":{"uv":[3.75,0,2,1.5],"texture":"#0"},"south":{"uv":[0,0,0.75,0.5],"texture":"#0"},"west":{"uv":[2,0,3.75,1.5],"texture":"#0"},"up":{"uv":[0,0,0.75,0.5],"texture":"#0"},"down":{"uv":[4,0,5.75,1.75],"texture":"#0"}}},{"from":[4.25,4.75,-5.25],"to":[11.75,11.25,2.25],"faces":{"north":{"uv":[10,0,11.75,1.5],"texture":"#0","tintindex":0},"east":{"uv":[8,0,9.75,1.5],"texture":"#0","tintindex":0},"south":{"uv":[12,0,13.75,1.5],"texture":"#0","tintindex":0},"west":{"uv":[9.75,0,8,1.5],"texture":"#0","tintindex":0},"up":{"uv":[6,0,7.75,1.75],"rotation":180,"texture":"#0","tintindex":0}}},{"from":[-1,-1,4],"to":[2,6,7],"rotation":{"angle":-22.5,"axis":"z","origin":[1.5,3,7.5]},"faces":{"north":{"uv":[11,5,10.25,6.75],"texture":"#0"},"east":{"uv":[10.25,5,11,6.75],"texture":"#0"},"south":{"uv":[11,5,10.25,6.75],"texture":"#0"},"west":{"uv":[10.25,5,11,6.75],"texture":"#0"},"up":{"uv":[0,0,0.75,0.5],"texture":"#0"},"down":{"uv":[13.25,5,14,5.75],"rotation":90,"texture":"#0"}}},{"from":[-1.25,-1.25,3.75],"to":[2.25,6.25,7.25],"rotation":{"angle":-22.5,"axis":"z","origin":[1.5,3,7.5]},"faces":{"north":{"uv":[12,5,11.25,6.75],"texture":"#0","tintindex":0},"east":{"uv":[11.25,5,12,6.75],"texture":"#0","tintindex":0},"south":{"uv":[12,5,11.25,6.75],"texture":"#0","tintindex":0},"west":{"uv":[11.25,5,12,6.75],"texture":"#0","tintindex":0},"up":{"uv":[12.25,5,13,5.75],"texture":"#0","tintindex":0}}},{"name":"cube inverted","from":[2.25,6.25,7.25],"to":[-1.25,-1.25,3.75],"rotation":{"angle":-22.5,"axis":"z","origin":[1.5,3,7.5]},"faces":{"north":{"uv":[12,6.75,11.25,5],"texture":"#0","tintindex":0},"east":{"uv":[11.25,6.75,12,5],"texture":"#0","tintindex":0},"south":{"uv":[12,6.75,11.25,5],"texture":"#0","tintindex":0},"west":{"uv":[11.25,6.75,12,5],"texture":"#0","tintindex":0},"down":{"uv":[13,5,12.25,5.75],"texture":"#0"}}},{"from":[13.75,-1.25,3.75],"to":[17.25,6.25,7.25],"rotation":{"angle":22.5,"axis":"z","origin":[14.5,3,7.5]},"faces":{"north":{"uv":[11.25,5,12,6.75],"texture":"#0","tintindex":0},"east":{"uv":[12,5,11.25,6.75],"texture":"#0","tintindex":0},"south":{"uv":[11.25,5,12,6.75],"texture":"#0","tintindex":0},"west":{"uv":[12,5,11.25,6.75],"texture":"#0","tintindex":0},"up":{"uv":[13,5,12.25,5.75],"texture":"#0","tintindex":0}}},{"name":"cube inverted","from":[17.25,6.25,7.25],"to":[13.75,-1.25,3.75],"rotation":{"angle":22.5,"axis":"z","origin":[14.5,3,7.5]},"faces":{"north":{"uv":[11.25,6.75,12,5],"texture":"#0","tintindex":0},"east":{"uv":[12,6.75,11.25,5],"texture":"#0","tintindex":0},"south":{"uv":[11.25,6.75,12,5],"texture":"#0","tintindex":0},"west":{"uv":[12,6.75,11.25,5],"texture":"#0","tintindex":0},"down":{"uv":[12.25,5,13,5.75],"texture":"#0"}}},{"from":[14,-1,4],"to":[17,6,7],"rotation":{"angle":22.5,"axis":"z","origin":[14.5,3,7.5]},"faces":{"north":{"uv":[10.25,5,11,6.75],"texture":"#0"},"east":{"uv":[11,5,10.25,6.75],"texture":"#0"},"south":{"uv":[10.25,5,11,6.75],"texture":"#0"},"west":{"uv":[11,5,10.25,6.75],"texture":"#0"},"up":{"uv":[0.75,0,0,0.5],"texture":"#0"},"down":{"uv":[13.25,5.75,14,5],"rotation":90,"texture":"#0"}}},{"from":[2.75,-5.25,5.75],"to":[6.25,0.25,9.25],"rotation":{"angle":-22.5,"axis":"z","origin":[5.5,-2.5,7.5]},"faces":{"north":{"uv":[13.25,6,14,7.25],"texture":"#0","tintindex":0},"east":{"uv":[13.25,6,14,7.25],"texture":"#0","tintindex":0},"south":{"uv":[13.25,6,14,7.25],"texture":"#0","tintindex":0},"west":{"uv":[13.25,6,14,7.25],"texture":"#0","tintindex":0}}},{"from":[3,-5,6],"to":[6,0,9],"rotation":{"angle":-22.5,"axis":"z","origin":[5.5,-2.5,7.5]},"faces":{"north":{"uv":[14.25,6,15,7.25],"texture":"#0"},"east":{"uv":[12.25,6,13,7.25],"texture":"#0"},"south":{"uv":[12.25,6,13,7.25],"texture":"#0"},"west":{"uv":[12.25,6,13,7.25],"texture":"#0"},"up":{"uv":[10.25,5,11,5.75],"texture":"#0"},"down":{"uv":[14.25,5,15,5.75],"texture":"#0"}}},{"name":"cube inverted","from":[6.25,0.25,9.25],"to":[2.75,-5.25,5.75],"rotation":{"angle":-22.5,"axis":"z","origin":[5.5,-2.5,7.5]},"faces":{"north":{"uv":[13.25,7.25,14,6],"texture":"#0","tintindex":0},"east":{"uv":[13.25,7.25,14,6],"texture":"#0","tintindex":0},"south":{"uv":[13.25,7.25,14,6],"texture":"#0","tintindex":0},"west":{"uv":[13.25,7.25,14,6],"texture":"#0","tintindex":0}}},{"from":[9.75,-5.25,5.75],"to":[13.25,0.25,9.25],"rotation":{"angle":22.5,"axis":"z","origin":[10.5,-2.5,7.5]},"faces":{"north":{"uv":[14,6,13.25,7.25],"texture":"#0","tintindex":0},"east":{"uv":[14,6,13.25,7.25],"texture":"#0","tintindex":0},"south":{"uv":[14,6,13.25,7.25],"texture":"#0","tintindex":0},"west":{"uv":[14,6,13.25,7.25],"texture":"#0","tintindex":0}}},{"from":[10,-5,6],"to":[13,0,9],"rotation":{"angle":22.5,"axis":"z","origin":[10.5,-2.5,7.5]},"faces":{"north":{"uv":[15,6,14.25,7.25],"texture":"#0"},"east":{"uv":[13,6,12.25,7.25],"texture":"#0"},"south":{"uv":[13,6,12.25,7.25],"texture":"#0"},"west":{"uv":[13,6,12.25,7.25],"texture":"#0"},"up":{"uv":[11,5,10.25,5.75],"texture":"#0"},"down":{"uv":[15,5,14.25,5.75],"texture":"#0"}}},{"name":"cube inverted","from":[13.25,0.25,9.25],"to":[9.75,-5.25,5.75],"rotation":{"angle":22.5,"axis":"z","origin":[10.5,-2.5,7.5]},"faces":{"north":{"uv":[14,7.25,13.25,6],"texture":"#0","tintindex":0},"east":{"uv":[14,7.25,13.25,6],"texture":"#0","tintindex":0},"south":{"uv":[14,7.25,13.25,6],"texture":"#0","tintindex":0},"west":{"uv":[14,7.25,13.25,6],"texture":"#0","tintindex":0}}},{"from":[4.35,2.5,-3],"to":[4.35,7.5,2],"faces":{"east":{"uv":[14,0,15.25,1.25],"texture":"#0","tintindex":0},"west":{"uv":[14,0,15.25,1.25],"texture":"#0","tintindex":0}}},{"from":[11.65,2.5,-3],"to":[11.65,7.5,2],"rotation":{"angle":0,"axis":"y","origin":[16,0,0]},"faces":{"east":{"uv":[15.25,0,14,1.25],"texture":"#0","tintindex":0},"west":{"uv":[15.25,0,14,1.25],"texture":"#0","tintindex":0}}},{"name":"cube inverted","from":[13.75,14.25,13.25],"to":[2.25,-0.25,1.75],"faces":{"north":{"uv":[6,9.25,8.75,5.75],"texture":"#0"},"east":{"uv":[0,9.25,2.75,5.75],"texture":"#0"},"south":{"uv":[3,9.25,5.75,5.75],"texture":"#0"},"west":{"uv":[2.75,9.25,0,5.75],"texture":"#0"},"down":{"uv":[11.75,2,9,4.75],"texture":"#0"}}},{"name":"cube inverted","from":[11.75,11.25,2.25],"to":[4.25,4.75,-5.25],"faces":{"north":{"uv":[12,1.5,13.75,0],"texture":"#0","tintindex":0},"east":{"uv":[9.75,1.5,8,0],"texture":"#0","tintindex":0},"south":{"uv":[10,1.5,11.75,0],"texture":"#0","tintindex":0},"west":{"uv":[8,1.5,9.75,0],"texture":"#0","tintindex":0},"down":{"uv":[7.75,0,6,1.75],"rotation":180,"texture":"#0","tintindex":0}}},{"from":[2.25,0,9],"to":[2.25,4,13],"faces":{"west":{"uv":[9,5,10,6],"texture":"#0"}}},{"from":[13.75,0,9],"to":[13.75,4,13],"rotation":{"angle":0,"axis":"y","origin":[16,0,0]},"faces":{"east":{"uv":[10,5,9,6],"texture":"#0"}}},{"name":"cube inverted","from":[5,14.5,13.5],"to":[3,-0.5,1.5],"faces":{"north":{"uv":[9.5,12.25,10,8],"texture":"#0"},"south":{"uv":[9.5,12.25,10,8],"texture":"#0"},"up":{"uv":[9.25,8,8.75,11.5],"texture":"#0"},"down":{"uv":[9.25,8,8.75,11.5],"texture":"#0"}}},{"from":[4,3,13],"to":[12,11,21],"faces":{"north":{"uv":[13,8,15,10],"texture":"#0"},"east":{"uv":[13,8,15,10],"texture":"#0"},"south":{"uv":[13,8,15,10],"texture":"#0"},"west":{"uv":[13,8,15,10],"texture":"#0"},"up":{"uv":[10.75,8,12.75,10],"texture":"#0"},"down":{"uv":[10.75,10.25,12.75,12.25],"texture":"#0"}}}],"display":{"gui":{"rotation":[30,135,0],"translation":[-0.25,1,0],"scale":[0.57,0.57,0.57]},"head":{"translation":[0,-6,1.25],"scale":[2.2857,2.2857,2.2857]}},"groups":[0,1,2,3,4,5,6,7,8,9,10,{"name":"group","origin":[0,0,0],"color":0,"children":[11,12,13]},{"name":"group","origin":[0,0,0],"color":0,"children":[14,15,16]},17,18,19,20,21,22,23,24]}