{"credit":"Made with Blockbench","texture_size":[64,64],"textures":{"0":"custom/cosmetics/halloween/bat_balloon","particle":"custom/cosmetics/halloween/bat_balloon"},"elements":[{"from":[5,1,7.5],"to":[11,11,12.5],"rotation":{"angle":-45,"axis":"x","origin":[8,7,6]},"faces":{"north":{"uv":[0,2.25,1.5,4.75],"texture":"#0","tintindex":0},"east":{"uv":[2.75,2.25,1.5,4.75],"texture":"#0","tintindex":0},"south":{"uv":[0,2.25,1.5,4.75],"texture":"#0","tintindex":0},"west":{"uv":[1.5,2.25,2.75,4.75],"texture":"#0","tintindex":0},"up":{"uv":[0,2.25,1.5,2.5],"texture":"#0","tintindex":0},"down":{"uv":[0,4.5,1.5,4.75],"texture":"#0","tintindex":0}}},{"from":[4,12,2],"to":[12,19,10],"rotation":{"angle":0,"axis":"y","origin":[0,2,-2]},"faces":{"north":{"uv":[2,0,4,1.75],"texture":"#0","tintindex":0},"east":{"uv":[6,0,4,1.75],"texture":"#0","tintindex":0},"south":{"uv":[6,0,8,1.75],"texture":"#0","tintindex":0},"west":{"uv":[4,0,6,1.75],"texture":"#0","tintindex":0},"up":{"uv":[2,2,0,0],"texture":"#0","tintindex":0},"down":{"uv":[8,0,10,2],"texture":"#0","tintindex":0}}},{"from":[4,12,2],"to":[12,19,10],"rotation":{"angle":0,"axis":"y","origin":[0,2,-2]},"faces":{"north":{"uv":[10,0.25,12,2],"texture":"#0"},"east":{"uv":[14,0.25,12,2],"texture":"#0"},"west":{"uv":[12,0.25,14,2],"texture":"#0"}}},{"from":[4,11,2],"to":[12,12,2],"rotation":{"angle":0,"axis":"y","origin":[0,2,-2]},"faces":{"north":{"uv":[10,2,12,2.25],"texture":"#0"},"south":{"uv":[10,2,12,2.25],"texture":"#0"}}},{"from":[10,16,7],"to":[18,24,7],"rotation":{"angle":0,"axis":"y","origin":[0,2,-2]},"faces":{"north":{"uv":[9,2.25,11,4.25],"texture":"#0","tintindex":0},"east":{"uv":[0,0,0,2],"texture":"#missing","tintindex":0},"south":{"uv":[8.75,2.25,6.75,4.25],"texture":"#0","tintindex":0},"west":{"uv":[0,0,0,2],"texture":"#missing","tintindex":0},"up":{"uv":[0,0,2,0],"texture":"#missing","tintindex":0},"down":{"uv":[0,0,2,0],"texture":"#missing","tintindex":0}}},{"from":[10,16,7],"to":[18,24,7],"rotation":{"angle":0,"axis":"y","origin":[0,2,-2]},"faces":{"north":{"uv":[11,2.25,13,4.25],"texture":"#0"},"east":{"uv":[0,0,0,2],"texture":"#missing"},"west":{"uv":[0,0,0,2],"texture":"#missing"},"up":{"uv":[0,0,2,0],"texture":"#missing"},"down":{"uv":[0,0,2,0],"texture":"#missing"}}},{"from":[-2,16,7],"to":[6,24,7],"rotation":{"angle":0,"axis":"y","origin":[16,2,-2]},"faces":{"north":{"uv":[13,2.25,11,4.25],"texture":"#0"},"east":{"uv":[0,0,0,2],"texture":"#missing"},"west":{"uv":[0,0,0,2],"texture":"#missing"},"up":{"uv":[2,0,0,0],"texture":"#missing"},"down":{"uv":[2,0,0,0],"texture":"#missing"}}},{"from":[-2,16,7],"to":[6,24,7],"rotation":{"angle":0,"axis":"y","origin":[16,2,-2]},"faces":{"north":{"uv":[11,2.25,9,4.25],"texture":"#0","tintindex":0},"east":{"uv":[0,0,0,2],"texture":"#missing","tintindex":0},"south":{"uv":[6.75,2.25,8.75,4.25],"texture":"#0","tintindex":0},"west":{"uv":[0,0,0,2],"texture":"#missing","tintindex":0},"up":{"uv":[2,0,0,0],"texture":"#missing","tintindex":0},"down":{"uv":[2,0,0,0],"texture":"#missing","tintindex":0}}},{"from":[6,0.4,14.75],"to":[10,7.4,14.75],"rotation":{"angle":-45,"axis":"x","origin":[8,7.4,14.75]},"faces":{"north":{"uv":[4.5,2.25,5.5,4],"texture":"#0","tintindex":0},"south":{"uv":[4.5,2.25,5.5,4],"texture":"#0","tintindex":0}}},{"from":[9.47487,0.35355,11.5],"to":[13.47487,4.35355,11.5],"rotation":{"angle":-22.5,"axis":"z","origin":[11.47487,2.35355,11.5]},"faces":{"north":{"uv":[3.25,2.25,4.25,3.25],"rotation":90,"texture":"#0","tintindex":0},"east":{"uv":[0,0,1,0],"rotation":270,"texture":"#missing","tintindex":0},"south":{"uv":[3.25,2.25,4.25,3.25],"texture":"#0","tintindex":0},"west":{"uv":[0,0,1,0],"rotation":270,"texture":"#missing","tintindex":0},"up":{"uv":[0,0,0,1],"rotation":270,"texture":"#missing","tintindex":0},"down":{"uv":[0,0,0,1],"rotation":270,"texture":"#missing","tintindex":0}}},{"from":[2.52513,0.35355,11.5],"to":[6.52513,4.35355,11.5],"rotation":{"angle":22.5,"axis":"z","origin":[4.52513,2.35355,11.5]},"faces":{"north":{"uv":[3.25,3.25,4.25,2.25],"rotation":90,"texture":"#0","tintindex":0},"east":{"uv":[0,0,1,0],"rotation":270,"texture":"#missing","tintindex":0},"south":{"uv":[4.25,2.25,3.25,3.25],"texture":"#0","tintindex":0},"west":{"uv":[0,0,1,0],"rotation":270,"texture":"#missing","tintindex":0},"up":{"uv":[0,1,0,0],"rotation":270,"texture":"#missing","tintindex":0},"down":{"uv":[0,1,0,0],"rotation":270,"texture":"#missing","tintindex":0}}},{"from":[11,-5,10],"to":[28,13,11],"rotation":{"angle":0,"axis":"y","origin":[10.5,16,10.5]},"faces":{"north":{"uv":[0.25,5,4.5,9.5],"texture":"#0","tintindex":0},"east":{"uv":[0.5,5,0.25,9.5],"texture":"#0","tintindex":0},"south":{"uv":[4.5,5,0.25,9.5],"texture":"#0","tintindex":0},"up":{"uv":[4.5,5,0.25,5.25],"texture":"#0","tintindex":0}}},{"from":[11,-5,10],"to":[28,13,11],"rotation":{"angle":0,"axis":"y","origin":[10.5,16,10.5]},"faces":{"north":{"uv":[4.75,5,9,9.5],"texture":"#0"},"south":{"uv":[9,5,4.75,9.5],"texture":"#0"}}},{"from":[-12,-5,10],"to":[5,13,11],"rotation":{"angle":0,"axis":"y","origin":[5.5,16,10.5]},"faces":{"north":{"uv":[4.5,5,0.25,9.5],"texture":"#0","tintindex":0},"south":{"uv":[0.25,5,4.5,9.5],"texture":"#0","tintindex":0},"west":{"uv":[0.25,5,0.5,9.5],"texture":"#0","tintindex":0},"up":{"uv":[0.25,5,4.5,5.25],"texture":"#0","tintindex":0}}},{"from":[-12,-5,10],"to":[5,13,11],"rotation":{"angle":0,"axis":"y","origin":[5.5,16,10.5]},"faces":{"north":{"uv":[9,5,4.75,9.5],"texture":"#0"},"south":{"uv":[4.75,5,9,9.5],"texture":"#0"}}},{"from":[27,12,10.5],"to":[30,15,10.5],"faces":{"north":{"uv":[5.75,2.25,6.5,3],"texture":"#0","tintindex":0},"south":{"uv":[6.5,2.25,5.75,3],"texture":"#0","tintindex":0}}},{"from":[-14,12,10.5],"to":[-11,15,10.5],"rotation":{"angle":0,"axis":"y","origin":[16,0,0]},"faces":{"north":{"uv":[6.5,2.25,5.75,3],"texture":"#0","tintindex":0},"south":{"uv":[5.75,2.25,6.5,3],"texture":"#0","tintindex":0}}}],"display":{"gui":{"rotation":[30,135,0],"translation":[-1,0,0],"scale":[0.43,0.43,0.43]},"head":{"translation":[0,-9.5,3.5],"scale":[2.2857,2.2857,2.2857]}},"groups":[0,1,2,3,4,5,6,7,{"name":"group","origin":[18.5,-1,8.5],"color":0,"children":[]},{"name":"group","origin":[18.5,-1,8.5],"color":0,"children":[]},8,9,10,{"name":"group","origin":[18.5,-1,8.5],"color":0,"children":[11,12,13,14]},15,16]}