{"credit":"Made with Blockbench","texture_size":[64,64],"textures":{"0":"custom/cosmetics/halloween/bat_balloon","particle":"custom/cosmetics/halloween/bat_balloon"},"elements":[{"from":[-1,0,10],"to":[16,18,11],"rotation":{"angle":0,"axis":"z","origin":[5.5,16,10.5]},"faces":{"north":{"uv":[4.5,5,0.25,9.5],"texture":"#0","tintindex":0},"south":{"uv":[0.25,5,4.5,9.5],"texture":"#0","tintindex":0},"west":{"uv":[0.25,5,0.5,9.5],"texture":"#0","tintindex":0},"up":{"uv":[0.25,5,4.5,5.25],"texture":"#0","tintindex":0}}},{"from":[-1,0,10],"to":[16,18,11],"rotation":{"angle":0,"axis":"z","origin":[5.5,16,10.5]},"faces":{"north":{"uv":[9,5,4.75,9.5],"texture":"#0"},"south":{"uv":[4.75,5,9,9.5],"texture":"#0"}}},{"from":[-3,17,10.5],"to":[0,20,10.5],"rotation":{"angle":0,"axis":"y","origin":[16,0,0]},"faces":{"north":{"uv":[6.5,2.25,5.75,3],"texture":"#0","tintindex":0},"south":{"uv":[5.75,2.25,6.5,3],"texture":"#0","tintindex":0}}}],"display":{"head":{"translation":[-16,-26.75,-5.75],"scale":[2.2857,2.2857,2.2857]}},"groups":[{"name":"group","origin":[18.5,-1,8.5],"color":0,"children":[0,1,2]}]}