{"credit":"Made with Blockbench","texture_size":[32,32],"textures":{"0":"custom/cosmetics/halloween/bone_staff","particle":"custom/cosmetics/halloween/bone_staff"},"elements":[{"from":[3,9,3],"to":[13,13,9],"rotation":{"angle":-22.5,"axis":"x","origin":[8,8.57472,6.28189]},"faces":{"north":{"uv":[0,2,5,4],"texture":"#0"},"east":{"uv":[5,0,8,2],"texture":"#0"},"south":{"uv":[0,0,5,2],"texture":"#0"},"west":{"uv":[8,0,5,2],"texture":"#0"}}},{"name":"cube inverted","from":[13,13,9],"to":[3,9,3],"rotation":{"angle":-22.5,"axis":"x","origin":[8,8.57472,6.28189]},"faces":{"north":{"uv":[0,2,5,0],"texture":"#0"},"east":{"uv":[8,2,5,0],"texture":"#0"},"south":{"uv":[0,4,5,2],"texture":"#0"},"west":{"uv":[5,2,8,0],"texture":"#0"}}},{"from":[7,-8,7],"to":[9,17,9],"rotation":{"angle":0,"axis":"x","origin":[8,8.57472,6.28189]},"faces":{"north":{"uv":[5,2,6,14.5],"texture":"#0"},"east":{"uv":[6,2,5,14.5],"texture":"#0"},"south":{"uv":[5,2,6,14.5],"texture":"#0"},"west":{"uv":[6,2,5,14.5],"texture":"#0"},"up":{"uv":[5,2,5.5,2.5],"texture":"#0"},"down":{"uv":[5.5,14,6,14.5],"texture":"#0"}}},{"from":[5,0,8],"to":[11,7,8],"faces":{"north":{"uv":[0,4.5,3,8],"texture":"#0"},"south":{"uv":[0,4.5,3,8],"texture":"#0"}}},{"from":[4,14,2],"to":[12,22,10],"faces":{"north":{"uv":[6,2,10,6],"texture":"#0"},"east":{"uv":[14,2,10,6],"texture":"#0"},"south":{"uv":[10,6,6,10],"texture":"#0"},"west":{"uv":[10,2,14,6],"texture":"#0"},"up":{"uv":[6,10,10,14],"rotation":180,"texture":"#0"}}},{"name":"cube inverted","from":[11.99,21.99,9.99],"to":[4.01,14.01,2.01],"faces":{"north":{"uv":[10.5,10,10,6],"texture":"#0"},"east":{"uv":[10.5,9.5,10,6],"texture":"#0"},"south":{"uv":[6,6,10,2],"texture":"#0"},"west":{"uv":[10.5,9.5,10,6],"texture":"#0"},"down":{"uv":[10.5,9,10,6],"texture":"#0"}}},{"from":[6,8,3],"to":[10,12,7],"rotation":{"angle":0,"axis":"x","origin":[8,11,5]},"faces":{"north":{"uv":[0,8,2,10],"texture":"#0","tintindex":0},"east":{"uv":[0,8,2,10],"texture":"#0","tintindex":0},"south":{"uv":[0,8,2,10],"texture":"#0","tintindex":0},"west":{"uv":[0,8,2,10],"texture":"#0","tintindex":0},"up":{"uv":[2,8,4,10],"texture":"#0","tintindex":0},"down":{"uv":[0,10,2,12],"texture":"#0","tintindex":0}}},{"from":[5,16,1.9],"to":[11,19,1.9],"faces":{"north":{"uv":[0,12,3,13.5],"texture":"#0","tintindex":0},"south":{"uv":[0,12,3,13.5],"texture":"#0","tintindex":0}}}],"display":{"thirdperson_righthand":{"rotation":[57.0,-4.0,11.0],"translation":[-2.640625,0.109375,1.5625],"scale":[0.9375,0.9375,0.9375]},"thirdperson_lefthand":{"rotation":[57,4,-11],"translation":[0.75,0.25,1]},"firstperson_righthand":{"rotation":[2,4,-9],"translation":[10,0.25,3]},"firstperson_lefthand":{"rotation":[2,4,-9],"translation":[10,0.25,3],"scale":[0,0,0]},"ground":{"rotation":[-7,0,0],"translation":[0,16.75,0],"scale":[0.61,0.61,0.61]},"gui":{"rotation":[-17,155,51],"scale":[0.49,0.49,0.49]}},"groups":[{"name":"group","origin":[0,0,0],"color":0,"children":[0,1,2]},3,4,5,6,7]}