{"credit":"Made with Blockbench","textures":{"0":"custom/cosmetics/halloween/vampire_robe","particle":"custom/cosmetics/halloween/vampire_robe"},"elements":[{"from":[-2,21.75,12.42279],"to":[18,21.75,28.42279],"rotation":{"angle":-45,"axis":"x","origin":[8,12.49691,11.31991]},"faces":{"up":{"uv":[5.5,6.5,10.5,10.5],"rotation":180,"texture":"#0","tintindex":0},"down":{"uv":[10.75,6.5,15.75,10.5],"texture":"#0"}}},{"from":[-2,21.75,12.42279],"to":[18,21.75,28.42279],"rotation":{"angle":-45,"axis":"x","origin":[8,12.49691,11.31991]},"faces":{"down":{"uv":[5.5,10.75,10.5,14.75],"texture":"#0","tintindex":0}}},{"from":[-1,-3.28755,8.64535],"to":[17,22.71245,11.64535],"rotation":{"angle":-22.5,"axis":"x","origin":[8,12.49691,11.31991]},"faces":{"east":{"uv":[0.75,0,0,6.5],"texture":"#0"},"south":{"uv":[0.75,0,5.25,6.5],"texture":"#0"},"west":{"uv":[0,0,0.75,6.5],"texture":"#0"}}},{"from":[-1,-3.28755,8.64535],"to":[17,22.71245,11.64535],"rotation":{"angle":-22.5,"axis":"x","origin":[8,12.49691,11.31991]},"faces":{"east":{"uv":[6.25,0,5.5,6.5],"texture":"#0","tintindex":0},"south":{"uv":[6.25,0,10.75,6.5],"texture":"#0","tintindex":0},"west":{"uv":[5.5,0,6.25,6.5],"texture":"#0","tintindex":0}}},{"name":"cube inverted","from":[17,22.71245,11.64535],"to":[-1,-3.28755,8.64535],"rotation":{"angle":-22.5,"axis":"x","origin":[8,12.49691,11.31991]},"faces":{"north":{"uv":[0.75,13,5.25,6.5],"texture":"#0","tintindex":0},"east":{"uv":[0,13,0.75,6.5],"texture":"#0","tintindex":0},"west":{"uv":[0.75,13,0,6.5],"texture":"#0","tintindex":0}}},{"from":[3.5,21.25,1.5],"to":[12.5,30.25,10.5],"faces":{"east":{"uv":[11.75,0,13.75,2],"rotation":90,"texture":"#0"},"south":{"uv":[14,0,16,2],"texture":"#0"},"west":{"uv":[11.75,2,13.75,0],"rotation":90,"texture":"#0"},"down":{"uv":[14,2,16,4],"texture":"#0"}}},{"name":"cube inverted","from":[12.5,30.25,10.5],"to":[3.5,21.25,1.5],"faces":{"north":{"uv":[14,2,16,0],"texture":"#0"},"east":{"uv":[13.75,2,11.75,0],"rotation":90,"texture":"#0"},"west":{"uv":[13.75,0,11.75,2],"rotation":90,"texture":"#0"},"up":{"uv":[16,2,14,4],"texture":"#0"}}}],"gui_light":"front","display":{"thirdperson_righthand":{"rotation":[90.0,0.0,0.0],"translation":[-1.0,-4.1875,7.5999985],"scale":[1.0,1.0,1.0]},"thirdperson_lefthand":{"rotation":[62,180,0],"translation":[0,-0.75,-0.5],"scale":[0.2,0.2,0.2]},"firstperson_righthand":{"rotation":[0,-72,0],"translation":[16.75,-6,-12.25]},"firstperson_lefthand":{"rotation":[0,-72,0],"translation":[16.75,-6,-12.25]},"ground":{"translation":[0,4.5,0],"scale":[0.4,0.4,0.4]},"gui":{"translation":[0,-3.25,0],"scale":[0.47,0.47,0.47]},"head":{"translation":[0,-64,3.5],"scale":[1.6,1.6,1.6]},"fixed":{"rotation":[14,180,180],"translation":[0,16.75,3.25],"scale":[2,2,2]}},"groups":[{"name":"group","origin":[8,24,8],"color":0,"children":[0,1,2,3,{"name":"group","origin":[8,8,8],"color":0,"children":[]},4]},5,6]}