{"credit":"Made with Blockbench","texture_size":[32,32],"textures":{"0":"custom/cosmetics/halloween/frankenstein_hat","1":"custom/cosmetics/halloween/frankenstein_hat_shock","particle":"custom/cosmetics/halloween/frankenstein_hat"},"elements":[{"from":[3,4,3],"to":[13,6,13],"rotation":{"angle":0,"axis":"y","origin":[0,4,0]},"faces":{"north":{"uv":[0,2.5,5,3.5],"texture":"#0"},"east":{"uv":[0,2.5,5,3.5],"texture":"#0"},"south":{"uv":[0,2.5,5,3.5],"texture":"#0"},"west":{"uv":[0,2.5,5,3.5],"texture":"#0"},"up":{"uv":[0,3.5,5,8.5],"texture":"#0"},"down":{"uv":[5,3.5,10,8.5],"texture":"#0"}}},{"from":[4,6,4],"to":[12,11,12],"rotation":{"angle":0,"axis":"x","origin":[8,8.5,8]},"faces":{"north":{"uv":[0,0,4,2.5],"texture":"#0"},"east":{"uv":[8.5,0,4.5,2.5],"texture":"#0"},"south":{"uv":[9,0,13,2.5],"texture":"#0"},"west":{"uv":[4.5,0,8.5,2.5],"texture":"#0"},"up":{"uv":[10,7,14,3],"texture":"#0"},"down":{"uv":[0,0,4,4],"texture":"#missing"}}},{"from":[2,1,9],"to":[4,2,10],"rotation":{"angle":0,"axis":"y","origin":[0,4,0]},"faces":{"north":{"uv":[0,9,1,9.5],"texture":"#0"},"east":{"uv":[0,9,0.5,9.5],"texture":"#0"},"south":{"uv":[1,9,0,9.5],"texture":"#0"},"west":{"uv":[0.5,9,1,9.5],"texture":"#0"},"up":{"uv":[1,9,0,9.5],"texture":"#0"},"down":{"uv":[1,9,0,9.5],"texture":"#0"}}},{"from":[1,0.5,8.5],"to":[2,2.5,10.5],"rotation":{"angle":0,"axis":"y","origin":[0,4,0]},"faces":{"north":{"uv":[1,8.5,1.5,9.5],"texture":"#0"},"east":{"uv":[0.5,9,1,9.5],"texture":"#0"},"south":{"uv":[2.5,9,3,9.5],"texture":"#0"},"west":{"uv":[2,8.5,3,9.5],"texture":"#0"},"up":{"uv":[1,8.5,1.5,9.5],"texture":"#0"},"down":{"uv":[2.5,9,3,9.5],"texture":"#0"}}},{"from":[12,1,9],"to":[14,2,10],"rotation":{"angle":0,"axis":"y","origin":[16,4,0]},"faces":{"north":{"uv":[1,9,0,9.5],"texture":"#0"},"east":{"uv":[1,9,0.5,9.5],"texture":"#0"},"south":{"uv":[0,9,1,9.5],"texture":"#0"},"west":{"uv":[0.5,9,0,9.5],"texture":"#0"},"up":{"uv":[0,9,1,9.5],"texture":"#0"},"down":{"uv":[0,9,1,9.5],"texture":"#0"}}},{"from":[14,0.5,8.5],"to":[15,2.5,10.5],"rotation":{"angle":0,"axis":"y","origin":[16,4,0]},"faces":{"north":{"uv":[1.5,8.5,1,9.5],"texture":"#0"},"east":{"uv":[3,8.5,2,9.5],"texture":"#0"},"south":{"uv":[3,9,2.5,9.5],"texture":"#0"},"west":{"uv":[1,9,0.5,9.5],"texture":"#0"},"up":{"uv":[1.5,8.5,1,9.5],"texture":"#0"},"down":{"uv":[3,9,2.5,9.5],"texture":"#0"}}},{"from":[13,6,8],"to":[16,16,8],"rotation":{"angle":-22.5,"axis":"z","origin":[12.5,11,8]},"faces":{"north":{"uv":[0,9.5,1.5,14.5],"texture":"#0"},"south":{"uv":[0,9.5,1.5,14.5],"texture":"#0"}}},{"from":[0,6,8],"to":[3,16,8],"rotation":{"angle":22.5,"axis":"z","origin":[3.5,11,8]},"faces":{"north":{"uv":[1.5,9.5,0,14.5],"texture":"#0"},"south":{"uv":[1.5,9.5,0,14.5],"texture":"#0"}}},{"from":[0,6,8],"to":[3,16,8],"rotation":{"angle":22.5,"axis":"z","origin":[3.5,11,8]},"faces":{"north":{"uv":[3,9.5,1.5,14.5],"texture":"#0","tintindex":0},"south":{"uv":[3,9.5,1.5,14.5],"texture":"#0","tintindex":0}}},{"from":[13,6,8],"to":[16,16,8],"rotation":{"angle":-22.5,"axis":"z","origin":[12.5,11,8]},"faces":{"north":{"uv":[1.5,9.5,3,14.5],"texture":"#0","tintindex":0},"south":{"uv":[1.5,9.5,3,14.5],"texture":"#0","tintindex":0}}},{"from":[0,11,8],"to":[16,19,8],"rotation":{"angle":22.5,"axis":"x","origin":[8,15,8]},"faces":{"north":{"uv":[0,0,16,8],"texture":"#1","tintindex":0},"south":{"uv":[0,0,16,8],"texture":"#1","tintindex":0}}}],"display":{"gui":{"rotation":[30,135,0],"translation":[0,-0.5,0],"scale":[0.68,0.68,0.68]},"head":{"rotation":[8,0,0],"translation":[0,10.25,1.25],"scale":[1.64,1.64,1.64]},"thirdperson_righthand":{"rotation":[98.0,0,0],"translation":[-1.0,-2.78125,19.75586],"scale":[0.9609375,0.9609375,0.9609375]}}}