{"credit":"Made with Blockbench","texture_size":[64,64],"textures":{"0":"custom/cosmetics/halloween/ghost_balloon","particle":"custom/cosmetics/halloween/ghost_balloon"},"elements":[{"from":[0,0,0],"to":[16,13,16],"faces":{"north":{"uv":[0,4,4,7.25],"texture":"#0","tintindex":0},"east":{"uv":[8,4,4,7.25],"texture":"#0","tintindex":0},"south":{"uv":[8,4,12,7.25],"texture":"#0","tintindex":0},"west":{"uv":[4,4,8,7.25],"texture":"#0","tintindex":0},"up":{"uv":[0,0,4,4],"rotation":180,"texture":"#0","tintindex":0},"down":{"uv":[4,0,8,4],"texture":"#0","tintindex":0}}},{"from":[0,0,0],"to":[16,13,16],"faces":{"north":{"uv":[0,12,4,15.25],"texture":"#0"},"down":{"uv":[4,8,8,12],"texture":"#0"}}},{"from":[0,-3,0],"to":[16,0,0],"faces":{"north":{"uv":[0,7.25,4,8],"texture":"#0","tintindex":0},"south":{"uv":[0,7.25,4,8],"texture":"#0","tintindex":0}}}],"display":{"head":{"translation":[0,-5,-8.25],"scale":[2.2857,2.2857,2.2857]}}}