{"credit":"Made with Blockbench","texture_size":[64,64],"textures":{"0":"custom/cosmetics/halloween/prank_pack","1":"custom/cosmetics/halloween/prank_pack_fuse","particle":"custom/cosmetics/halloween/prank_pack"},"elements":[{"from":[5.5,2,5.5],"to":[10.5,7,10.5],"rotation":{"angle":0,"axis":"z","origin":[10,7.5,8.25]},"faces":{"north":{"uv":[10.5,1.75,11.75,3],"texture":"#0"},"east":{"uv":[11.75,1.75,10.5,3],"texture":"#0"},"south":{"uv":[10.5,1.75,11.75,3],"texture":"#0"},"west":{"uv":[11.75,1.75,10.5,3],"texture":"#0"},"up":{"uv":[12.5,0.25,13.75,1.5],"texture":"#0"},"down":{"uv":[10.5,0.25,11.75,1.5],"rotation":90,"texture":"#0"}}},{"from":[5.5,2,5.5],"to":[10.5,7,10.5],"rotation":{"angle":0,"axis":"z","origin":[10,7.5,8.25]},"faces":{"north":{"uv":[10.25,6.25,11.5,7.5],"texture":"#0","tintindex":0},"east":{"uv":[11.5,6.25,10.25,7.5],"texture":"#0","tintindex":0},"south":{"uv":[10.25,6.25,11.5,7.5],"texture":"#0","tintindex":0},"west":{"uv":[11.5,6.25,10.25,7.5],"texture":"#0","tintindex":0},"up":{"uv":[12.5,4.25,13.75,5.5],"texture":"#0","tintindex":0},"down":{"uv":[10.5,4.25,11.75,5.5],"rotation":90,"texture":"#0","tintindex":0}}},{"from":[8.38112,6.58499,3.5],"to":[8.38112,15.58499,12.5],"rotation":{"angle":45,"axis":"z","origin":[7.89054,6.08448,8]},"faces":{"east":{"uv":[0,0,9,9],"texture":"#1"},"west":{"uv":[0,0,9,9],"texture":"#1"}}},{"from":[3.88112,6.58499,8],"to":[12.88112,15.58499,8],"rotation":{"angle":45,"axis":"z","origin":[7.89054,6.08448,8]},"faces":{"north":{"uv":[0,0,9,9],"texture":"#1"},"south":{"uv":[0,0,9,9],"texture":"#1"}}}],"display":{"thirdperson_righthand":{"rotation":[12,0,0],"translation":[-0.1875,1.5,5.25],"scale":[0.9375,0.9375,0.9375]},"thirdperson_lefthand":{"rotation":[12,0,0],"translation":[-0.1875,1.5,5.25],"scale":[0.9375,0.9375,0.9375]},"ground":{"translation":[0,6.75,0],"scale":[0.63,0.63,0.63]},"head":{"translation":[0,-0.25,0],"scale":[1.5,1.5,1.5]}},"groups":[{"name":"group","origin":[0,0,0],"color":0,"children":[0,1,{"name":"group","origin":[4.5,21.5,7.75],"color":0,"children":[2,3]},{"name":"group","origin":[4.5,21.5,7.75],"color":0,"children":[]},{"name":"group","origin":[4.5,21.5,7.75],"color":0,"children":[]}]},{"name":"group","origin":[0,0,0],"color":0,"children":[{"name":"group","origin":[4.5,21.5,7.75],"color":0,"children":[]}]}]}