{"credit":"Made with Blockbench","texture_size":[32,32],"textures":{"0":"custom/cosmetics/halloween/prank_pack_cycle","particle":"custom/cosmetics/halloween/prank_pack_cycle"},"elements":[{"from":[7,0,2.5],"to":[9,11,13.5],"faces":{"north":{"uv":[5,6,6,11.5],"texture":"#0"},"east":{"uv":[6.5,6,12,11.5],"texture":"#0"},"south":{"uv":[5,6,6,11.5],"texture":"#0"},"west":{"uv":[6.5,6,12,11.5],"texture":"#0"},"up":{"uv":[5,6,6,11.5],"texture":"#0"},"down":{"uv":[5,6,6,11.5],"texture":"#0"}}},{"from":[6,12,6],"to":[10,13,10],"faces":{"north":{"uv":[1.5,7.5,3.5,8],"texture":"#0","tintindex":0},"east":{"uv":[1.5,8.5,3.5,9],"texture":"#0","tintindex":0},"south":{"uv":[1.5,7.5,3.5,8],"texture":"#0","tintindex":0},"west":{"uv":[1.5,8.5,3.5,9],"texture":"#0","tintindex":0},"up":{"uv":[1.5,6,3.5,8],"texture":"#0","tintindex":0},"down":{"uv":[1.5,12,3.5,12.5],"rotation":90,"texture":"#0","tintindex":0}}},{"from":[6,5,6],"to":[7,12,10],"faces":{"north":{"uv":[1.5,9,2,12.5],"texture":"#0","tintindex":0},"east":{"uv":[1.5,12,3.5,12.5],"rotation":90,"texture":"#0","tintindex":0},"south":{"uv":[1.5,9,2,12.5],"texture":"#0","tintindex":0},"west":{"uv":[1.5,9,3.5,12.5],"texture":"#0","tintindex":0},"down":{"uv":[1.5,12,3.5,12.5],"rotation":90,"texture":"#0","tintindex":0}}},{"from":[9,5,6],"to":[10,12,10],"rotation":{"angle":0,"axis":"y","origin":[16,0,0]},"faces":{"north":{"uv":[2,9,1.5,12.5],"texture":"#0","tintindex":0},"east":{"uv":[3.5,9,1.5,12.5],"texture":"#0","tintindex":0},"south":{"uv":[2,9,1.5,12.5],"texture":"#0","tintindex":0},"west":{"uv":[1.5,12.5,3.5,12],"rotation":90,"texture":"#0","tintindex":0},"down":{"uv":[1.5,12.5,3.5,12],"rotation":90,"texture":"#0","tintindex":0}}},{"from":[7,13,7],"to":[9,18,9],"faces":{"north":{"uv":[0,6,1,8.5],"texture":"#0","tintindex":0},"east":{"uv":[0,6,1,8.5],"texture":"#0","tintindex":0},"south":{"uv":[0,6,1,8.5],"texture":"#0","tintindex":0},"west":{"uv":[0,6,1,8.5],"texture":"#0","tintindex":0}}},{"from":[5,18,3],"to":[11,20,13],"faces":{"north":{"uv":[5.5,3,8.5,4],"texture":"#0"},"east":{"uv":[0,3,5,4],"texture":"#0"},"south":{"uv":[9,3,12,4],"texture":"#0"},"west":{"uv":[0,3,5,4],"texture":"#0"},"up":{"uv":[0,0,5,3],"rotation":90,"texture":"#0"},"down":{"uv":[5,0,10,3],"rotation":90,"texture":"#0"}}}],"display":{"thirdperson_righthand":{"rotation":[90,0,0],"translation":[-1,-2,12.25]},"thirdperson_lefthand":{"rotation":[90,0,0],"translation":[0,-2,12.25]},"head":{"translation":[0,-3,0],"scale":[1.6,1.6,1.6]}}}