{"credit":"Made with Blockbench","texture_size":[64,64],"textures":{"0":"custom/cosmetics/lunar/lunar_lantern","particle":"custom/cosmetics/lunar/lunar_lantern"},"elements":[{"name":"cube inverted","from":[14,2,20],"to":[2,0,8],"rotation":{"angle":0,"axis":"y","origin":[0,-4,9]},"faces":{"north":{"uv":[4,3.5,7,3],"texture":"#0"},"east":{"uv":[4,3.5,7,3],"texture":"#0"},"south":{"uv":[4,3.5,7,3],"texture":"#0"},"west":{"uv":[4,3.5,7,3],"texture":"#0"},"down":{"uv":[7,0,4,3],"texture":"#0"}}},{"from":[2,0,8],"to":[14,2,20],"rotation":{"angle":0,"axis":"y","origin":[0,-4,9]},"faces":{"north":{"uv":[4,3,7,3.5],"texture":"#0"},"east":{"uv":[4,3,7,3.5],"texture":"#0"},"south":{"uv":[4,3,7,3.5],"texture":"#0"},"west":{"uv":[4,3,7,3.5],"texture":"#0"},"up":{"uv":[4,0,7,3],"texture":"#0"}}},{"name":"cube inverted","from":[14,-13,20],"to":[2,-15,8],"rotation":{"angle":0,"axis":"y","origin":[0,12,9]},"faces":{"north":{"uv":[4,3,7,3.5],"texture":"#0"},"east":{"uv":[4,3,7,3.5],"texture":"#0"},"south":{"uv":[4,3,7,3.5],"texture":"#0"},"west":{"uv":[4,3,7,3.5],"texture":"#0"},"up":{"uv":[7,3,4,0],"texture":"#0"}}},{"from":[2,-15,8],"to":[14,-13,20],"rotation":{"angle":0,"axis":"y","origin":[0,12,9]},"faces":{"north":{"uv":[4,3.5,7,3],"texture":"#0"},"east":{"uv":[4,3.5,7,3],"texture":"#0"},"south":{"uv":[4,3.5,7,3],"texture":"#0"},"west":{"uv":[4,3.5,7,3],"texture":"#0"},"down":{"uv":[4,3,7,0],"texture":"#0"}}},{"from":[0,-13,6],"to":[16,0,22],"rotation":{"angle":0,"axis":"y","origin":[0,-4,9]},"faces":{"north":{"uv":[0,0,4,3.25],"texture":"#0","tintindex":0},"east":{"uv":[0,0,4,3.25],"texture":"#0","tintindex":0},"south":{"uv":[0,0,4,3.25],"texture":"#0","tintindex":0},"west":{"uv":[0,0,4,3.25],"texture":"#0","tintindex":0},"up":{"uv":[0,3.25,4,7.25],"texture":"#0","tintindex":0},"down":{"uv":[0,3.25,4,7.25],"texture":"#0","tintindex":0}}},{"name":"cube inverted","from":[16,0,22],"to":[0,-13,6],"rotation":{"angle":0,"axis":"y","origin":[0,-4,9]},"faces":{"north":{"uv":[0,3.25,4,0],"texture":"#0","tintindex":0},"east":{"uv":[0,3.25,4,0],"texture":"#0","tintindex":0},"south":{"uv":[0,3.25,4,0],"texture":"#0","tintindex":0},"west":{"uv":[0,3.25,4,0],"texture":"#0","tintindex":0},"up":{"uv":[4,3.25,0,7.25],"texture":"#0","tintindex":0},"down":{"uv":[4,3.25,0,7.25],"texture":"#0","tintindex":0}}},{"from":[7,-9,3],"to":[9,29,5],"rotation":{"angle":45,"axis":"x","origin":[7.5,10,-2]},"faces":{"north":{"uv":[7.5,0,7,9.5],"texture":"#0"},"east":{"uv":[7,0,7.5,9.5],"texture":"#0"},"south":{"uv":[7.5,0,7,9.5],"texture":"#0"},"west":{"uv":[7,0,7.5,9.5],"texture":"#0"},"up":{"uv":[7,0,7.5,0.5],"texture":"#0"},"down":{"uv":[7,9,7.5,9.5],"texture":"#0"}}},{"from":[8,-2,-3],"to":[8,31,3],"rotation":{"angle":45,"axis":"x","origin":[7.5,10,-2]},"faces":{"east":{"uv":[9,0,7.5,8.25],"texture":"#0"},"west":{"uv":[7.5,0,9,8.25],"texture":"#0"}}},{"from":[7.5,2,13.5],"to":[8.5,17,14.5],"faces":{"north":{"uv":[4,3.5,4.25,7.25],"texture":"#0"},"east":{"uv":[4,3.5,4.25,7.25],"texture":"#0"},"south":{"uv":[4,3.5,4.25,7.25],"texture":"#0"},"west":{"uv":[4,3.5,4.25,7.25],"texture":"#0"}}},{"from":[5,-12,-12],"to":[11,-4,-6],"faces":{"north":{"uv":[4.25,3.5,5.75,5.5],"texture":"#0"},"east":{"uv":[4.25,3.5,5.75,5.5],"texture":"#0"},"south":{"uv":[4.25,3.5,5.75,5.5],"texture":"#0"},"west":{"uv":[4.25,3.5,5.75,5.5],"texture":"#0"},"up":{"uv":[4.25,5.5,5.75,7],"texture":"#0"},"down":{"uv":[4.25,5.5,5.75,7],"texture":"#0"}}}],"display":{"gui":{"rotation":[18,46,0],"translation":[0.25,1.75,0],"scale":[0.35,0.35,0.35]},"head":{"translation":[0,-26,31.25],"scale":[1.61,1.61,1.61]},"thirdperson_righthand":{"rotation":[90.0,0.0,0.0],"translation":[-1.0,-21.53125,31.349998],"scale":[1.00625,1.00625,1.00625]}},"groups":[{"name":"group","origin":[8,8,8],"color":0,"children":[{"name":"group","origin":[0,0,0],"color":0,"children":[0,1]},{"name":"group","origin":[0,0,0],"color":0,"children":[2,3]},4,5]},6,7,8,9]}