{"credit":"Made with Blockbench","texture_size":[64,64],"textures":{"0":"custom/cosmetics/lunar/lunar_tiger_helmet","particle":"custom/cosmetics/lunar/lunar_tiger_helmet"},"elements":[{"from":[1,0,1],"to":[15,19,15],"faces":{"north":{"uv":[0,0,3.5,4.75],"texture":"#0","tintindex":0},"east":{"uv":[7,0,3.5,4.75],"texture":"#0","tintindex":0},"south":{"uv":[7,0,10.5,4.75],"texture":"#0","tintindex":0},"west":{"uv":[3.5,0,7,4.75],"texture":"#0","tintindex":0},"up":{"uv":[0,4.75,3.5,8.25],"rotation":180,"texture":"#0","tintindex":0},"down":{"uv":[0,8.25,3.5,11.75],"texture":"#0","tintindex":0}}},{"from":[3,9,-3],"to":[13,14,1],"faces":{"north":{"uv":[3.5,5.75,6,7],"texture":"#0"},"east":{"uv":[7,5.75,6,7],"texture":"#0"},"south":{"uv":[3.5,9.25,4,9.5],"texture":"#0"},"west":{"uv":[6,5.75,7,7],"texture":"#0"},"up":{"uv":[3.5,4.75,6,5.75],"rotation":180,"texture":"#0"},"down":{"uv":[3.5,7,6,8],"rotation":180,"texture":"#0"}}},{"from":[3,0,-3],"to":[13,2,1],"faces":{"north":{"uv":[3.5,9,6,9.5],"texture":"#0"},"east":{"uv":[7,7,6,7.5],"texture":"#0"},"south":{"uv":[3.5,9.25,4,9.5],"texture":"#0"},"west":{"uv":[6,7,7,7.5],"texture":"#0"},"up":{"uv":[3.5,8,6,9],"rotation":180,"texture":"#0"},"down":{"uv":[6,7.5,8.5,8.5],"texture":"#0"}}},{"from":[4,1,-2],"to":[12,9,1],"faces":{"north":{"uv":[3.75,9.5,5.75,11.5],"texture":"#0"},"east":{"uv":[6.5,9.5,5.75,11.5],"texture":"#0"},"west":{"uv":[5.75,9.5,6.5,11.5],"texture":"#0"}}},{"from":[-3,16,7.5],"to":[3,22,9.5],"faces":{"north":{"uv":[7,4.75,8.5,6.25],"texture":"#0","tintindex":0},"east":{"uv":[0,0,0.5,1.25],"texture":"#0","tintindex":0},"south":{"uv":[10.5,4.75,9,6.25],"texture":"#0","tintindex":0},"west":{"uv":[8.5,4.75,9,6.25],"texture":"#0","tintindex":0},"up":{"uv":[7,6.25,8.5,6.75],"rotation":180,"texture":"#0","tintindex":0},"down":{"uv":[7,6,8.5,6.25],"rotation":180,"texture":"#0","tintindex":0}}},{"from":[-3,16,7.5],"to":[3,22,7.5],"faces":{"north":{"uv":[8.5,6.25,10,7.75],"texture":"#0"}}},{"from":[13,16,7.5],"to":[19,22,7.5],"rotation":{"angle":0,"axis":"y","origin":[16,0,0]},"faces":{"north":{"uv":[10,6.25,8.5,7.75],"texture":"#0"}}},{"from":[13,16,7.5],"to":[19,22,9.5],"rotation":{"angle":0,"axis":"y","origin":[16,0,0]},"faces":{"north":{"uv":[8.5,4.75,7,6.25],"texture":"#0","tintindex":0},"east":{"uv":[9,4.75,8.5,6.25],"texture":"#0","tintindex":0},"south":{"uv":[9,4.75,10.5,6.25],"texture":"#0","tintindex":0},"west":{"uv":[0.5,0,0,1.25],"texture":"#0","tintindex":0},"up":{"uv":[8.5,6.25,7,6.75],"rotation":180,"texture":"#0","tintindex":0},"down":{"uv":[8.5,6,7,6.25],"rotation":180,"texture":"#0","tintindex":0}}},{"name":"cube inverted","from":[15,19,15],"to":[1,0,1],"faces":{"north":{"uv":[7,4.75,10.5,0],"texture":"#0","tintindex":0},"east":{"uv":[3.5,4.75,7,0],"texture":"#0","tintindex":0},"south":{"uv":[0,4.75,3.5,0],"texture":"#0","tintindex":0},"west":{"uv":[7,4.75,3.5,0],"texture":"#0","tintindex":0},"up":{"uv":[3.5,8.25,0,11.75],"texture":"#0","tintindex":0},"down":{"uv":[3.5,4.75,0,8.25],"rotation":180,"texture":"#0","tintindex":0}}}],"display":{"ground":{"translation":[0,6.5,0],"scale":[0.35,0.35,0.35]},"gui":{"rotation":[30,130,0],"translation":[0.25,-1.25,0],"scale":[0.53,0.53,0.53]},"head":{"rotation":[-4,0,0],"translation":[0,4,0.25],"scale":[1.55,1.55,1.55]},"thirdperson_righthand":{"rotation":[86.0,0,0],"translation":[-1.0,-2.15625,16.09375],"scale":[0.9082031,0.9082031,0.9082031]}}}