{"credit":"Made with Blockbench","texture_size":[128,128],"textures":{"0":"custom/cosmetics/lunar/lunar_dragon_hat","particle":"custom/cosmetics/lunar/lunar_dragon_hat"},"elements":[{"from":[0,0,-6],"to":[16,9,16],"faces":{"north":{"uv":[0,2,2,3.125],"texture":"#0"},"east":{"uv":[4.75,2,2,3.125],"texture":"#0"},"south":{"uv":[4.75,2,6.75,3.125],"texture":"#0"},"west":{"uv":[2,2,4.75,3.125],"texture":"#0"},"up":{"uv":[0,0,2.75,2],"rotation":90,"texture":"#0"}}},{"from":[0,9,7],"to":[16,15,16],"faces":{"north":{"uv":[2.75,1.25,4.75,2],"texture":"#0"},"east":{"uv":[5.875,0.375,4.75,1.125],"texture":"#0"},"south":{"uv":[4.75,1.25,6.75,2],"texture":"#0"},"west":{"uv":[4.75,0.375,5.875,1.125],"texture":"#0"},"up":{"uv":[2.75,0,4.75,1.125],"rotation":180,"texture":"#0"}}},{"from":[0,0,-6],"to":[16,9,16],"faces":{"north":{"uv":[0,5.125,2,6.25],"texture":"#0","tintindex":0},"east":{"uv":[4.75,5.125,2,6.25],"texture":"#0","tintindex":0},"south":{"uv":[4.75,5.125,6.75,6.25],"texture":"#0","tintindex":0},"west":{"uv":[2,5.125,4.75,6.25],"texture":"#0","tintindex":0},"up":{"uv":[0,3.125,2.75,5.125],"rotation":90,"texture":"#0","tintindex":0}}},{"from":[0,9,7],"to":[16,15,16],"faces":{"north":{"uv":[2.75,4.375,4.75,5.125],"texture":"#0","tintindex":0},"east":{"uv":[5.875,3.5,4.75,4.25],"texture":"#0","tintindex":0},"south":{"uv":[4.75,4.375,6.75,5.125],"texture":"#0","tintindex":0},"west":{"uv":[4.75,3.5,5.875,4.25],"texture":"#0","tintindex":0},"up":{"uv":[2.75,3.125,4.75,4.25],"rotation":180,"texture":"#0","tintindex":0}}},{"from":[0,15,7],"to":[16,19,7],"rotation":{"angle":22.5,"axis":"x","origin":[8,15,7]},"faces":{"north":{"uv":[5.875,0.625,7.875,1.125],"texture":"#0"},"south":{"uv":[5.875,0.625,7.875,1.125],"texture":"#0"}}},{"from":[-1,-6,-4.5],"to":[17,3,15.5],"rotation":{"angle":-22.5,"axis":"x","origin":[0,2,12]},"faces":{"north":{"uv":[2.5,6.25,4.75,7.375],"texture":"#0"},"east":{"uv":[0,6.25,2.5,7.375],"texture":"#0"},"south":{"uv":[4.75,6.25,7,7.375],"texture":"#0"},"west":{"uv":[2.5,6.25,0,7.375],"texture":"#0"}}},{"from":[-1,-6,-4.5],"to":[17,3,15.5],"rotation":{"angle":-22.5,"axis":"x","origin":[0,2,12]},"faces":{"north":{"uv":[2.5,7.375,4.75,8.5],"texture":"#0","tintindex":0},"east":{"uv":[0,7.375,2.5,8.5],"texture":"#0","tintindex":0},"south":{"uv":[4.75,7.375,7,8.5],"texture":"#0","tintindex":0},"west":{"uv":[2.5,7.375,0,8.5],"texture":"#0","tintindex":0},"down":{"uv":[0,8.5,2.5,10.75],"rotation":90,"texture":"#0","tintindex":0}}},{"name":"cube inverted","from":[16,15,16],"to":[0,9,7],"faces":{"north":{"uv":[4.75,5.125,6.75,4.375],"texture":"#0","tintindex":0},"east":{"uv":[4.75,4.25,5.875,3.5],"texture":"#0","tintindex":0},"south":{"uv":[2.75,5.125,4.75,4.375],"texture":"#0","tintindex":0},"west":{"uv":[5.875,4.25,4.75,3.5],"texture":"#0","tintindex":0},"down":{"uv":[4.75,3.125,2.75,4.25],"rotation":180,"texture":"#0"}}},{"name":"cube inverted","from":[16,9,16],"to":[0,0,-6],"faces":{"north":{"uv":[4.75,6.25,6.75,5.125],"texture":"#0","tintindex":0},"east":{"uv":[2,6.25,4.75,5.125],"texture":"#0","tintindex":0},"south":{"uv":[0,6.25,2,5.125],"texture":"#0","tintindex":0},"west":{"uv":[4.75,6.25,2,5.125],"texture":"#0","tintindex":0},"down":{"uv":[0,5.125,2.75,3.125],"rotation":90,"texture":"#0","tintindex":0}}},{"name":"cube inverted","from":[16,15,16],"to":[0,9,7],"faces":{"north":{"uv":[4.75,2,6.75,1.25],"texture":"#0"},"east":{"uv":[4.75,1.125,5.875,0.375],"texture":"#0"},"south":{"uv":[2.75,2,4.75,1.25],"texture":"#0"},"west":{"uv":[5.875,1.125,4.75,0.375],"texture":"#0"},"down":{"uv":[4.75,0,2.75,1.125],"rotation":180,"texture":"#0"}}},{"name":"cube inverted","from":[16,9,16],"to":[0,0,-6],"faces":{"north":{"uv":[4.75,3.125,6.75,2],"texture":"#0"},"east":{"uv":[2,3.125,4.75,2],"texture":"#0"},"south":{"uv":[0,3.125,2,2],"texture":"#0"},"west":{"uv":[4.75,3.125,2,2],"texture":"#0"},"down":{"uv":[0,2,2.75,0],"rotation":90,"texture":"#0"}}},{"name":"cube inverted","from":[17,3,15.5],"to":[-1,-6,-4.5],"rotation":{"angle":-22.5,"axis":"x","origin":[0,2,12]},"faces":{"north":{"uv":[4.75,8.5,7,7.375],"texture":"#0","tintindex":0},"east":{"uv":[2.5,8.5,0,7.375],"texture":"#0","tintindex":0},"south":{"uv":[2.5,8.5,4.75,7.375],"texture":"#0","tintindex":0},"west":{"uv":[0,8.5,2.5,7.375],"texture":"#0","tintindex":0},"up":{"uv":[0,10.75,2.5,8.5],"rotation":90,"texture":"#0","tintindex":0}}},{"name":"cube inverted","from":[17,3,15.5],"to":[-1,-6,-4.5],"rotation":{"angle":-22.5,"axis":"x","origin":[0,2,12]},"faces":{"north":{"uv":[4.75,7.375,7,6.25],"texture":"#0"},"east":{"uv":[2.5,7.375,0,6.25],"texture":"#0"},"south":{"uv":[2.5,7.375,4.75,6.25],"texture":"#0"},"west":{"uv":[0,7.375,2.5,6.25],"texture":"#0"}}},{"from":[5,7,-7],"to":[11,10,-1],"faces":{"north":{"uv":[6.75,5.625,7.5,6],"texture":"#0"},"east":{"uv":[7.5,4.5,6.75,4.875],"texture":"#0"},"south":{"uv":[7.25,4.5,7.5,4.875],"texture":"#0"},"west":{"uv":[6.75,4.5,7.5,4.875],"texture":"#0"},"up":{"uv":[6.75,4.875,7.5,5.625],"rotation":180,"texture":"#0"},"down":{"uv":[6.75,5.875,7.5,6],"texture":"#0"}}},{"from":[2,13.04276,10.71818],"to":[4,16.04276,26.71818],"rotation":{"angle":-22.5,"axis":"x","origin":[3,14.59796,10.83133]},"faces":{"north":{"uv":[7.125,8.375,7.25,8.5],"rotation":90,"texture":"#0"},"east":{"uv":[7.375,6.5,7,8.5],"rotation":270,"texture":"#0"},"south":{"uv":[7,6.5,7.375,6.625],"rotation":90,"texture":"#0"},"west":{"uv":[7,6.5,7.375,8.5],"rotation":90,"texture":"#0"},"up":{"uv":[7,6.5,7.125,8.5],"rotation":180,"texture":"#0"},"down":{"uv":[7.25,6.5,7.375,8.5],"texture":"#0"}}},{"from":[2,10.04276,22.71818],"to":[4,13.04276,26.71818],"rotation":{"angle":-22.5,"axis":"x","origin":[3,14.59796,10.83133]},"faces":{"north":{"uv":[7.375,6.875,7.75,7],"rotation":270,"texture":"#0"},"east":{"uv":[7.75,6.5,7.375,7],"rotation":270,"texture":"#0"},"south":{"uv":[7.375,6.5,7.75,6.625],"rotation":90,"texture":"#0"},"west":{"uv":[7.375,6.5,7.75,7],"rotation":90,"texture":"#0"},"down":{"uv":[7.625,6.5,7.75,7],"texture":"#0"}}},{"from":[12,13.04276,10.71818],"to":[14,16.04276,26.71818],"rotation":{"angle":-22.5,"axis":"x","origin":[13,14.59796,10.83133]},"faces":{"north":{"uv":[7.125,8.375,7.25,8.5],"rotation":90,"texture":"#0"},"east":{"uv":[7,8.5,7.375,6.5],"rotation":90,"texture":"#0"},"south":{"uv":[7,6.625,7.375,6.5],"rotation":90,"texture":"#0"},"west":{"uv":[7.375,8.5,7,6.5],"rotation":270,"texture":"#0"},"up":{"uv":[7.125,6.5,7,8.5],"rotation":180,"texture":"#0"},"down":{"uv":[7.375,6.5,7.25,8.5],"texture":"#0"}}},{"from":[12,10.04276,22.71818],"to":[14,13.04276,26.71818],"rotation":{"angle":-22.5,"axis":"x","origin":[13,14.59796,10.83133]},"faces":{"north":{"uv":[7.375,7,7.75,6.875],"rotation":270,"texture":"#0"},"east":{"uv":[7.375,7,7.75,6.5],"rotation":90,"texture":"#0"},"south":{"uv":[7.375,6.625,7.75,6.5],"rotation":90,"texture":"#0"},"west":{"uv":[7.75,7,7.375,6.5],"rotation":270,"texture":"#0"},"down":{"uv":[7.75,6.5,7.625,7],"texture":"#0"}}}],"display":{"gui":{"rotation":[9,135,14],"translation":[-0.25,1,0],"scale":[0.39,0.39,0.39]},"head":{"rotation":[9,0,0],"translation":[0,6,-4.25],"scale":[1.71,1.71,1.71]},"thirdperson_righthand":{"rotation":[99.0,0,0],"translation":[-1.0,0.65625,17.265625],"scale":[1.0019531,1.0019531,1.0019531]}},"groups":[0,1,2,3,4,5,6,7,8,9,10,11,12,13,{"name":"group","origin":[3,15.25,12],"color":0,"children":[14,15]},{"name":"group","origin":[3,15.25,12],"color":0,"children":[16,17]}]}