{"credit":"Made with Blockbench","texture_size":[128,128],"textures":{"0":"custom/cosmetics/lunar/lunar_dragon_balloon","particle":"custom/cosmetics/lunar/lunar_dragon_balloon"},"elements":[{"from":[4,2,-7],"to":[12,10,6],"faces":{"north":{"uv":[10,6.75,10.25,7.125],"texture":"#0","tintindex":0},"east":{"uv":[10.75,5.375,9.125,6.375],"texture":"#0","tintindex":0},"south":{"uv":[9.625,6.375,10.625,7.375],"texture":"#0","tintindex":0},"west":{"uv":[9.125,5.375,10.75,6.375],"texture":"#0","tintindex":0},"up":{"uv":[9.125,5.375,10.75,6.375],"rotation":90,"texture":"#0","tintindex":0},"down":{"uv":[9.125,5.375,10.75,6.375],"rotation":270,"texture":"#0","tintindex":0}}},{"from":[8,-1,-3],"to":[8,13,20],"faces":{"east":{"uv":[2.875,5,0,6.75],"texture":"#0"},"west":{"uv":[0,5,2.875,6.75],"texture":"#0"}}}],"display":{"head":{"translation":[0,-1.5,34.25],"scale":[2.2857,2.2857,2.2857]}},"groups":[{"name":"group","origin":[0,0,0],"color":0,"children":[]},0,1]}