{"credit":"Made with Blockbench","texture_size":[64,64],"textures":{"3":"custom/cosmetics/vote/tuff_golem_balloon/tuff_golem_balloon","particle":"custom/cosmetics/vote/tuff_golem_balloon/tuff_golem_balloon"},"elements":[{"from":[6,-1,6],"to":[10,9,10],"rotation":{"angle":0,"axis":"x","origin":[8,8,8]},"faces":{"north":{"uv":[4.5,2.75,5.5,5.25],"texture":"#3"},"east":{"uv":[4.5,2.75,5.5,5.25],"texture":"#3"},"south":{"uv":[4.5,2.75,5.5,5.25],"texture":"#3"},"west":{"uv":[4.5,2.75,5.5,5.25],"texture":"#3"},"up":{"uv":[4.5,2.75,5.5,3.75],"texture":"#3"},"down":{"uv":[4.5,4.25,5.5,5.25],"texture":"#3"}}}],"display":{"head":{"translation":[0,-1,0],"scale":[2.2857,2.2857,2.2857]}}}