{"credit":"Made with Blockbench","texture_size":[32,32],"textures":{"0":"custom/cosmetics/witch/witch_broom","particle":"custom/cosmetics/witch/witch_broom"},"elements":[{"from":[7,8,7],"to":[9,31,9],"rotation":{"angle":0,"axis":"y","origin":[15,16,15]},"faces":{"north":{"uv":[0,0,1,11.5],"texture":"#0"},"east":{"uv":[0,0,1,11.5],"texture":"#0"},"south":{"uv":[0,0,1,11.5],"texture":"#0"},"west":{"uv":[0,0,1,11.5],"texture":"#0"},"up":{"uv":[0,0,1,1],"texture":"#0"},"down":{"uv":[9,0.5,9.5,1],"texture":"#0"}}},{"from":[4,-1,6],"to":[12,8,10],"rotation":{"angle":0,"axis":"y","origin":[12,7,14]},"faces":{"north":{"uv":[1,0,5,4.5],"texture":"#0"},"east":{"uv":[5,0,7,4.5],"texture":"#0"},"south":{"uv":[1,0,5,4.5],"texture":"#0"},"west":{"uv":[5,0,7,4.5],"texture":"#0"},"up":{"uv":[7,0,11,2],"texture":"#0"}}},{"from":[12,8,10],"to":[4,-1,6],"rotation":{"angle":0,"axis":"y","origin":[20,16,18]},"faces":{"north":{"uv":[1,0,5,4.5],"rotation":180,"texture":"#0"},"east":{"uv":[5,0,7,4.5],"rotation":180,"texture":"#0"},"south":{"uv":[1,0,5,4.5],"rotation":180,"texture":"#0"},"west":{"uv":[5,0,7,4.5],"rotation":180,"texture":"#0"},"down":{"uv":[7,0,11,2],"texture":"#0"}}}],"display":{"thirdperson_righthand":{"rotation":[50.0,10.0,-3.0],"translation":[-2.40625,-5.28125,-1.71875],"scale":[0.9375,0.9375,0.9375]},"thirdperson_lefthand":{"rotation":[50,-10,3],"translation":[0.5,-5.5,-2.5]},"firstperson_righthand":{"rotation":[26,9,0],"translation":[6.5,-7.75,-7]},"firstperson_lefthand":{"rotation":[26,9,0],"translation":[6.5,-7.75,-7],"scale":[0,0,0]},"ground":{"translation":[0,5.25,0],"scale":[0.4,0.4,0.4]},"gui":{"rotation":[0,0,-45],"translation":[-2.75,-2.75,0],"scale":[0.59,0.59,0.59]},"head":{"translation":[0,14.75,0]},"fixed":{"translation":[0,-12.75,-2],"scale":[2,2,2]}}}