{"credit":"Made with Blockbench","texture_size":[32,32],"textures":{"0":"custom/cosmetics/witch/witch_cauldron","1":"custom/cosmetics/witch/witch_cauldron_bubbles","particle":"custom/cosmetics/witch/witch_cauldron"},"elements":[{"from":[1,3,1],"to":[15,16,2],"rotation":{"angle":0,"axis":"y","origin":[9,11,9]},"faces":{"north":{"uv":[0,0,7,6.5],"texture":"#0"},"east":{"uv":[6.5,0,7,6.5],"texture":"#0"},"south":{"uv":[0,0,7,6.5],"texture":"#0"},"west":{"uv":[0,0,0.5,6.5],"texture":"#0"},"up":{"uv":[7,6.5,14,7],"rotation":180,"texture":"#0"},"down":{"uv":[0,6.5,7,7],"texture":"#0"}}},{"from":[2,4,2],"to":[14,4,14],"rotation":{"angle":0,"axis":"y","origin":[10,12,10]},"faces":{"down":{"uv":[0.5,7,6.5,13],"texture":"#0"}}},{"from":[1,1,1],"to":[15,3,15],"rotation":{"angle":0,"axis":"y","origin":[9,9,9]},"faces":{"north":{"uv":[7,7,14,8],"texture":"#0"},"east":{"uv":[7,7,14,8],"texture":"#0"},"south":{"uv":[7,7,14,8],"texture":"#0"},"west":{"uv":[7,7,14,8],"texture":"#0"}}},{"from":[14,3,2],"to":[15,16,14],"rotation":{"angle":0,"axis":"y","origin":[22,11,10]},"faces":{"east":{"uv":[0.5,0,6.5,6.5],"texture":"#0"},"west":{"uv":[0.5,0,6.5,6.5],"texture":"#0"},"up":{"uv":[7,0.5,7.5,6.5],"rotation":180,"texture":"#0"},"down":{"uv":[0,7,0.5,13],"texture":"#0"}}},{"from":[1,3,2],"to":[2,16,14],"rotation":{"angle":0,"axis":"y","origin":[9,11,10]},"faces":{"east":{"uv":[0.5,0,6.5,6.5],"texture":"#0"},"west":{"uv":[0.5,0,6.5,6.5],"texture":"#0"},"up":{"uv":[7,0.5,7.5,6.5],"texture":"#0"},"down":{"uv":[6.5,7,7,13],"texture":"#0"}}},{"from":[1,3,14],"to":[15,16,15],"rotation":{"angle":0,"axis":"y","origin":[9,11,22]},"faces":{"north":{"uv":[0,0,7,6.5],"texture":"#0"},"east":{"uv":[0,0,0.5,6.5],"texture":"#0"},"south":{"uv":[0,0,7,6.5],"texture":"#0"},"west":{"uv":[6.5,0,7,6.5],"texture":"#0"},"up":{"uv":[7,6.5,14,7],"rotation":180,"texture":"#0"},"down":{"uv":[0,13,7,13.5],"texture":"#0"}}},{"from":[2.5,9,-1],"to":[5.5,16,-1],"rotation":{"angle":22.5,"axis":"y","origin":[5.5,10.5,-1]},"faces":{"north":{"uv":[11,8,12.5,11.5],"texture":"#0"},"south":{"uv":[12.5,8,11,11.5],"texture":"#0"}}},{"from":[10.5,9,-1],"to":[13.5,16,-1],"rotation":{"angle":-22.5,"axis":"y","origin":[10.5,10.5,-1]},"faces":{"north":{"uv":[12.5,8,11,11.5],"texture":"#0"},"south":{"uv":[11,8,12.5,11.5],"texture":"#0"}}},{"from":[5.5,6,-2.1],"to":[10.5,11,0.9],"rotation":{"angle":0,"axis":"y","origin":[13,14,6]},"faces":{"north":{"uv":[7,9.5,9.5,12],"texture":"#0"},"east":{"uv":[11,8,9.5,10.5],"texture":"#0"},"south":{"uv":[7,12,9.5,14.5],"texture":"#0"},"west":{"uv":[9.5,8,11,10.5],"texture":"#0"},"up":{"uv":[7,8,9.5,9.5],"rotation":180,"texture":"#0"}}},{"from":[10.5,11,0.9],"to":[5.5,6,-2.1],"rotation":{"angle":0,"axis":"y","origin":[18,19,9]},"faces":{"north":{"uv":[7,12,9.5,14.5],"rotation":180,"texture":"#0"},"east":{"uv":[11,8,9.5,10.5],"rotation":180,"texture":"#0"},"south":{"uv":[7,9.5,9.5,12],"rotation":180,"texture":"#0"},"west":{"uv":[9.5,8,11,10.5],"rotation":180,"texture":"#0"},"down":{"uv":[7,8,9.5,9.5],"rotation":180,"texture":"#0"}}},{"from":[0.75,9.75,-0.25],"to":[15.25,13.25,16.25],"rotation":{"angle":-22.5,"axis":"x","origin":[8,11.5,8]},"faces":{"north":{"uv":[14,2,15.5,9],"rotation":90,"texture":"#0"},"east":{"uv":[14,0,15.5,8],"rotation":90,"texture":"#0"},"south":{"uv":[14,2,15.5,9],"rotation":90,"texture":"#0"},"west":{"uv":[14,0,15.5,8],"rotation":90,"texture":"#0"}}},{"from":[15.25,13.25,16.25],"to":[0.75,9.75,-0.25],"rotation":{"angle":-22.5,"axis":"x","origin":[8,11.5,8]},"faces":{"north":{"uv":[14,2,15.5,9],"rotation":270,"texture":"#0"},"east":{"uv":[14,0,15.5,8],"rotation":270,"texture":"#0"},"south":{"uv":[14,2,15.5,9],"rotation":270,"texture":"#0"},"west":{"uv":[14,0,15.5,8],"rotation":270,"texture":"#0"}}},{"from":[2,15,2],"to":[14,15,14],"rotation":{"angle":0,"axis":"y","origin":[10,23,10]},"faces":{"up":{"uv":[7.5,0.5,13.5,6.5],"texture":"#0","tintindex":0}}},{"from":[0.9,7.9,6.9],"to":[2.1,16.1,8.1],"rotation":{"angle":0,"axis":"x","origin":[9,16,15]},"faces":{"east":{"uv":[11,0.5,11.5,4.5],"rotation":180,"texture":"#0","tintindex":0},"west":{"uv":[11,0.5,11.5,4.5],"rotation":180,"texture":"#0","tintindex":0},"up":{"uv":[10.5,1.5,11,2],"texture":"#0","tintindex":0}}},{"from":[0.9,10.9,9.9],"to":[2.1,16.1,11.1],"rotation":{"angle":0,"axis":"x","origin":[9,19,18]},"faces":{"east":{"uv":[11,0.5,11.5,3],"rotation":180,"texture":"#0","tintindex":0},"west":{"uv":[11,0.5,11.5,3],"rotation":180,"texture":"#0","tintindex":0},"up":{"uv":[10.5,1.5,11,2],"texture":"#0","tintindex":0}}},{"from":[8,15,0],"to":[8,31,16],"rotation":{"angle":-45,"axis":"y","origin":[8,15,8]},"faces":{"east":{"uv":[0,0,16,16],"texture":"#1","tintindex":0},"west":{"uv":[0,0,16,16],"texture":"#1","tintindex":0}}},{"from":[0,15,8],"to":[16,31,8],"rotation":{"angle":-45,"axis":"y","origin":[8,15,8]},"faces":{"north":{"uv":[0,0,16,16],"texture":"#1","tintindex":0},"south":{"uv":[0,0,16,16],"texture":"#1","tintindex":0}}},{"from":[13.9,10.9,3.9],"to":[15.1,16.1,5.1],"rotation":{"angle":0,"axis":"x","origin":[22,19,12]},"faces":{"east":{"uv":[11,0.5,11.5,3],"rotation":180,"texture":"#0","tintindex":0},"west":{"uv":[11,0.5,11.5,3],"rotation":180,"texture":"#0","tintindex":0},"up":{"uv":[10.5,1.5,11,2],"texture":"#0","tintindex":0}}}],"display":{"gui":{"rotation":[30,135,0],"translation":[0,-2,0],"scale":[0.55,0.55,0.55]},"head":{"rotation":[9,-180,0],"translation":[0,-56.5,12.25],"scale":[1.6,1.6,1.6]},"fixed":{"rotation":[-90,0,0],"translation":[0,0,-14],"scale":[2,2,2]},"thirdperson_righthand":{"rotation":[99.0,-180,0],"translation":[-1.0,-9.65625,12.287498],"scale":[1.0,1.0,1.0]}},"groups":[{"name":"group","origin":[9,8,22],"children":[0,1,2,3,4,5]},{"name":"group","origin":[13,14,6],"children":[6,7,8,9]},10,11,{"name":"group","origin":[22,19,12],"children":[12,13,14,15,16,17]}]}