{"credit":"Made with Blockbench","texture_size":[32,32],"textures":{"0":"custom/cosmetics/easter/flower_crown","particle":"custom/cosmetics/easter/flower_crown"},"elements":[{"from":[13,4,4],"to":[13,8,11],"faces":{"east":{"uv":[3.5,6,7,8],"texture":"#0"},"west":{"uv":[7,6,3.5,8],"texture":"#0"}}},{"from":[3,4,4],"to":[3,8,11],"faces":{"east":{"uv":[3.5,6,7,8],"texture":"#0"},"west":{"uv":[7,6,3.5,8],"texture":"#0"}}},{"from":[3.5,5,3.5],"to":[12.5,10,12.5],"faces":{"north":{"uv":[0,0,4.5,2.5],"texture":"#0"},"east":{"uv":[9,0,4.5,2.5],"texture":"#0"},"south":{"uv":[9,0,13.5,2.5],"texture":"#0"},"west":{"uv":[4.5,0,9,2.5],"texture":"#0"}}},{"from":[12.5,10,12.5],"to":[3.5,5,3.5],"faces":{"north":{"uv":[9,0,13.5,2.5],"rotation":180,"texture":"#0"},"east":{"uv":[9,0,4.5,2.5],"rotation":180,"texture":"#0"},"south":{"uv":[0,0,4.5,2.5],"rotation":180,"texture":"#0"},"west":{"uv":[4.5,0,9,2.5],"rotation":180,"texture":"#0"}}},{"from":[2,4,3],"to":[14,10,3],"rotation":{"angle":0,"axis":"x","origin":[8,7,3]},"faces":{"north":{"uv":[6,2.5,12,5.5],"texture":"#0"},"south":{"uv":[6,2.5,12,5.5],"texture":"#0"}}},{"from":[12.5,5,7],"to":[16.5,9,7],"rotation":{"angle":-45,"axis":"y","origin":[12.5,7,7]},"faces":{"north":{"uv":[0,8,2,10],"texture":"#0"},"south":{"uv":[2,8,0,10],"texture":"#0"}}},{"from":[-0.5,5,7],"to":[3.5,9,7],"rotation":{"angle":45,"axis":"y","origin":[3.5,7,7]},"faces":{"north":{"uv":[2,8,0,10],"texture":"#0"},"south":{"uv":[0,8,2,10],"texture":"#0"}}},{"from":[2,4,3],"to":[14,10,3],"rotation":{"angle":0,"axis":"x","origin":[8,7,3]},"faces":{"north":{"uv":[0,2.5,6,5.5],"texture":"#0","tintindex":0},"south":{"uv":[0,2.5,6,5.5],"texture":"#0","tintindex":0}}},{"from":[3,4,4],"to":[3,8,11],"faces":{"east":{"uv":[0,6,3.5,8],"texture":"#0","tintindex":0},"west":{"uv":[3.5,6,0,8],"texture":"#0","tintindex":0}}},{"from":[13,4,4],"to":[13,8,11],"faces":{"east":{"uv":[0,6,3.5,8],"texture":"#0","tintindex":0},"west":{"uv":[3.5,6,0,8],"texture":"#0","tintindex":0}}}],"display":{"gui":{"rotation":[30,135,0],"translation":[0.5,2,0],"scale":[1.05,1.05,1.05]},"head":{"rotation":[5,0,0],"translation":[0,7.25,0.25],"scale":[1.7,1.7,1.7]},"thirdperson_righthand":{"rotation":[95.0,0,0],"translation":[-1.0,-2.15625,17.998047],"scale":[0.99609375,0.99609375,0.99609375]}},"groups":[0,1,2,3,4,5,6,{"name":"group","origin":[8,7,3],"children":[7,8,9]}]}