{"credit":"Made with Blockbench","texture_size":[64,64],"textures":{"0":"custom/cosmetics/vote/sniffer_balloon/sniffer_balloon","particle":"custom/cosmetics/vote/sniffer_balloon/sniffer_balloon"},"elements":[{"from":[0,0,0],"to":[16,16,22],"faces":{"north":{"uv":[0,4,4,8],"texture":"#0","tintindex":0},"east":{"uv":[0,0,5.5,4],"texture":"#0","tintindex":0},"south":{"uv":[0,4,4,8],"texture":"#0","tintindex":0},"west":{"uv":[0,0,5.5,4],"texture":"#0","tintindex":0},"up":{"uv":[0,0,2.25,2],"texture":"#0","tintindex":0},"down":{"uv":[8.75,10.75,14.25,14.75],"rotation":90,"texture":"#0","tintindex":0}}},{"from":[-0.25,-0.25,-0.25],"to":[16.25,16.25,22.25],"faces":{"north":{"uv":[4,4,8,8],"texture":"#0"},"east":{"uv":[5.5,0,11,4],"texture":"#0"},"south":{"uv":[4,4,8,8],"texture":"#0"},"west":{"uv":[5.5,0,11,4],"texture":"#0"},"up":{"uv":[3,10.75,8.5,14.75],"rotation":90,"texture":"#0"}}},{"from":[0,-4,0.5],"to":[5,0,5.5],"faces":{"north":{"uv":[8,4,9.25,5],"texture":"#0"},"east":{"uv":[8,4,9.25,5],"texture":"#0"},"south":{"uv":[8,4,9.25,5],"texture":"#0"},"west":{"uv":[8,4,9.25,5],"texture":"#0"},"down":{"uv":[8,5,9.25,6.25],"texture":"#0"}}},{"from":[0,-4,0.5],"to":[5,0,5.5],"faces":{"north":{"uv":[9.25,4,10.5,5],"texture":"#0","tintindex":0},"east":{"uv":[9.25,4,10.5,5],"texture":"#0","tintindex":0},"south":{"uv":[9.25,4,10.5,5],"texture":"#0","tintindex":0},"west":{"uv":[9.25,4,10.5,5],"texture":"#0","tintindex":0}}},{"from":[0,-4,8.5],"to":[5,0,13.5],"faces":{"north":{"uv":[8,4,9.25,5],"texture":"#0"},"east":{"uv":[8,4,9.25,5],"texture":"#0"},"south":{"uv":[8,4,9.25,5],"texture":"#0"},"west":{"uv":[8,4,9.25,5],"texture":"#0"},"down":{"uv":[8,5,9.25,6.25],"texture":"#0"}}},{"from":[0,-4,8.5],"to":[5,0,13.5],"faces":{"north":{"uv":[9.25,4,10.5,5],"texture":"#0","tintindex":0},"east":{"uv":[9.25,4,10.5,5],"texture":"#0","tintindex":0},"south":{"uv":[9.25,4,10.5,5],"texture":"#0","tintindex":0},"west":{"uv":[9.25,4,10.5,5],"texture":"#0","tintindex":0}}},{"from":[0,-4,16.5],"to":[5,0,21.5],"faces":{"north":{"uv":[8,4,9.25,5],"texture":"#0"},"east":{"uv":[8,4,9.25,5],"texture":"#0"},"south":{"uv":[8,4,9.25,5],"texture":"#0"},"west":{"uv":[8,4,9.25,5],"texture":"#0"},"down":{"uv":[8,5,9.25,6.25],"texture":"#0"}}},{"from":[0,-4,16.5],"to":[5,0,21.5],"faces":{"north":{"uv":[9.25,4,10.5,5],"texture":"#0","tintindex":0},"east":{"uv":[9.25,4,10.5,5],"texture":"#0","tintindex":0},"south":{"uv":[9.25,4,10.5,5],"texture":"#0","tintindex":0},"west":{"uv":[9.25,4,10.5,5],"texture":"#0","tintindex":0}}},{"from":[11,-4,0.5],"to":[16,0,5.5],"rotation":{"angle":0,"axis":"y","origin":[16,0,0]},"faces":{"north":{"uv":[9.25,4,8,5],"texture":"#0"},"east":{"uv":[9.25,4,8,5],"texture":"#0"},"south":{"uv":[9.25,4,8,5],"texture":"#0"},"west":{"uv":[9.25,4,8,5],"texture":"#0"},"down":{"uv":[9.25,5,8,6.25],"texture":"#0"}}},{"from":[11,-4,0.5],"to":[16,0,5.5],"rotation":{"angle":0,"axis":"y","origin":[16,0,0]},"faces":{"north":{"uv":[10.5,4,9.25,5],"texture":"#0","tintindex":0},"east":{"uv":[10.5,4,9.25,5],"texture":"#0","tintindex":0},"south":{"uv":[10.5,4,9.25,5],"texture":"#0","tintindex":0},"west":{"uv":[10.5,4,9.25,5],"texture":"#0","tintindex":0}}},{"from":[11,-4,8.5],"to":[16,0,13.5],"rotation":{"angle":0,"axis":"y","origin":[16,0,0]},"faces":{"north":{"uv":[9.25,4,8,5],"texture":"#0"},"east":{"uv":[9.25,4,8,5],"texture":"#0"},"south":{"uv":[9.25,4,8,5],"texture":"#0"},"west":{"uv":[9.25,4,8,5],"texture":"#0"},"down":{"uv":[9.25,5,8,6.25],"texture":"#0"}}},{"from":[11,-4,8.5],"to":[16,0,13.5],"rotation":{"angle":0,"axis":"y","origin":[16,0,0]},"faces":{"north":{"uv":[10.5,4,9.25,5],"texture":"#0","tintindex":0},"east":{"uv":[10.5,4,9.25,5],"texture":"#0","tintindex":0},"south":{"uv":[10.5,4,9.25,5],"texture":"#0","tintindex":0},"west":{"uv":[10.5,4,9.25,5],"texture":"#0","tintindex":0}}},{"from":[11,-4,16.5],"to":[16,0,21.5],"rotation":{"angle":0,"axis":"y","origin":[16,0,0]},"faces":{"north":{"uv":[9.25,4,8,5],"texture":"#0"},"east":{"uv":[9.25,4,8,5],"texture":"#0"},"south":{"uv":[9.25,4,8,5],"texture":"#0"},"west":{"uv":[9.25,4,8,5],"texture":"#0"},"down":{"uv":[9.25,5,8,6.25],"texture":"#0"}}},{"from":[11,-4,16.5],"to":[16,0,21.5],"rotation":{"angle":0,"axis":"y","origin":[16,0,0]},"faces":{"north":{"uv":[10.5,4,9.25,5],"texture":"#0","tintindex":0},"east":{"uv":[10.5,4,9.25,5],"texture":"#0","tintindex":0},"south":{"uv":[10.5,4,9.25,5],"texture":"#0","tintindex":0},"west":{"uv":[10.5,4,9.25,5],"texture":"#0","tintindex":0}}}],"display":{"head":{"translation":[0,-4.25,18.25],"scale":[2.2857,2.2857,2.2857]}},"groups":[0,1,{"name":"group","origin":[0,0,0],"color":0,"children":[]},{"name":"group","origin":[0,0,0],"color":0,"children":[]},2,3,4,5,6,7,8,9,10,11,12,13]}