{"credit":"Made with Blockbench","texture_size":[64,64],"textures":{"0":"custom/cosmetics/vote/sniffer_balloon/sniffer_balloon","particle":"custom/cosmetics/vote/sniffer_balloon/sniffer_balloon"},"elements":[{"from":[3,0,-9],"to":[13,10,0],"faces":{"east":{"uv":[5,8,2.75,10.5],"texture":"#0","tintindex":0},"south":{"uv":[0,0,2.25,2],"texture":"#0","tintindex":0},"west":{"uv":[2.75,8,5,10.5],"texture":"#0","tintindex":0},"up":{"uv":[5.25,8,7.75,10.25],"rotation":180,"texture":"#0","tintindex":0},"down":{"uv":[10.25,8,12.75,10.25],"texture":"#0","tintindex":0}}},{"from":[3,0,-9],"to":[13,10,0],"faces":{"north":{"uv":[0,8,2.5,10.5],"texture":"#0"},"east":{"uv":[2.25,10.5,0,13],"texture":"#0"},"west":{"uv":[0,10.5,2.25,13],"texture":"#0"},"up":{"uv":[7.75,8,10.25,10.25],"rotation":180,"texture":"#0"},"down":{"uv":[12.75,8,15.25,10.25],"texture":"#0"}}},{"from":[4,0,-15],"to":[12,9,-9],"faces":{"north":{"uv":[11,1.75,13,4],"texture":"#0"},"east":{"uv":[14.5,1.75,13,4],"texture":"#0"},"south":{"uv":[0,0,2,2.25],"texture":"#missing"},"west":{"uv":[13,1.75,14.5,4],"texture":"#0"},"up":{"uv":[11,0,13,1.5],"rotation":180,"texture":"#0"},"down":{"uv":[11,4.25,13,5.75],"rotation":180,"texture":"#0"}}},{"from":[2,-2,-5],"to":[3,10,0],"rotation":{"angle":-22.5,"axis":"z","origin":[3,10,-2.5]},"faces":{"north":{"uv":[14.75,0,15,3],"texture":"#0","tintindex":0},"east":{"uv":[14.75,0,16,3],"texture":"#0","tintindex":0},"south":{"uv":[14.75,0,15,3],"texture":"#0","tintindex":0},"west":{"uv":[14.75,0,16,3],"texture":"#0","tintindex":0},"up":{"uv":[14.75,0,16,0.25],"rotation":90,"texture":"#0","tintindex":0}}},{"from":[2,-2,-5],"to":[3,10,0],"rotation":{"angle":-22.5,"axis":"z","origin":[3,10,-2.5]},"faces":{"north":{"uv":[14.75,3.25,15,6.25],"texture":"#0"},"east":{"uv":[14.75,3.25,16,6.25],"texture":"#0"},"south":{"uv":[14.75,3.25,15,6.25],"texture":"#0"},"west":{"uv":[14.75,3.25,16,6.25],"texture":"#0"},"down":{"uv":[14.75,6,16,6.25],"rotation":90,"texture":"#0"}}},{"from":[13,-2,-5],"to":[14,10,0],"rotation":{"angle":22.5,"axis":"z","origin":[13,10,-2.5]},"faces":{"north":{"uv":[15,0,14.75,3],"texture":"#0","tintindex":0},"east":{"uv":[16,0,14.75,3],"texture":"#0","tintindex":0},"south":{"uv":[15,0,14.75,3],"texture":"#0","tintindex":0},"west":{"uv":[16,0,14.75,3],"texture":"#0","tintindex":0},"up":{"uv":[14.75,0.25,16,0],"rotation":90,"texture":"#0","tintindex":0}}},{"from":[13,-2,-5],"to":[14,10,0],"rotation":{"angle":22.5,"axis":"z","origin":[13,10,-2.5]},"faces":{"north":{"uv":[15,3.25,14.75,6.25],"texture":"#0"},"east":{"uv":[16,3.25,14.75,6.25],"texture":"#0"},"south":{"uv":[15,3.25,14.75,6.25],"texture":"#0"},"west":{"uv":[16,3.25,14.75,6.25],"texture":"#0"},"down":{"uv":[14.75,6.25,16,6],"rotation":90,"texture":"#0"}}},{"from":[0,0,0],"to":[16,16,22],"faces":{"north":{"uv":[0,4,4,8],"texture":"#0","tintindex":0},"east":{"uv":[0,0,5.5,4],"texture":"#0","tintindex":0},"south":{"uv":[0,4,4,8],"texture":"#0","tintindex":0},"west":{"uv":[0,0,5.5,4],"texture":"#0","tintindex":0},"up":{"uv":[0,0,2.25,2],"texture":"#0","tintindex":0},"down":{"uv":[8.75,10.75,14.25,14.75],"rotation":90,"texture":"#0","tintindex":0}}},{"from":[-0.25,-0.25,-0.25],"to":[16.25,16.25,22.25],"faces":{"north":{"uv":[4,4,8,8],"texture":"#0"},"east":{"uv":[5.5,0,11,4],"texture":"#0"},"south":{"uv":[4,4,8,8],"texture":"#0"},"west":{"uv":[5.5,0,11,4],"texture":"#0"},"up":{"uv":[3,10.75,8.5,14.75],"rotation":90,"texture":"#0"}}},{"from":[0,-4,0.5],"to":[5,0,5.5],"faces":{"north":{"uv":[8,4,9.25,5],"texture":"#0"},"east":{"uv":[8,4,9.25,5],"texture":"#0"},"south":{"uv":[8,4,9.25,5],"texture":"#0"},"west":{"uv":[8,4,9.25,5],"texture":"#0"},"down":{"uv":[8,5,9.25,6.25],"texture":"#0"}}},{"from":[0,-4,0.5],"to":[5,0,5.5],"faces":{"north":{"uv":[9.25,4,10.5,5],"texture":"#0","tintindex":0},"east":{"uv":[9.25,4,10.5,5],"texture":"#0","tintindex":0},"south":{"uv":[9.25,4,10.5,5],"texture":"#0","tintindex":0},"west":{"uv":[9.25,4,10.5,5],"texture":"#0","tintindex":0}}},{"from":[0,-4,8.5],"to":[5,0,13.5],"faces":{"north":{"uv":[8,4,9.25,5],"texture":"#0"},"east":{"uv":[8,4,9.25,5],"texture":"#0"},"south":{"uv":[8,4,9.25,5],"texture":"#0"},"west":{"uv":[8,4,9.25,5],"texture":"#0"},"down":{"uv":[8,5,9.25,6.25],"texture":"#0"}}},{"from":[0,-4,8.5],"to":[5,0,13.5],"faces":{"north":{"uv":[9.25,4,10.5,5],"texture":"#0","tintindex":0},"east":{"uv":[9.25,4,10.5,5],"texture":"#0","tintindex":0},"south":{"uv":[9.25,4,10.5,5],"texture":"#0","tintindex":0},"west":{"uv":[9.25,4,10.5,5],"texture":"#0","tintindex":0}}},{"from":[0,-4,16.5],"to":[5,0,21.5],"faces":{"north":{"uv":[8,4,9.25,5],"texture":"#0"},"east":{"uv":[8,4,9.25,5],"texture":"#0"},"south":{"uv":[8,4,9.25,5],"texture":"#0"},"west":{"uv":[8,4,9.25,5],"texture":"#0"},"down":{"uv":[8,5,9.25,6.25],"texture":"#0"}}},{"from":[0,-4,16.5],"to":[5,0,21.5],"faces":{"north":{"uv":[9.25,4,10.5,5],"texture":"#0","tintindex":0},"east":{"uv":[9.25,4,10.5,5],"texture":"#0","tintindex":0},"south":{"uv":[9.25,4,10.5,5],"texture":"#0","tintindex":0},"west":{"uv":[9.25,4,10.5,5],"texture":"#0","tintindex":0}}},{"from":[11,-4,0.5],"to":[16,0,5.5],"rotation":{"angle":0,"axis":"y","origin":[16,0,0]},"faces":{"north":{"uv":[9.25,4,8,5],"texture":"#0"},"east":{"uv":[9.25,4,8,5],"texture":"#0"},"south":{"uv":[9.25,4,8,5],"texture":"#0"},"west":{"uv":[9.25,4,8,5],"texture":"#0"},"down":{"uv":[9.25,5,8,6.25],"texture":"#0"}}},{"from":[11,-4,0.5],"to":[16,0,5.5],"rotation":{"angle":0,"axis":"y","origin":[16,0,0]},"faces":{"north":{"uv":[10.5,4,9.25,5],"texture":"#0","tintindex":0},"east":{"uv":[10.5,4,9.25,5],"texture":"#0","tintindex":0},"south":{"uv":[10.5,4,9.25,5],"texture":"#0","tintindex":0},"west":{"uv":[10.5,4,9.25,5],"texture":"#0","tintindex":0}}},{"from":[11,-4,8.5],"to":[16,0,13.5],"rotation":{"angle":0,"axis":"y","origin":[16,0,0]},"faces":{"north":{"uv":[9.25,4,8,5],"texture":"#0"},"east":{"uv":[9.25,4,8,5],"texture":"#0"},"south":{"uv":[9.25,4,8,5],"texture":"#0"},"west":{"uv":[9.25,4,8,5],"texture":"#0"},"down":{"uv":[9.25,5,8,6.25],"texture":"#0"}}},{"from":[11,-4,8.5],"to":[16,0,13.5],"rotation":{"angle":0,"axis":"y","origin":[16,0,0]},"faces":{"north":{"uv":[10.5,4,9.25,5],"texture":"#0","tintindex":0},"east":{"uv":[10.5,4,9.25,5],"texture":"#0","tintindex":0},"south":{"uv":[10.5,4,9.25,5],"texture":"#0","tintindex":0},"west":{"uv":[10.5,4,9.25,5],"texture":"#0","tintindex":0}}},{"from":[11,-4,16.5],"to":[16,0,21.5],"rotation":{"angle":0,"axis":"y","origin":[16,0,0]},"faces":{"north":{"uv":[9.25,4,8,5],"texture":"#0"},"east":{"uv":[9.25,4,8,5],"texture":"#0"},"south":{"uv":[9.25,4,8,5],"texture":"#0"},"west":{"uv":[9.25,4,8,5],"texture":"#0"},"down":{"uv":[9.25,5,8,6.25],"texture":"#0"}}},{"from":[11,-4,16.5],"to":[16,0,21.5],"rotation":{"angle":0,"axis":"y","origin":[16,0,0]},"faces":{"north":{"uv":[10.5,4,9.25,5],"texture":"#0","tintindex":0},"east":{"uv":[10.5,4,9.25,5],"texture":"#0","tintindex":0},"south":{"uv":[10.5,4,9.25,5],"texture":"#0","tintindex":0},"west":{"uv":[10.5,4,9.25,5],"texture":"#0","tintindex":0}}}],"display":{"gui":{"rotation":[30,135,0],"translation":[0.25,0.25,0],"scale":[0.4,0.4,0.4]},"head":{"translation":[0,-4.25,18.25],"scale":[2.2857,2.2857,2.2857]}},"groups":[0,1,2,{"name":"group","origin":[0,0,0],"color":0,"children":[3,4]},{"name":"group","origin":[0,0,0],"color":0,"children":[5,6]},7,8,9,10,11,12,13,14,15,16,17,18,19,20]}