{"credit":"Made with Blockbench","texture_size":[32,32],"textures":{"0":"custom/cosmetics/summer/flamingo_floaty","particle":"custom/cosmetics/summer/flamingo_floaty"},"elements":[{"from":[6.5,9,-1],"to":[9.5,12,4],"faces":{"north":{"uv":[10,11,11.5,12.5],"texture":"#0"},"east":{"uv":[14,11,11.5,12.5],"texture":"#0"},"west":{"uv":[11.5,11,14,12.5],"texture":"#0"},"down":{"uv":[10,12.5,11.5,15],"texture":"#0"}}},{"from":[7,6,-3],"to":[9,11,-1],"faces":{"north":{"uv":[0,9,1,11.5],"texture":"#0"},"east":{"uv":[2,9,1,11.5],"texture":"#0"},"south":{"uv":[2,9,3,11.5],"texture":"#0"},"west":{"uv":[1,9,2,11.5],"texture":"#0"},"up":{"uv":[0.5,8,1.5,9],"texture":"#0"},"down":{"uv":[1.5,8,2.5,9],"texture":"#0"}}},{"from":[14,2,5],"to":[15,12,12],"rotation":{"angle":45,"axis":"x","origin":[14.5,1.5,8.5]},"faces":{"north":{"uv":[6,0,6.5,5],"rotation":180,"texture":"#0","tintindex":0},"east":{"uv":[6,0,9.5,5],"rotation":180,"texture":"#0","tintindex":0},"south":{"uv":[9,0,9.5,5],"rotation":180,"texture":"#0","tintindex":0},"west":{"uv":[9.5,0,6,5],"rotation":180,"texture":"#0","tintindex":0},"up":{"uv":[6,4.5,9.5,5],"rotation":90,"texture":"#0","tintindex":0},"down":{"uv":[6,0,9.5,0.5],"rotation":270,"texture":"#0","tintindex":0}}},{"from":[2,0,2],"to":[14,4,14],"faces":{"north":{"uv":[0,11.5,6,13.5],"texture":"#0","tintindex":0},"east":{"uv":[6,6,0,8],"texture":"#0","tintindex":0},"south":{"uv":[0,11.5,6,13.5],"texture":"#0","tintindex":0},"west":{"uv":[0,6,6,8],"texture":"#0","tintindex":0},"up":{"uv":[0,0,6,6],"texture":"#0","tintindex":0},"down":{"uv":[10,0,16,6],"texture":"#0","tintindex":0}}},{"from":[7,4,2],"to":[9,9,4],"faces":{"north":{"uv":[11,6,11.5,8.5],"texture":"#0","tintindex":0},"east":{"uv":[10.5,6,11.5,8.5],"texture":"#0","tintindex":0},"south":{"uv":[10.5,6,11,8.5],"texture":"#0","tintindex":0},"west":{"uv":[11.5,6,10.5,8.5],"texture":"#0","tintindex":0},"up":{"uv":[9,5,9.5,5.5],"texture":"#0","tintindex":0},"down":{"uv":[9.5,7,10,7.5],"texture":"#0","tintindex":0}}},{"from":[6.5,9,-1],"to":[9.5,12,4],"faces":{"north":{"uv":[6,7.5,7.5,9],"texture":"#0","tintindex":0},"east":{"uv":[10,7.5,7.5,9],"texture":"#0","tintindex":0},"south":{"uv":[7.5,6,9,7.5],"texture":"#0","tintindex":0},"west":{"uv":[7.5,7.5,10,9],"texture":"#0","tintindex":0},"up":{"uv":[6,5,7.5,7.5],"rotation":180,"texture":"#0","tintindex":0},"down":{"uv":[6,9,7.5,11.5],"texture":"#0","tintindex":0}}},{"from":[11,4,11],"to":[5,0,5],"faces":{"north":{"uv":[6,11.5,9,13.5],"rotation":180,"texture":"#0","tintindex":0},"east":{"uv":[6,11.5,9,13.5],"rotation":180,"texture":"#0","tintindex":0},"south":{"uv":[6,11.5,9,13.5],"rotation":180,"texture":"#0","tintindex":0},"west":{"uv":[6,11.5,9,13.5],"rotation":180,"texture":"#0","tintindex":0}}},{"from":[1,2,5],"to":[2,12,12],"rotation":{"angle":45,"axis":"x","origin":[1.5,1.5,8.5]},"faces":{"north":{"uv":[6,0,6.5,5],"rotation":180,"texture":"#0","tintindex":0},"east":{"uv":[6,0,9.5,5],"rotation":180,"texture":"#0","tintindex":0},"south":{"uv":[9,0,9.5,5],"rotation":180,"texture":"#0","tintindex":0},"west":{"uv":[9.5,0,6,5],"rotation":180,"texture":"#0","tintindex":0},"up":{"uv":[6,4.5,9.5,5],"rotation":90,"texture":"#0","tintindex":0},"down":{"uv":[6,0,9.5,0.5],"rotation":270,"texture":"#0","tintindex":0}}}],"display":{"ground":{"translation":[0,7,0],"scale":[0.5,0.5,0.5]},"gui":{"rotation":[30,135,0],"translation":[-0.75,1.5,0],"scale":[0.71,0.71,0.71]},"head":{"translation":[0,-47,0],"scale":[1.6,1.6,1.6]},"thirdperson_righthand":{"rotation":[90.0,0.0,0.0],"translation":[-1.0,-2.0,18.224998],"scale":[1.0,1.0,1.0]}},"groups":[0,1,{"name":"group","origin":[1.5,1.5,8.5],"color":0,"children":[2,3,4,5,6,7]}]}