{"credit":"Made with Blockbench","texture_size":[32,32],"textures":{"0":"custom/cosmetics/summer/fruit_crown","particle":"custom/cosmetics/summer/fruit_crown"},"elements":[{"from":[5.5,9,5.5],"to":[10.5,15,10.5],"rotation":{"angle":0,"axis":"y","origin":[0,1,0]},"faces":{"north":{"uv":[0,0,2.5,3],"texture":"#0"},"east":{"uv":[0,0,2.5,3],"texture":"#0"},"south":{"uv":[0,0,2.5,3],"texture":"#0"},"west":{"uv":[0,0,2.5,3],"texture":"#0"},"up":{"uv":[2.5,0,5,2.5],"texture":"#0"}}},{"from":[3.5,15,8],"to":[12.5,23,8],"rotation":{"angle":45,"axis":"y","origin":[8,19,8]},"faces":{"north":{"uv":[5,0,8.5,4],"texture":"#0"},"south":{"uv":[5,0,8.5,4],"texture":"#0"}}},{"from":[3.5,15,8],"to":[12.5,23,8],"rotation":{"angle":-45,"axis":"y","origin":[8,19,8]},"faces":{"north":{"uv":[5,0,8.5,4],"texture":"#0"},"south":{"uv":[5,0,8.5,4],"texture":"#0"}}},{"from":[3,9,9],"to":[5,11,11],"faces":{"north":{"uv":[5,3,4,4],"texture":"#0"},"east":{"uv":[4,3,5,4],"texture":"#0"},"south":{"uv":[5,3,4,4],"texture":"#0"},"west":{"uv":[4,3,5,4],"texture":"#0"},"up":{"uv":[5,4,6,5],"rotation":90,"texture":"#0"},"down":{"uv":[4,3.5,4.5,4],"rotation":90,"texture":"#0"}}},{"from":[6,8,12],"to":[8,10,14],"faces":{"north":{"uv":[5,3,4,4],"texture":"#0"},"east":{"uv":[4,3,5,4],"texture":"#0"},"south":{"uv":[5,3,4,4],"texture":"#0"},"west":{"uv":[4,3,5,4],"texture":"#0"},"up":{"uv":[5,4,6,5],"rotation":90,"texture":"#0"},"down":{"uv":[4,3.5,4.5,4],"rotation":90,"texture":"#0"}}},{"from":[2,8,7],"to":[4,10,9],"faces":{"north":{"uv":[4,3,3,4],"texture":"#0"},"east":{"uv":[3,3,4,4],"texture":"#0"},"south":{"uv":[4,3,3,4],"texture":"#0"},"west":{"uv":[3,3,4,4],"texture":"#0"},"up":{"uv":[6,4,7,5],"rotation":90,"texture":"#0"},"down":{"uv":[3,3.5,3.5,4],"rotation":90,"texture":"#0"}}},{"from":[3,8,11],"to":[5,10,13],"faces":{"north":{"uv":[4,3,3,4],"texture":"#0"},"east":{"uv":[3,3,4,4],"texture":"#0"},"south":{"uv":[4,3,3,4],"texture":"#0"},"west":{"uv":[3,3,4,4],"texture":"#0"},"up":{"uv":[6,4,7,5],"rotation":90,"texture":"#0"},"down":{"uv":[3,3.5,3.5,4],"rotation":90,"texture":"#0"}}},{"from":[3,4,11],"to":[5,6,13],"faces":{"north":{"uv":[4,3,3,4],"texture":"#0"},"east":{"uv":[3,3,4,4],"texture":"#0"},"south":{"uv":[4,3,3,4],"texture":"#0"},"west":{"uv":[3,3,4,4],"texture":"#0"},"up":{"uv":[6,4,7,5],"rotation":90,"texture":"#0"},"down":{"uv":[3,3.5,3.5,4],"rotation":90,"texture":"#0"}}},{"from":[2,6,10],"to":[4,8,12],"faces":{"north":{"uv":[4,4,3,5],"texture":"#0"},"east":{"uv":[3,4,4,5],"texture":"#0"},"south":{"uv":[4,4,3,5],"texture":"#0"},"west":{"uv":[3,4,4,5],"texture":"#0"},"up":{"uv":[7,4,8,5],"rotation":90,"texture":"#0"},"down":{"uv":[3,4.5,3.5,5],"rotation":90,"texture":"#0"}}},{"from":[4,6,12],"to":[6,8,14],"faces":{"north":{"uv":[4,4,3,5],"texture":"#0"},"east":{"uv":[3,4,4,5],"texture":"#0"},"south":{"uv":[4,4,3,5],"texture":"#0"},"west":{"uv":[3,4,4,5],"texture":"#0"},"up":{"uv":[7,4,8,5],"rotation":90,"texture":"#0"},"down":{"uv":[3,4.5,3.5,5],"rotation":90,"texture":"#0"}}},{"from":[4,9,5],"to":[6,11,7],"faces":{"north":{"uv":[5,3,4,4],"texture":"#0"},"east":{"uv":[4,3,5,4],"texture":"#0"},"south":{"uv":[5,3,4,4],"texture":"#0"},"west":{"uv":[4,3,5,4],"texture":"#0"},"up":{"uv":[5,4,6,5],"rotation":90,"texture":"#0"}}},{"from":[9.5,8.5,8],"to":[12.5,12.5,9],"rotation":{"angle":-22.5,"axis":"z","origin":[11.5,8,5.5]},"faces":{"north":{"uv":[0,3,1.5,5],"texture":"#0"},"east":{"uv":[0,3,0.5,5],"texture":"#0"},"south":{"uv":[1.5,3,0,5],"texture":"#0"},"west":{"uv":[1,3,1.5,5],"texture":"#0"},"up":{"uv":[0,3,1.5,3.5],"rotation":180,"texture":"#0"},"down":{"uv":[0,4.5,1.5,5],"rotation":180,"texture":"#0"}}},{"from":[11.5,5.5,6],"to":[15.5,8.5,7],"rotation":{"angle":45,"axis":"z","origin":[11.5,8,5.5]},"faces":{"north":{"uv":[1.5,3,3,5],"rotation":270,"texture":"#0"},"east":{"uv":[1.5,3,3,3.5],"rotation":270,"texture":"#0"},"south":{"uv":[3,3,1.5,5],"rotation":90,"texture":"#0"},"west":{"uv":[1.5,4.5,3,5],"rotation":270,"texture":"#0"},"up":{"uv":[2.5,3,3,5],"rotation":90,"texture":"#0"},"down":{"uv":[1.5,3,2,5],"rotation":90,"texture":"#0"}}},{"from":[7,11.1173,4.91028],"to":[13,17.1173,4.91028],"rotation":{"angle":22.5,"axis":"x","origin":[10,14.1173,4.91028]},"faces":{"north":{"uv":[6,5,3,8],"texture":"#0"},"south":{"uv":[6,5,3,8],"texture":"#0"}}},{"from":[5,10.29321,12.3],"to":[11,16.29321,12.3],"rotation":{"angle":-22.5,"axis":"x","origin":[6,11.29321,12.71588]},"faces":{"north":{"uv":[6,5,3,8],"texture":"#0"},"south":{"uv":[6,5,3,8],"texture":"#0"}}},{"from":[2,10,6],"to":[5,13,6],"faces":{"north":{"uv":[6,5,7.5,6.5],"texture":"#0"},"south":{"uv":[7.5,5,6,6.5],"texture":"#0"}}},{"from":[8,9,5],"to":[11,12,5],"rotation":{"angle":22.5,"axis":"y","origin":[9.5,10.5,5]},"faces":{"north":{"uv":[7.5,5,6,6.5],"texture":"#0"},"south":{"uv":[6,5,7.5,6.5],"texture":"#0"}}},{"from":[9.8,9,10],"to":[12.8,12,10],"rotation":{"angle":-45,"axis":"y","origin":[9.5,10.5,11]},"faces":{"north":{"uv":[7.5,5,6,6.5],"texture":"#0"},"south":{"uv":[6,5,7.5,6.5],"texture":"#0"}}},{"from":[3.5,0,4.5],"to":[12.5,9,12.5],"faces":{"north":{"uv":[11.5,9,16,13.5],"texture":"#0","tintindex":0},"east":{"uv":[11.5,4.5,15.5,9],"texture":"#0","tintindex":0},"south":{"uv":[2.5,9,7,13.5],"texture":"#0","tintindex":0},"west":{"uv":[15.5,0,11.5,4.5],"texture":"#0","tintindex":0},"up":{"uv":[7,9,11.5,13],"rotation":180,"texture":"#0","tintindex":0}}},{"from":[7,11.1173,4.91028],"to":[13,17.1173,4.91028],"rotation":{"angle":22.5,"axis":"x","origin":[10,14.1173,4.91028]},"faces":{"north":{"uv":[3,5,0,8],"texture":"#0","tintindex":0},"south":{"uv":[3,5,0,8],"texture":"#0","tintindex":0}}},{"from":[5,10.29321,12.3],"to":[11,16.29321,12.3],"rotation":{"angle":-22.5,"axis":"x","origin":[6,11.29321,12.71588]},"faces":{"north":{"uv":[0,5,3,8],"texture":"#0","tintindex":0},"south":{"uv":[3,5,0,8],"texture":"#0","tintindex":0}}},{"name":"cube inverted","from":[12.5,9,12.5],"to":[3.5,0,4.5],"faces":{"north":{"uv":[2.5,13.5,7,9],"texture":"#0","tintindex":0},"east":{"uv":[15.5,4.5,11.5,0],"texture":"#0","tintindex":0},"south":{"uv":[11.5,13.5,16,9],"texture":"#0","tintindex":0},"west":{"uv":[11.5,9,15.5,4.5],"texture":"#0","tintindex":0},"down":{"uv":[11.5,9,7,13],"rotation":180,"texture":"#0","tintindex":0}}}],"display":{"gui":{"rotation":[30,135,0],"translation":[-0.25,-2.5,0],"scale":[0.82,0.82,0.82]},"head":{"rotation":[2,0,0],"translation":[0,6,0.5],"scale":[1.66,1.66,1.66]},"thirdperson_righthand":{"rotation":[92.0,0,0],"translation":[-1.0,-2.3125,17.265625],"scale":[0.97265625,0.97265625,0.97265625]}},"groups":[0,1,2,3,4,5,6,7,8,9,10,11,12,13,14,15,16,17,{"name":"group","origin":[6,11.29321,12.71588],"children":[18,19,20,21]}]}