{"credit":"Made with Blockbench","texture_size":[32,32],"textures":{"0":"custom/cosmetics/summer/jellyfish_balloon","particle":"custom/cosmetics/summer/jellyfish_balloon"},"elements":[{"from":[6.5,0,8],"to":[9.5,21,8],"rotation":{"angle":-45,"axis":"y","origin":[8,10.5,8]},"faces":{"north":{"uv":[14,0,15.5,10.5],"texture":"#0","tintindex":0},"south":{"uv":[14,0,15.5,10.5],"texture":"#0","tintindex":0}}},{"from":[6.5,0,8],"to":[9.5,21,8],"rotation":{"angle":45,"axis":"y","origin":[8,10.5,8]},"faces":{"north":{"uv":[14,0,15.5,10.5],"texture":"#0","tintindex":0},"south":{"uv":[14,0,15.5,10.5],"texture":"#0","tintindex":0}}}],"display":{"head":{"translation":[0,-30,0],"scale":[2.2857,2.2857,2.2857]}}}