{"credit":"Made with Blockbench","texture_size":[32,32],"textures":{"0":"custom/cosmetics/summer/nautical_crown","particle":"custom/cosmetics/summer/nautical_crown"},"elements":[{"from":[2,7,2.55],"to":[9,14,4.55],"rotation":{"angle":-45,"axis":"z","origin":[8,8,2.8]},"faces":{"north":{"uv":[0,0,3.5,3.5],"texture":"#0"},"east":{"uv":[0.5,0,0,3.5],"texture":"#0"},"south":{"uv":[0,0,3.5,3.5],"rotation":270,"texture":"#0"},"west":{"uv":[3,0,3.5,3.5],"texture":"#0"},"up":{"uv":[3.5,0,0,0.5],"texture":"#0"},"down":{"uv":[3.5,3,0,3.5],"texture":"#0"}}},{"from":[5.5,6,2.8],"to":[10.5,9,3.8],"rotation":{"angle":0,"axis":"y","origin":[0,-1,0.8]},"faces":{"north":{"uv":[0,3.5,2.5,5],"texture":"#0"},"east":{"uv":[2,3.5,2.5,5],"texture":"#0"},"south":{"uv":[0,3.5,2.5,5],"texture":"#0"},"west":{"uv":[2,3.5,2.5,5],"texture":"#0"},"up":{"uv":[0,3.5,2.5,4],"texture":"#0"},"down":{"uv":[0,4.5,2.5,5],"texture":"#0"}}},{"from":[-4,-2.5,6],"to":[5,14.5,6],"rotation":{"angle":22.5,"axis":"x","origin":[4,3.5,6]},"faces":{"north":{"uv":[11.5,0,16,8.5],"texture":"#0"},"south":{"uv":[16,0,11.5,8.5],"texture":"#0"}}},{"from":[-4,-2.5,6],"to":[5,14.5,6],"rotation":{"angle":22.5,"axis":"x","origin":[4,3.5,6]},"faces":{"north":{"uv":[7,0,11.5,8.5],"texture":"#0","tintindex":0},"south":{"uv":[11.5,0,7,8.5],"texture":"#0","tintindex":0}}},{"from":[11,-2.5,6],"to":[20,14.5,6],"rotation":{"angle":22.5,"axis":"x","origin":[12,3.5,6]},"faces":{"north":{"uv":[11.5,0,7,8.5],"texture":"#0","tintindex":0},"south":{"uv":[7,0,11.5,8.5],"texture":"#0","tintindex":0}}},{"from":[11,-2.5,6],"to":[20,14.5,6],"rotation":{"angle":22.5,"axis":"x","origin":[12,3.5,6]},"faces":{"north":{"uv":[16,0,11.5,8.5],"texture":"#0"},"south":{"uv":[11.5,0,16,8.5],"texture":"#0"}}},{"from":[-2,6,6],"to":[8,17,6],"rotation":{"angle":22.5,"axis":"y","origin":[4,7.5,6]},"faces":{"north":{"uv":[0,5,5,10.5],"texture":"#0","tintindex":0},"south":{"uv":[5,5,0,10.5],"texture":"#0","tintindex":0}}},{"from":[8,6,6],"to":[18,17,6],"rotation":{"angle":-22.5,"axis":"y","origin":[12,7.5,6]},"faces":{"north":{"uv":[5,5,0,10.5],"texture":"#0","tintindex":0},"south":{"uv":[0,5,5,10.5],"texture":"#0","tintindex":0}}}],"gui_light":"front","display":{"gui":{"rotation":[0,-180,0],"translation":[0,0.5,0],"scale":[0.66,0.66,0.66]},"head":{"rotation":[18,0,0],"translation":[0,5.25,0.75],"scale":[1.6,1.6,1.6]},"thirdperson_righthand":{"rotation":[108.0,0,0],"translation":[-1.0,-2.46875,16.826172],"scale":[0.9375,0.9375,0.9375]}}}