{"credit":"Made with Blockbench","texture_size":[32,32],"textures":{"0":"custom/cosmetics/patrick/clover_staff"},"elements":[{"from":[6,12,6],"to":[10,22,10],"faces":{"north":{"uv":[0.5,2,2.5,7],"texture":"#0"},"east":{"uv":[0.5,2,2.5,7],"texture":"#0"},"south":{"uv":[0.5,2,2.5,7],"texture":"#0"},"west":{"uv":[0.5,2,2.5,7],"texture":"#0"},"up":{"uv":[2.5,2,4.5,4],"texture":"#0"},"down":{"uv":[2.5,2,4.5,4],"texture":"#0"}}},{"from":[5.8,11.8,5.8],"to":[10.2,22.2,10.2],"faces":{"north":{"uv":[4.5,2,6.5,7],"texture":"#0"},"east":{"uv":[6.5,2,8.5,7],"texture":"#0"},"south":{"uv":[4.5,2,6.5,7],"texture":"#0"},"west":{"uv":[6.5,2,8.5,7],"texture":"#0"}}},{"from":[7,-6,7],"to":[9,12,9],"faces":{"north":{"uv":[2,7,1,16],"texture":"#0"},"east":{"uv":[1,7,2,16],"texture":"#0"},"south":{"uv":[2,7,1,16],"texture":"#0"},"west":{"uv":[1,7,2,16],"texture":"#0"},"down":{"uv":[3,2.5,4,3.5],"texture":"#0"}}},{"from":[3,22,8],"to":[13,26,8],"rotation":{"angle":-45,"axis":"y","origin":[8,24,8]},"faces":{"north":{"uv":[0,0,4,2],"texture":"#0"},"south":{"uv":[0,0,4,2],"texture":"#0"}}},{"from":[8,22,3],"to":[8,26,13],"rotation":{"angle":-45,"axis":"y","origin":[8,24,8]},"faces":{"east":{"uv":[0,0,4,2],"texture":"#0"},"west":{"uv":[0,0,4,2],"texture":"#0"}}},{"from":[4.5,22,10],"to":[11.5,22,15],"rotation":{"angle":45,"axis":"x","origin":[8,22,10]},"faces":{"up":{"uv":[2,7,5.5,9.5],"rotation":180,"texture":"#0"},"down":{"uv":[2,7,5.5,9.5],"texture":"#0"}}},{"from":[1,22,4.5],"to":[6,22,11.5],"rotation":{"angle":45,"axis":"z","origin":[6,22,8]},"faces":{"up":{"uv":[2,7,5.5,9.5],"rotation":270,"texture":"#0"},"down":{"uv":[2,7,5.5,9.5],"rotation":270,"texture":"#0"}}},{"from":[10,22,4.5],"to":[15,22,11.5],"rotation":{"angle":-45,"axis":"z","origin":[10,22,8]},"faces":{"up":{"uv":[2,7,5.5,9.5],"rotation":90,"texture":"#0"},"down":{"uv":[2,7,5.5,9.5],"rotation":90,"texture":"#0"}}},{"from":[4.5,22,1],"to":[11.5,22,6],"rotation":{"angle":-45,"axis":"x","origin":[8,22,6]},"faces":{"up":{"uv":[2,7,5.5,9.5],"texture":"#0"},"down":{"uv":[2,7,5.5,9.5],"rotation":180,"texture":"#0"}}},{"from":[4,10,6],"to":[7,10,11],"rotation":{"angle":45,"axis":"z","origin":[7,10,8.5]},"faces":{"up":{"uv":[2,9.5,4.5,11],"rotation":270,"texture":"#0"},"down":{"uv":[2,9.5,4.5,11],"rotation":270,"texture":"#0"}}},{"from":[9,-6,5.5],"to":[12,-6,10.5],"rotation":{"angle":-22.5,"axis":"z","origin":[9,-6,8]},"faces":{"up":{"uv":[2,9.5,4.5,11],"rotation":90,"texture":"#0"},"down":{"uv":[2,9.5,4.5,11],"rotation":90,"texture":"#0"}}},{"from":[4,-6,5.5],"to":[7,-6,10.5],"rotation":{"angle":22.5,"axis":"z","origin":[7,-6,8]},"faces":{"up":{"uv":[2,9.5,4.5,11],"rotation":270,"texture":"#0"},"down":{"uv":[2,9.5,4.5,11],"rotation":270,"texture":"#0"}}},{"from":[5.5,-6.1,4],"to":[10.5,-6.1,7],"rotation":{"angle":-22.5,"axis":"x","origin":[8,-6.1,7]},"faces":{"up":{"uv":[2,9.5,4.5,11],"texture":"#0"},"down":{"uv":[2,9.5,4.5,11],"rotation":180,"texture":"#0"}}},{"from":[5.5,-6.1,9],"to":[10.5,-6.1,12],"rotation":{"angle":22.5,"axis":"x","origin":[8,-6.1,9]},"faces":{"up":{"uv":[2,9.5,4.5,11],"rotation":180,"texture":"#0"},"down":{"uv":[2,9.5,4.5,11],"texture":"#0"}}},{"from":[9,12,6],"to":[12,12,11],"rotation":{"angle":-45,"axis":"z","origin":[9,12,8.5]},"faces":{"up":{"uv":[2,9.5,4.5,11],"rotation":90,"texture":"#0"},"down":{"uv":[2,9.5,4.5,11],"rotation":90,"texture":"#0"}}},{"from":[5.8,11.8,5.8],"to":[10.2,22.2,10.2],"faces":{"north":{"uv":[4.5,9,6.5,14],"texture":"#0","tintindex":0},"east":{"uv":[6.5,9,8.5,14],"texture":"#0","tintindex":0},"south":{"uv":[4.5,9,6.5,14],"texture":"#0","tintindex":0},"west":{"uv":[6.5,9,8.5,14],"texture":"#0","tintindex":0}}},{"from":[6,24,6],"to":[10,28,10],"faces":{"north":{"uv":[8.5,0,10.5,2],"texture":"#0","tintindex":0},"east":{"uv":[8.5,0,10.5,2],"texture":"#0","tintindex":0},"south":{"uv":[8.5,0,10.5,2],"texture":"#0","tintindex":0},"west":{"uv":[8.5,0,10.5,2],"texture":"#0","tintindex":0},"up":{"uv":[10.5,0,12.5,2],"texture":"#0","tintindex":0},"down":{"uv":[8.5,2,10.5,4],"texture":"#0","tintindex":0}}}],"display":{"thirdperson_righthand":{"rotation":[65.0,-46.0,18.0],"translation":[-2.640625,0.578125,2.265625],"scale":[0.9375,0.9375,0.9375]},"thirdperson_lefthand":{"rotation":[65,46,-18],"translation":[0.75,0.75,1.75]},"firstperson_righthand":{"rotation":[0,22,-14],"translation":[16,0,-6]},"firstperson_lefthand":{"rotation":[0,22,-14],"translation":[16,0,-6],"scale":[0,0,0]},"gui":{"rotation":[-31,122,82],"translation":[-0.25,-0.75,0],"scale":[0.58,0.58,0.58]}},"groups":[0,1,2,3,4,5,6,7,8,9,10,11,12,13,14,{"name":"group","origin":[0,0,0],"children":[15,16]}]}