{"credit":"Made with Blockbench","texture_size":[64,64],"textures":{"0":"custom/cosmetics/patrick/rainbow_wings","1":"custom/cosmetics/patrick/rainbow_wing_1","2":"custom/cosmetics/patrick/rainbow_wing_2","3":"custom/cosmetics/patrick/rainbow_wings_cloud","4":"custom/cosmetics/patrick/rainbow_wings_cloud_2","particle":"custom/cosmetics/patrick/rainbow_wings"},"elements":[{"from":[5.75,-0.5,2],"to":[10.25,4,5.5],"rotation":{"angle":0,"axis":"y","origin":[4,-0.5,2]},"faces":{"north":{"uv":[0,0,2.25,2.25],"texture":"#0","tintindex":0},"east":{"uv":[2.25,0,4,2.25],"texture":"#0","tintindex":0},"south":{"uv":[0,0,2.25,2.25],"texture":"#0","tintindex":0},"west":{"uv":[2.25,0,4,2.25],"texture":"#0","tintindex":0},"up":{"uv":[4,0,6.25,1.75],"texture":"#0","tintindex":0},"down":{"uv":[6.25,0,8.5,1.75],"texture":"#0","tintindex":0}}},{"from":[6.75,-3,3],"to":[9.25,-0.5,5.5],"rotation":{"angle":-22.5,"axis":"x","origin":[7.75,-1.25,4.25]},"faces":{"north":{"uv":[0,2.25,1.25,3.5],"texture":"#0","tintindex":0},"east":{"uv":[2.5,2.25,1.25,3.5],"texture":"#0","tintindex":0},"south":{"uv":[0,2.25,1.25,3.5],"texture":"#0","tintindex":0},"west":{"uv":[1.25,2.25,2.5,3.5],"texture":"#0","tintindex":0},"up":{"uv":[2.5,2.25,3.75,3.5],"texture":"#0","tintindex":0},"down":{"uv":[2.5,2.25,3.75,3.5],"texture":"#0","tintindex":0}}},{"from":[14.76328,0.82885,3],"to":[16.76328,2.82885,5],"rotation":{"angle":0,"axis":"z","origin":[-2.98672,1.07885,4]},"faces":{"north":{"uv":[4,1.75,5,2.75],"texture":"#0","tintindex":0},"south":{"uv":[5,1.75,4,2.75],"texture":"#0","tintindex":0},"west":{"uv":[6,1.75,5,2.75],"texture":"#0","tintindex":0},"up":{"uv":[6,2.75,7,1.75],"rotation":270,"texture":"#0","tintindex":0},"down":{"uv":[7,2.75,8,1.75],"rotation":270,"texture":"#0","tintindex":0}}},{"from":[16.76328,0.32885,2.5],"to":[19.76328,4.32885,5.5],"rotation":{"angle":0,"axis":"z","origin":[-2.98672,1.07885,4]},"faces":{"north":{"uv":[0,3.5,1.5,5.5],"texture":"#0","tintindex":0},"east":{"uv":[4.5,3.5,3,5.5],"texture":"#0","tintindex":0},"south":{"uv":[1.5,3.5,0,5.5],"texture":"#0","tintindex":0},"west":{"uv":[3,3.5,1.5,5.5],"texture":"#0","tintindex":0},"up":{"uv":[6,3.5,4.5,5],"texture":"#0","tintindex":0},"down":{"uv":[6,5,4.5,6.5],"texture":"#0","tintindex":0}}},{"from":[10.79289,-0.91421,4],"to":[18.79289,7.08579,4],"rotation":{"angle":-45,"axis":"z","origin":[14.62623,5.08579,4]},"faces":{"north":{"uv":[15,0,0,15],"texture":"#1"},"south":{"uv":[15,15,0,0],"rotation":180,"texture":"#1"}}},{"from":[-2.79289,-0.91421,4],"to":[5.20711,7.08579,4],"rotation":{"angle":45,"axis":"z","origin":[1.37377,5.08579,4]},"faces":{"north":{"uv":[0,0,15,15],"texture":"#1"},"south":{"uv":[0,15,15,0],"rotation":180,"texture":"#1"}}},{"from":[-3.76328,0.32885,2.5],"to":[-0.76328,4.32885,5.5],"rotation":{"angle":0,"axis":"z","origin":[18.98672,1.07885,4]},"faces":{"north":{"uv":[1.5,3.5,0,5.5],"texture":"#0","tintindex":0},"east":{"uv":[1.5,3.5,3,5.5],"texture":"#0","tintindex":0},"south":{"uv":[0,3.5,1.5,5.5],"texture":"#0","tintindex":0},"west":{"uv":[3,3.5,4.5,5.5],"texture":"#0","tintindex":0},"up":{"uv":[4.5,3.5,6,5],"texture":"#0","tintindex":0},"down":{"uv":[4.5,5,6,6.5],"texture":"#0","tintindex":0}}},{"from":[-0.76328,1.82885,3],"to":[1.23672,3.82885,5],"rotation":{"angle":0,"axis":"z","origin":[18.98672,1.07885,4]},"faces":{"north":{"uv":[5,1.75,4,2.75],"texture":"#0","tintindex":0},"east":{"uv":[5,1.75,6,2.75],"texture":"#0","tintindex":0},"south":{"uv":[4,1.75,5,2.75],"texture":"#0","tintindex":0},"up":{"uv":[6,1.75,7,2.75],"rotation":270,"texture":"#0","tintindex":0},"down":{"uv":[7,1.75,8,2.75],"rotation":270,"texture":"#0","tintindex":0}}},{"from":[9,-6,4],"to":[16,1,4],"rotation":{"angle":22.5,"axis":"z","origin":[12.5,-3.5,4]},"faces":{"north":{"uv":[0,0,14,14],"texture":"#2"},"south":{"uv":[0,14,14,0],"rotation":180,"texture":"#2"}}},{"from":[0,-6,4],"to":[7,1,4],"rotation":{"angle":-22.5,"axis":"z","origin":[3.5,-3.5,4]},"faces":{"north":{"uv":[14,0,0,14],"texture":"#2"},"south":{"uv":[14,14,0,0],"rotation":180,"texture":"#2"}}},{"from":[13.5,-5.75,3],"to":[17,-3.75,5],"faces":{"north":{"uv":[0,5.5,1.75,6.5],"texture":"#0","tintindex":0},"east":{"uv":[3.5,5.5,4.5,6.5],"texture":"#0","tintindex":0},"south":{"uv":[0,5.5,1.75,6.5],"texture":"#0","tintindex":0},"west":{"uv":[3.5,5.5,4.5,6.5],"texture":"#0","tintindex":0},"up":{"uv":[1.75,5.5,3.5,6.5],"texture":"#0","tintindex":0},"down":{"uv":[0,6.5,1.75,7.5],"texture":"#0","tintindex":0}}},{"from":[-1,-5.75,3],"to":[2.5,-3.75,5],"rotation":{"angle":0,"axis":"y","origin":[16,0,0]},"faces":{"north":{"uv":[1.75,5.5,0,6.5],"texture":"#0","tintindex":0},"east":{"uv":[4.5,5.5,3.5,6.5],"texture":"#0","tintindex":0},"south":{"uv":[1.75,5.5,0,6.5],"texture":"#0","tintindex":0},"west":{"uv":[4.5,5.5,3.5,6.5],"texture":"#0","tintindex":0},"up":{"uv":[3.5,5.5,1.75,6.5],"texture":"#0","tintindex":0},"down":{"uv":[1.75,6.5,0,7.5],"texture":"#0","tintindex":0}}},{"from":[-3,1,3.75],"to":[2.5,6.5,3.75],"faces":{"north":{"uv":[0,0,11,11],"rotation":270,"texture":"#3"},"south":{"uv":[0,0,11,11],"texture":"#3"}}},{"from":[5,-7,3.75],"to":[10.5,-1.5,3.75],"rotation":{"angle":-45,"axis":"z","origin":[8.75,-4.25,3.75]},"faces":{"north":{"uv":[0,0,11,11],"rotation":180,"texture":"#4"},"south":{"uv":[0,0,11,11],"rotation":90,"texture":"#4"}}},{"from":[13.5,1,3.75],"to":[19,6.5,3.75],"rotation":{"angle":0,"axis":"y","origin":[16,0,0]},"faces":{"north":{"uv":[0,11,11,0],"rotation":270,"texture":"#3"},"south":{"uv":[11,0,0,11],"texture":"#3"}}}],"gui_light":"front","display":{"thirdperson_righthand":{"rotation":[102,0,0],"translation":[-1,-18.25,28.69375],"scale":[2,2,2]},"gui":{"translation":[0,4.75,0],"scale":[0.67,0.67,0.67]},"head":{"rotation":[12,0,0],"translation":[0,-30.25,26],"scale":[3.2,3.2,3.2]}},"groups":[0,1,{"name":"group","origin":[17,13,4],"color":0,"children":[2,3,4,5,6,7]},8,9,10,11,12,13,14]}