{"credit":"Made with Blockbench","textures":{"0":"custom/custom_gear/shadow_gear/shadow_cap","particle":"custom/custom_gear/shadow_gear/shadow_cap"},"elements":[{"from":[3.75,-0.25,3.75],"to":[12.25,11.25,12.25],"faces":{"north":{"uv":[0,4,4,9.5],"texture":"#0"},"east":{"uv":[8,4,4,9.5],"texture":"#0"},"south":{"uv":[12,4,8,9.5],"texture":"#0"},"west":{"uv":[4,4,8,9.5],"texture":"#0"},"up":{"uv":[0,0,4,4],"texture":"#0"}}},{"from":[12.25,11.25,12.25],"to":[3.75,-0.25,3.75],"faces":{"north":{"uv":[8,4,12,9.5],"rotation":180,"texture":"#0"},"east":{"uv":[8,4,4,9.5],"rotation":180,"texture":"#0"},"south":{"uv":[0,4,4,9.5],"rotation":180,"texture":"#0"},"west":{"uv":[4,4,8,9.5],"rotation":180,"texture":"#0"},"down":{"uv":[4,0,0,4],"texture":"#0"}}},{"from":[4,3,4],"to":[12,11,12],"faces":{"north":{"uv":[4,0,8,4],"texture":"#0"},"east":{"uv":[8,0,12,4],"texture":"#0"},"south":{"uv":[8,0,12,4],"texture":"#0"},"west":{"uv":[8,0,12,4],"texture":"#0"},"up":{"uv":[4,0,4.5,0.5],"texture":"#0"}}},{"from":[12,11,12],"to":[4,3,4],"faces":{"north":{"uv":[8,0,12,4],"rotation":180,"texture":"#0"},"east":{"uv":[8,0,12,4],"rotation":180,"texture":"#0"},"south":{"uv":[4,0,8,4],"rotation":180,"texture":"#0"},"west":{"uv":[8,0,12,4],"rotation":180,"texture":"#0"},"down":{"uv":[4,0,4.5,0.5],"texture":"#0"}}}],"display":{"thirdperson_righthand":{"rotation":[48,50,0],"translation":[0,0.75,-0.5],"scale":[0.4,0.4,0.4]},"thirdperson_lefthand":{"rotation":[48,50,0],"translation":[0,0.75,-0.5],"scale":[0.4,0.4,0.4]},"firstperson_righthand":{"rotation":[0,128,0],"translation":[5.25,3,-3.25]},"firstperson_lefthand":{"rotation":[0,128,0],"translation":[5.25,3,-3.25]},"ground":{"translation":[0,5,0],"scale":[0.4,0.4,0.4]},"gui":{"rotation":[30,135,0],"translation":[0,1.25,0]},"head":{"translation":[0,2,0],"scale":[1.9,1.9,1.9]}}}