{"credit":"Made with Blockbench","textures":{"0":"custom/cosmetics/wolf/wolf_paw","particle":"custom/cosmetics/wolf/wolf_paw"},"elements":[{"from":[5.5,1.5,7],"to":[10.5,5.5,12],"rotation":{"angle":22.5,"axis":"x","origin":[7.50786,1.99827,8.49388]},"faces":{"north":{"uv":[5,6,7.5,8],"texture":"#0","tintindex":0},"east":{"uv":[5,6,7.5,8],"texture":"#0","tintindex":0},"south":{"uv":[5,6,7.5,8],"texture":"#0","tintindex":0},"west":{"uv":[5,6,7.5,8],"texture":"#0","tintindex":0},"up":{"uv":[6,3.5,7,4.5],"texture":"#0","tintindex":0},"down":{"uv":[1.5,2,2.5,3],"texture":"#0","tintindex":0}}},{"from":[4.5,0,4.5],"to":[11.5,2,11.5],"faces":{"north":{"uv":[3.5,0,0,1],"texture":"#0","tintindex":0},"east":{"uv":[3.5,4.5,4.5,1],"rotation":270,"texture":"#0","tintindex":0},"south":{"uv":[4.5,4.5,8,5.5],"texture":"#0","tintindex":0},"west":{"uv":[3.5,1,4.5,4.5],"rotation":270,"texture":"#0","tintindex":0},"up":{"uv":[4.5,1,8,4.5],"texture":"#0","tintindex":0},"down":{"uv":[0,1,3.5,4.5],"rotation":180,"texture":"#0","tintindex":0}}},{"from":[4.4,-0.1,4.4],"to":[11.6,2.1,11.6],"faces":{"north":{"uv":[3.5,4.5,0,5.5],"texture":"#0"},"east":{"uv":[3.5,9,4.5,5.5],"rotation":270,"texture":"#0"},"west":{"uv":[3.5,5,4.5,8.5],"rotation":270,"texture":"#0"},"down":{"uv":[3.5,5.5,0,9],"rotation":180,"texture":"#0"}}},{"from":[10.5,0,2.5],"to":[10.5,2,4.5],"faces":{"east":{"uv":[5,0,4,1],"texture":"#0"},"west":{"uv":[4,0,5,1],"texture":"#0"}}},{"from":[5.5,0,2.5],"to":[5.5,2,4.5],"faces":{"east":{"uv":[5,0,4,1],"texture":"#0"},"west":{"uv":[4,0,5,1],"texture":"#0"}}},{"from":[8.5,0,2.5],"to":[8.5,2,4.5],"faces":{"east":{"uv":[5,0,4,1],"texture":"#0"},"west":{"uv":[4,0,5,1],"texture":"#0"}}}],"display":{"thirdperson_righthand":{"rotation":[69.0,-0.0,-0.0],"translation":[-1.9375,1.515625,6.015625],"scale":[0.9375,0.9375,0.9375]},"thirdperson_lefthand":{"rotation":[69,0,0],"translation":[0,1.75,5.75]},"firstperson_righthand":{"rotation":[106,-2,0],"translation":[4.5,0,5.25]},"firstperson_lefthand":{"rotation":[106,-2,0],"translation":[6.75,0,5.25],"scale":[0,0,0]},"ground":{"translation":[0,3.5,0],"scale":[0.4,0.4,0.4]},"gui":{"rotation":[30,135,0],"translation":[0.25,6.25,0],"scale":[1.37,1.37,1.37]},"head":{"translation":[0,18.25,0],"scale":[1.6,1.6,1.6]},"fixed":{"rotation":[-90,0,0],"translation":[0,0,-16],"scale":[2,2,2]}}}