{"credit":"Made with Blockbench","textures":{"0":"custom/cosmetics/back_pack","particle":"custom/cosmetics/back_pack"},"elements":[{"from":[6.0,-1.0375013,6.4],"to":[10.0,3.7624989,8.8],"faces":{"north":{"uv":[0,9,5,15],"texture":"#0","tintindex":0},"east":{"uv":[5,0,8,6],"texture":"#0","tintindex":0},"south":{"uv":[0,0,5,6],"texture":"#0","tintindex":0},"west":{"uv":[8,0,5,6],"texture":"#0","tintindex":0},"up":{"uv":[0,6,5,9],"texture":"#0","tintindex":0},"down":{"uv":[5,6,10,9],"texture":"#0","tintindex":0}}},{"from":[6.4,-0.23750162,4.8],"to":[9.6,3.3624983,6.4],"faces":{"north":{"uv":[10,9.5,14,14],"texture":"#0","tintindex":0},"east":{"uv":[5,10,7,14.5],"texture":"#0","tintindex":0},"west":{"uv":[7,10,5,14.5],"texture":"#0","tintindex":0},"up":{"uv":[10,7.5,14,9.5],"rotation":180,"texture":"#0","tintindex":0},"down":{"uv":[10,14,14,16],"rotation":180,"texture":"#0","tintindex":0}}},{"from":[9.6,3.3624983,6.4],"to":[6.4,-0.23750162,4.8],"faces":{"east":{"uv":[5,10,7,14.5],"rotation":180,"texture":"#0","tintindex":0},"south":{"uv":[10,9.5,14,14],"rotation":180,"texture":"#0","tintindex":0},"west":{"uv":[7,10,5,14.5],"rotation":180,"texture":"#0","tintindex":0},"up":{"uv":[10,14,14,16],"rotation":180,"texture":"#0","tintindex":0},"down":{"uv":[10,7.5,14,9.5],"rotation":180,"texture":"#0","tintindex":0}}},{"from":[5.8999996,-1.1375017,6.3],"to":[10.1,3.8624983,8.9],"faces":{"east":{"uv":[13,0,16,6],"texture":"#0"},"south":{"uv":[8,0,13,6],"texture":"#0"},"west":{"uv":[16,0,13,6],"texture":"#0"}}},{"from":[6.4,2.562498,4.7599998],"to":[7.2,2.9624987,4.7599998],"faces":{"north":{"uv":[10,3.5,11,4],"texture":"#0"},"south":{"uv":[10,3.5,11,4],"texture":"#0"}}},{"from":[8.8,2.562498,4.7599998],"to":[9.6,2.9624987,4.7599998],"faces":{"north":{"uv":[10,3.5,11,4],"texture":"#0"},"south":{"uv":[10,3.5,11,4],"texture":"#0"}}}],"display":{"thirdperson_righthand":{"rotation":[90.0,0.0,0.0],"translation":[-1.0,-7.0,19.006248],"scale":[1.0,1.0,1.0]},"thirdperson_lefthand":{"rotation":[43,167,0],"translation":[0.25,0.75,-0.5],"scale":[0.4,0.4,0.4]},"firstperson_righthand":{"rotation":[0,-54,0],"translation":[1.5,0,-2.25]},"firstperson_lefthand":{"rotation":[0,-54,0],"translation":[1.5,0,-2.25]},"gui":{"rotation":[30,-45,0],"translation":[-1.5,1.25,0],"scale":[0.96,0.96,0.96]},"head":{"translation":[0,-80.0,8],"scale":[4.0,4.0,4.0]},"fixed":{"rotation":[-90,0,0],"translation":[0,3,-16],"scale":[2,2,2]}},"groups":[0,1,2,{"name":"group","origin":[8,8,8],"children":[3,4,5]}]}