{"credit":"Made with Blockbench","texture_size":[32,32],"textures":{"0":"custom/cosmetics/moderator/ban_hammer","2":"custom/cosmetics/moderator/ban_hammer_light","3":"custom/cosmetics/moderator/ban_hammer_light_1","particle":"custom/cosmetics/moderator/ban_hammer"},"elements":[{"from":[2.1793532,3.9071844,8.191399],"to":[6.579353,6.707185,10.991398],"faces":{"north":{"uv":[0,3.5,5.5,7],"texture":"#0"},"east":{"uv":[5.5,0,9,3.5],"texture":"#0"},"south":{"uv":[0,3.5,5.5,7],"texture":"#0"},"west":{"uv":[5.5,0,9,3.5],"texture":"#0"},"up":{"uv":[0,0,5.5,3.5],"texture":"#0"},"down":{"uv":[0,7,5.5,10.5],"texture":"#0"}}},{"from":[0.97935295,3.9071844,8.191399],"to":[2.1793532,6.707185,10.991398],"faces":{"north":{"uv":[0,3,3,10],"texture":"#3"},"south":{"uv":[3,3,0,10],"texture":"#3"},"west":{"uv":[3,3,10,10],"texture":"#3"},"up":{"uv":[3,0,10,3],"rotation":90,"texture":"#3"},"down":{"uv":[3,10,10,13],"rotation":270,"texture":"#3"}}},{"from":[6.579353,3.9071844,8.191399],"to":[7.7793527,6.707185,10.991398],"rotation":{"angle":0,"axis":"y","origin":[7.579353,1.9071844,6.3913984]},"faces":{"north":{"uv":[3,3,0,10],"texture":"#2","tintindex":0},"east":{"uv":[10,3,3,10],"texture":"#2","tintindex":0},"south":{"uv":[0,3,3,10],"texture":"#2","tintindex":0},"up":{"uv":[3,3,10,0],"rotation":90,"texture":"#2","tintindex":0},"down":{"uv":[3,13,10,10],"rotation":270,"texture":"#2","tintindex":0}}},{"from":[3.979353,-4.492816,9.191399],"to":[4.7793527,7.507184,9.991398],"faces":{"north":{"uv":[9,0,10,15],"texture":"#0"},"east":{"uv":[10,0,9,15],"texture":"#0"},"south":{"uv":[9,0,10,15],"texture":"#0"},"west":{"uv":[10,0,9,15],"texture":"#0"},"up":{"uv":[10,0,11,1],"texture":"#0"},"down":{"uv":[10,1,11,2],"texture":"#0"}}}],"display":{"gui":{"rotation":[34,0,-43],"translation":[2.25,2,0],"scale":[0.58,0.58,0.58]},"head":{"rotation":[19,4,50],"translation":[-12.75,-80.0,10.5],"scale":[4.0,4.0,4.0]},"thirdperson_righthand":{"rotation":[109.0,4,50],"translation":[-8.96875,-8.5625,21.349998],"scale":[1.0,1.0,1.0]}}}