{"credit":"Made with Blockbench","texture_size":[32,32],"textures":{"0":"custom/cosmetics/spring/butterfly_wing","particle":"custom/cosmetics/spring/butterfly_wing"},"elements":[{"from":[4.2161427,-2.9838567,5.638248],"to":[14.216142,4.2161436,5.638248],"rotation":{"angle":-45,"axis":"y","origin":[4.2161427,4.2161436,5.638248]},"faces":{"north":{"uv":[6.25,0,0,4.5],"texture":"#0","tintindex":0},"south":{"uv":[0,0,6.25,4.5],"texture":"#0","tintindex":0}}},{"from":[-2.9838576,4.2161436,5.638248],"to":[4.2161427,14.216143,5.638248],"rotation":{"angle":45,"axis":"x","origin":[4.2161427,4.2161436,5.638248]},"faces":{"north":{"uv":[0,0,6.25,4.5],"rotation":270,"texture":"#0","tintindex":0},"south":{"uv":[6.25,0,0,4.5],"rotation":90,"texture":"#0","tintindex":0}}},{"from":[2.2161427,-3.5838566,5.638248],"to":[7.016143,2.8161435,5.638248],"rotation":{"angle":-22.5,"axis":"x","origin":[3.816142,3.6161432,5.638248]},"faces":{"north":{"uv":[3,4.5,0,8.5],"texture":"#0","tintindex":0},"south":{"uv":[0,4.5,3,8.5],"texture":"#0","tintindex":0}}},{"from":[-3.3838577,2.0161433,5.638248],"to":[3.0161424,6.816143,5.638248],"rotation":{"angle":22.5,"axis":"y","origin":[3.816142,3.6161432,5.638248]},"faces":{"north":{"uv":[0,4.5,3,8.5],"rotation":270,"texture":"#0","tintindex":0},"south":{"uv":[3,4.5,0,8.5],"rotation":90,"texture":"#0","tintindex":0}}},{"from":[4.2161427,-2.9838567,5.638248],"to":[14.216142,4.2161436,5.638248],"rotation":{"angle":-45,"axis":"y","origin":[4.2161427,4.2161436,5.638248]},"faces":{"north":{"uv":[12.5,0,6.25,4.5],"texture":"#0"},"south":{"uv":[6.25,0,12.5,4.5],"texture":"#0"}}},{"from":[2.2161427,-3.5838566,5.638248],"to":[7.016143,2.8161435,5.638248],"rotation":{"angle":-22.5,"axis":"x","origin":[3.816142,3.6161432,5.638248]},"faces":{"north":{"uv":[9.25,4.5,6.25,8.5],"texture":"#0"},"south":{"uv":[6.25,4.5,9.25,8.5],"texture":"#0"}}},{"from":[-3.3838577,2.0161433,5.638248],"to":[3.0161424,6.816143,5.638248],"rotation":{"angle":22.5,"axis":"y","origin":[3.816142,3.6161432,5.638248]},"faces":{"north":{"uv":[6.25,4.5,9.25,8.5],"rotation":270,"texture":"#0"},"south":{"uv":[9.25,4.5,6.25,8.5],"rotation":90,"texture":"#0"}}},{"from":[-2.9838576,4.2161436,5.638248],"to":[4.2161427,14.216143,5.638248],"rotation":{"angle":45,"axis":"x","origin":[4.2161427,4.2161436,5.638248]},"faces":{"north":{"uv":[6.25,0,12.5,4.5],"rotation":270,"texture":"#0"},"south":{"uv":[12.5,0,6.25,4.5],"rotation":90,"texture":"#0"}}}],"gui_light":"front","display":{"gui":{"rotation":[0,-180,44],"scale":[0.75,0.75,0.75]},"head":{"rotation":[-26,0,45],"translation":[0,-80.0,-0.25],"scale":[4.0,4.0,4.0]}}}