{"credit":"Made with Blockbench","textures":{"0":"custom/cosmetics/coal_pack","particle":"custom/cosmetics/coal_pack"},"elements":[{"from":[4.6,-2.0250015,2.0499997],"to":[11.4,4.3499985,7.15],"rotation":{"angle":0,"axis":"y","origin":[8.0,7.749998,11.825]},"faces":{"north":{"uv":[0,3,4,6.75],"texture":"#0"},"east":{"uv":[4,3,7,6.75],"texture":"#0"},"south":{"uv":[0,3,4,6.75],"texture":"#0"},"west":{"uv":[4,3,7,6.75],"texture":"#0"},"up":{"uv":[4,0,8,3],"rotation":180,"texture":"#0"},"down":{"uv":[0,0,4,3],"rotation":180,"texture":"#0"}}},{"from":[11.4,-1.1750016,3.3249998],"to":[12.25,1.3749981,5.875],"rotation":{"angle":0,"axis":"y","origin":[8.0,7.749998,11.825]},"faces":{"north":{"uv":[9.75,9.25,9.25,10.75],"texture":"#0"},"east":{"uv":[9.75,9.25,11.25,10.75],"texture":"#0"},"south":{"uv":[9.25,9.25,9.75,10.75],"texture":"#0"},"west":{"uv":[7.75,9.25,9.25,10.75],"texture":"#0"},"up":{"uv":[9.25,7.75,9.75,9.25],"texture":"#0"},"down":{"uv":[9.75,7.75,10.25,9.25],"texture":"#0"}}},{"from":[3.75,-1.1750016,3.3249998],"to":[4.6,1.3749981,5.875],"rotation":{"angle":0,"axis":"y","origin":[-5.5947685,0.081430435,5.0383024]},"faces":{"north":{"uv":[9.25,9.25,9.75,10.75],"texture":"#0"},"east":{"uv":[7.75,9.25,9.25,10.75],"texture":"#0"},"south":{"uv":[9.75,9.25,9.25,10.75],"texture":"#0"},"west":{"uv":[9.75,9.25,11.25,10.75],"texture":"#0"},"up":{"uv":[9.25,7.75,9.75,9.25],"rotation":180,"texture":"#0"},"down":{"uv":[9.75,7.75,10.25,9.25],"rotation":180,"texture":"#0"}}},{"from":[5.875,-1.6000018,-0.07499981],"to":[10.125,3.4999986,2.0499997],"rotation":{"angle":0,"axis":"y","origin":[8.0,6.0499983,8.0]},"faces":{"north":{"uv":[6.75,12.75,9.25,15.75],"texture":"#0"},"east":{"uv":[10.5,12.75,9.25,15.75],"texture":"#0"},"west":{"uv":[9.25,12.75,10.5,15.75],"texture":"#0"},"up":{"uv":[6.75,11.5,9.25,12.75],"rotation":180,"texture":"#0"},"down":{"uv":[6.75,11.5,9.25,12.75],"texture":"#0"}}},{"from":[10.125,3.4999986,2.0499997],"to":[5.875,-1.6000018,-0.07499981],"rotation":{"angle":0,"axis":"y","origin":[8.0,6.0499983,8.0]},"faces":{"east":{"uv":[9.25,15.75,10.5,12.75],"texture":"#0"},"south":{"uv":[6.75,12.75,9.25,15.75],"rotation":180,"texture":"#0"},"west":{"uv":[10.5,15.75,9.25,12.75],"texture":"#0"},"up":{"uv":[6.75,11.5,9.25,12.75],"texture":"#0"},"down":{"uv":[6.75,11.5,9.25,12.75],"rotation":180,"texture":"#0"}}},{"from":[5.0249996,3.0749984,4.6],"to":[7.15,6.4749985,6.725],"faces":{"north":{"uv":[7,4.25,8.25,6.25],"texture":"#0","tintindex":0},"east":{"uv":[7,4.25,8.25,6.25],"texture":"#0","tintindex":0},"south":{"uv":[7,4.25,8.25,6.25],"texture":"#0","tintindex":0},"west":{"uv":[7,4.25,8.25,6.25],"texture":"#0","tintindex":0},"up":{"uv":[7,3,8.25,4.25],"texture":"#0","tintindex":0}}},{"from":[7.15,3.0749984,2.475],"to":[9.275,6.4749985,4.6],"faces":{"north":{"uv":[7,4.25,8.25,6.25],"texture":"#0","tintindex":0},"east":{"uv":[7,4.25,8.25,6.25],"texture":"#0","tintindex":0},"south":{"uv":[7,4.25,8.25,6.25],"texture":"#0","tintindex":0},"west":{"uv":[7,4.25,8.25,6.25],"texture":"#0","tintindex":0},"up":{"uv":[7,3,8.25,4.25],"texture":"#0","tintindex":0}}},{"from":[8.0,3.4999986,4.6],"to":[10.125,6.8999987,6.725],"rotation":{"angle":22.5,"axis":"x","origin":[9.907672,4.782419,5.659916]},"faces":{"north":{"uv":[8.25,4.25,7,6.25],"texture":"#0","tintindex":0},"east":{"uv":[8.25,4.25,7,6.25],"texture":"#0","tintindex":0},"south":{"uv":[8.25,4.25,7,6.25],"texture":"#0","tintindex":0},"west":{"uv":[8.25,4.25,7,6.25],"texture":"#0","tintindex":0},"up":{"uv":[8.25,3,7,4.25],"texture":"#0","tintindex":0}}},{"from":[6.3,4.3499985,3.75],"to":[8.425,7.749998,5.875],"faces":{"north":{"uv":[7,4.25,8.25,6.25],"texture":"#0","tintindex":0},"east":{"uv":[7,4.25,8.25,6.25],"texture":"#0","tintindex":0},"south":{"uv":[7,4.25,8.25,6.25],"texture":"#0","tintindex":0},"west":{"uv":[7,4.25,8.25,6.25],"texture":"#0","tintindex":0},"up":{"uv":[7,3,8.25,4.25],"texture":"#0","tintindex":0}}},{"from":[5.0249996,3.4999986,2.475],"to":[7.15,6.8999987,4.6],"rotation":{"angle":22.5,"axis":"z","origin":[8.0,4.3499985,8.0]},"faces":{"north":{"uv":[7,4.25,8.25,6.25],"texture":"#0","tintindex":0},"east":{"uv":[7,4.25,8.25,6.25],"texture":"#0","tintindex":0},"south":{"uv":[7,4.25,8.25,6.25],"texture":"#0","tintindex":0},"west":{"uv":[7,4.25,8.25,6.25],"texture":"#0","tintindex":0},"up":{"uv":[7,3,8.25,4.25],"texture":"#0","tintindex":0}}},{"from":[8.425,4.7749987,2.8999996],"to":[10.55,8.174998,5.0249996],"rotation":{"angle":-22.5,"axis":"z","origin":[8.0,4.3499985,8.0]},"faces":{"north":{"uv":[7,4.25,8.25,6.25],"texture":"#0","tintindex":0},"east":{"uv":[7,4.25,8.25,6.25],"texture":"#0","tintindex":0},"south":{"uv":[7,4.25,8.25,6.25],"texture":"#0","tintindex":0},"west":{"uv":[7,4.25,8.25,6.25],"texture":"#0","tintindex":0},"up":{"uv":[7,3,8.25,4.25],"texture":"#0","tintindex":0}}}],"display":{"thirdperson_righthand":{"rotation":[90.0,0.0,0.0],"translation":[-1.0,-19.03125,24.474998],"scale":[1.0625,1.0625,1.0625]},"thirdperson_lefthand":{"rotation":[72,-152,0],"translation":[-2.75,5.5,0.25],"scale":[0.5,0.5,0.5]},"firstperson_righthand":{"rotation":[0,25,0],"translation":[13.25,5.75,-5]},"firstperson_lefthand":{"rotation":[0,25,0],"translation":[13.25,5.75,-5]},"ground":{"translation":[0,6,1.25],"scale":[0.2,0.2,0.2]},"gui":{"rotation":[30,135,0],"translation":[3.75,4.5,0],"scale":[0.6,0.6,0.6]},"head":{"translation":[0,-80.0,27.25],"scale":[4.0,4.0,4.0]},"fixed":{"rotation":[-90,0,0],"translation":[0,20,-30],"scale":[2,2,2]}},"groups":[{"name":"group","origin":[8,8,8],"children":[0,1,2,3,4]},5,6,7,8,9,10]}