{"credit":"Made with Blockbench","texture_size":[32,32],"textures":{"0":"custom/cosmetics/valentine/cupid_wings","particle":"custom/cosmetics/valentine/cupid_wings"},"elements":[{"from":[8.4025,-1.6200018,8.0],"to":[14.842501,4.8199987,8.0],"rotation":{"angle":-45,"axis":"y","origin":[8.0,1.5999985,8.0]},"faces":{"north":{"uv":[0,0,8,8],"texture":"#0"},"south":{"uv":[8,0,0,8],"texture":"#0"}}},{"from":[1.1574998,-1.6200018,8.0],"to":[7.5975,4.8199987,8.0],"rotation":{"angle":45,"axis":"y","origin":[8.0,1.5999985,8.0]},"faces":{"north":{"uv":[8,0,0,8],"texture":"#0"},"south":{"uv":[0,0,8,8],"texture":"#0"}}},{"from":[7.5975,1.5999985,8.805],"to":[8.4025,2.807499,8.805],"rotation":{"angle":0,"axis":"y","origin":[10.8175,4.8199987,12.025]},"faces":{"north":{"uv":[10.5,1,11.5,2.5],"texture":"#0","tintindex":0},"south":{"uv":[10.5,1,11.5,2.5],"texture":"#0","tintindex":0}}},{"from":[6.39,-1.6200018,8.704375],"to":[9.61,2.4049988,8.704375],"rotation":{"angle":0,"axis":"y","origin":[9.61,1.5999985,11.622499]},"faces":{"north":{"uv":[12,0,16,5],"texture":"#0","tintindex":0},"south":{"uv":[12,0,16,5],"texture":"#0","tintindex":0}}},{"from":[5.585,0.79499865,8.805],"to":[7.5975,3.6124983,8.805],"rotation":{"angle":45,"axis":"y","origin":[7.5975,2.2037487,8.805]},"faces":{"north":{"uv":[10.5,0,8,3.5],"texture":"#0","tintindex":0},"south":{"uv":[8,0,10.5,3.5],"texture":"#0","tintindex":0}}},{"from":[8.4025,0.79499865,8.805],"to":[10.415,3.6124983,8.805],"rotation":{"angle":-45,"axis":"y","origin":[8.4025,2.2037487,8.805]},"faces":{"north":{"uv":[8,0,10.5,3.5],"texture":"#0","tintindex":0},"south":{"uv":[10.5,0,8,3.5],"texture":"#0","tintindex":0}}}],"display":{"gui":{"rotation":[-2,0,0],"scale":[0.7,0.7,0.7]},"head":{"translation":[0,-80.0,2],"scale":[4.0,4.0,4.0]},"thirdperson_righthand":{"rotation":[90.0,0.0,0.0],"translation":[-1.0,-3.25,17.599998],"scale":[1.00625,1.00625,1.00625]}}}