{"credit":"Made with Blockbench","texture_size":[32,32],"textures":{"0":"custom/cosmetics/cyber/energy_tank","1":"custom/cosmetics/cyber/energy_tank_nondye","particle":"custom/cosmetics/cyber/energy_tank"},"elements":[{"from":[9.2,2.7942991,11.308198],"to":[10.4,3.994299,15.308198],"rotation":{"angle":-45,"axis":"x","origin":[8.0,5.006447,14.245638]},"faces":{"north":{"uv":[5,13.5,6.5,15],"texture":"#0"},"east":{"uv":[0,13.5,5,15],"texture":"#0","tintindex":0},"south":{"uv":[6.5,13.5,5,15],"texture":"#0","tintindex":0},"west":{"uv":[5,15,0,13.5],"texture":"#0","tintindex":0},"up":{"uv":[5,13.5,0,15],"rotation":90,"texture":"#0","tintindex":0},"down":{"uv":[0,15,5,13.5],"rotation":90,"texture":"#0","tintindex":0}}},{"from":[9.2,5.994299,12.508198],"to":[10.4,7.1942987,16.9082],"rotation":{"angle":-45,"axis":"x","origin":[8.0,5.006447,14.245638]},"faces":{"east":{"uv":[5,13.5,10.5,15],"texture":"#0","tintindex":0},"south":{"uv":[6.5,13.5,5,15],"texture":"#0","tintindex":0},"west":{"uv":[10.5,15,5,13.5],"texture":"#0","tintindex":0},"up":{"uv":[5,15,10.5,13.5],"rotation":270,"texture":"#0","tintindex":0},"down":{"uv":[10.5,13.5,5,15],"rotation":270,"texture":"#0","tintindex":0}}},{"from":[9.2,3.994299,11.308198],"to":[10.4,7.1942987,12.508198],"rotation":{"angle":-45,"axis":"x","origin":[8.0,5.006447,14.245638]},"faces":{"north":{"uv":[9.5,9.5,8,13.5],"texture":"#0","tintindex":0},"east":{"uv":[8,9.5,9.5,13.5],"texture":"#0","tintindex":0},"south":{"uv":[9.5,9.5,8,13.5],"texture":"#0","tintindex":0},"west":{"uv":[8,9.5,9.5,13.5],"texture":"#0","tintindex":0},"up":{"uv":[5,13.5,6.5,15],"texture":"#0","tintindex":0}}},{"from":[9.2,5.994299,12.508198],"to":[10.4,7.1942987,16.9082],"rotation":{"angle":-45,"axis":"x","origin":[8.0,5.006447,14.245638]},"faces":{"north":{"uv":[0,0,0,0],"texture":"#1"},"east":{"uv":[5,13.5,10.5,15],"texture":"#1"},"south":{"uv":[6.5,13.5,5,15],"texture":"#1"},"west":{"uv":[10.5,15,5,13.5],"texture":"#1"},"up":{"uv":[5,15,10.5,13.5],"rotation":270,"texture":"#1"},"down":{"uv":[10.5,13.5,5,15],"rotation":270,"texture":"#1"}}},{"from":[9.2,3.994299,11.308198],"to":[10.4,7.1942987,12.508198],"rotation":{"angle":-45,"axis":"x","origin":[8.0,5.006447,14.245638]},"faces":{"north":{"uv":[9.5,9.5,8,13.5],"texture":"#1"},"east":{"uv":[8,9.5,9.5,13.5],"texture":"#1"},"south":{"uv":[9.5,9.5,8,13.5],"texture":"#1"},"west":{"uv":[8,9.5,9.5,13.5],"texture":"#1"},"up":{"uv":[5,13.5,6.5,15],"texture":"#1"},"down":{"uv":[0,0,0,0],"rotation":270,"texture":"#1"}}},{"from":[9.2,2.7942991,11.308198],"to":[10.4,3.994299,15.308198],"rotation":{"angle":-45,"axis":"x","origin":[8.0,5.006447,14.245638]},"faces":{"north":{"uv":[5,13.5,6.5,15],"texture":"#1"},"east":{"uv":[0,13.5,5,15],"texture":"#1"},"south":{"uv":[6.5,13.5,5,15],"texture":"#1"},"west":{"uv":[5,15,0,13.5],"texture":"#1"},"up":{"uv":[5,13.5,0,15],"rotation":90,"texture":"#1"},"down":{"uv":[0,15,5,13.5],"rotation":90,"texture":"#1"}}},{"from":[8.8,4.159251,16.64405],"to":[10.0,5.359251,20.24405],"rotation":{"angle":45,"axis":"y","origin":[9.4,4.7592516,16.844051]},"faces":{"north":{"uv":[9,9.5,9.5,10],"rotation":180,"texture":"#1"},"east":{"uv":[8,4.5,9.5,9],"rotation":90,"texture":"#1"},"south":{"uv":[11,12,9.5,13.5],"texture":"#0","tintindex":0},"west":{"uv":[8,4.5,9.5,9],"rotation":270,"texture":"#1"},"up":{"uv":[9.5,4.5,8,9],"texture":"#1"},"down":{"uv":[9.5,4.5,8,9],"rotation":180,"texture":"#1"}}},{"from":[5.6,2.7942991,11.308198],"to":[6.8,3.994299,15.308198],"rotation":{"angle":-45,"axis":"x","origin":[8.0,5.006447,14.245638]},"faces":{"north":{"uv":[6.5,13.5,5,15],"texture":"#0"},"east":{"uv":[0,15,5,13.5],"texture":"#0","tintindex":0},"south":{"uv":[5,13.5,6.5,15],"texture":"#0","tintindex":0},"west":{"uv":[5,13.5,0,15],"texture":"#0","tintindex":0},"up":{"uv":[5,15,0,13.5],"rotation":90,"texture":"#0","tintindex":0},"down":{"uv":[0,13.5,5,15],"rotation":90,"texture":"#0","tintindex":0}}},{"from":[5.6,5.994299,12.508198],"to":[6.8,7.1942987,16.9082],"rotation":{"angle":-45,"axis":"x","origin":[8.0,5.006447,14.245638]},"faces":{"east":{"uv":[5,15,10.5,13.5],"texture":"#0","tintindex":0},"south":{"uv":[5,13.5,6.5,15],"texture":"#0","tintindex":0},"west":{"uv":[10.5,13.5,5,15],"texture":"#0","tintindex":0},"up":{"uv":[5,13.5,10.5,15],"rotation":270,"texture":"#0","tintindex":0},"down":{"uv":[10.5,15,5,13.5],"rotation":270,"texture":"#0","tintindex":0}}},{"from":[5.6,3.994299,11.308198],"to":[6.8,7.1942987,12.508198],"rotation":{"angle":-45,"axis":"x","origin":[8.0,5.006447,14.245638]},"faces":{"north":{"uv":[8,9.5,9.5,13.5],"texture":"#0","tintindex":0},"east":{"uv":[9.5,9.5,8,13.5],"texture":"#0","tintindex":0},"south":{"uv":[8,9.5,9.5,13.5],"texture":"#0","tintindex":0},"west":{"uv":[9.5,9.5,8,13.5],"texture":"#0","tintindex":0},"up":{"uv":[6.5,13.5,5,15],"texture":"#0","tintindex":0}}},{"from":[5.6,5.994299,12.508198],"to":[6.8,7.1942987,16.9082],"rotation":{"angle":-45,"axis":"x","origin":[8.0,5.006447,14.245638]},"faces":{"north":{"uv":[0,0,0,0],"texture":"#1"},"east":{"uv":[5,15,10.5,13.5],"texture":"#1"},"south":{"uv":[5,13.5,6.5,15],"texture":"#1"},"west":{"uv":[10.5,13.5,5,15],"texture":"#1"},"up":{"uv":[5,13.5,10.5,15],"rotation":270,"texture":"#1"},"down":{"uv":[10.5,15,5,13.5],"rotation":270,"texture":"#1"}}},{"from":[5.6,3.994299,11.308198],"to":[6.8,7.1942987,12.508198],"rotation":{"angle":-45,"axis":"x","origin":[8.0,5.006447,14.245638]},"faces":{"north":{"uv":[8,9.5,9.5,13.5],"texture":"#1"},"east":{"uv":[9.5,9.5,8,13.5],"texture":"#1"},"south":{"uv":[8,9.5,9.5,13.5],"texture":"#1"},"west":{"uv":[9.5,9.5,8,13.5],"texture":"#1"},"up":{"uv":[6.5,13.5,5,15],"texture":"#1"},"down":{"uv":[0,0,0,0],"rotation":270,"texture":"#1"}}},{"from":[5.6,2.7942991,11.308198],"to":[6.8,3.994299,15.308198],"rotation":{"angle":-45,"axis":"x","origin":[8.0,5.006447,14.245638]},"faces":{"north":{"uv":[6.5,13.5,5,15],"texture":"#1"},"east":{"uv":[0,15,5,13.5],"texture":"#1"},"south":{"uv":[5,13.5,6.5,15],"texture":"#1"},"west":{"uv":[5,13.5,0,15],"texture":"#1"},"up":{"uv":[5,15,0,13.5],"rotation":90,"texture":"#1"},"down":{"uv":[0,13.5,5,15],"rotation":90,"texture":"#1"}}},{"from":[6.0,4.159251,16.64405],"to":[7.2,5.359251,20.24405],"rotation":{"angle":-45,"axis":"y","origin":[6.6,4.7592516,16.844051]},"faces":{"north":{"uv":[9.5,9.5,9,10],"rotation":180,"texture":"#1"},"east":{"uv":[9.5,4.5,8,9],"rotation":90,"texture":"#1"},"south":{"uv":[9.5,12,11,13.5],"texture":"#0","tintindex":0},"west":{"uv":[9.5,4.5,8,9],"rotation":270,"texture":"#1"},"up":{"uv":[8,4.5,9.5,9],"texture":"#1"},"down":{"uv":[8,4.5,9.5,9],"rotation":180,"texture":"#1"}}},{"from":[6.4,3.1705675,13.874706],"to":[9.6,10.770568,17.074707],"rotation":{"angle":-22.5,"axis":"x","origin":[8.0,5.006447,14.245638]},"faces":{"north":{"uv":[4,0,0,9.5],"texture":"#0","tintindex":0},"east":{"uv":[0,0,4,9.5],"texture":"#0","tintindex":0},"south":{"uv":[4,0,0,9.5],"texture":"#0","tintindex":0},"west":{"uv":[0,0,4,9.5],"texture":"#0","tintindex":0},"up":{"uv":[0,9.5,4,13.5],"rotation":90,"texture":"#0","tintindex":0},"down":{"uv":[0,9.5,4,13.5],"rotation":90,"texture":"#0","tintindex":0}}},{"from":[6.3,3.0705671,13.774706],"to":[9.7,10.870566,17.174706],"rotation":{"angle":-22.5,"axis":"x","origin":[8.0,5.006447,14.245638]},"faces":{"north":{"uv":[4,0,8,9.5],"texture":"#1"},"east":{"uv":[4,0,8,9.5],"texture":"#1"},"south":{"uv":[4,0,8,9.5],"texture":"#1"},"west":{"uv":[4,0,8,9.5],"texture":"#1"},"up":{"uv":[4,9.5,8,13.5],"rotation":90,"texture":"#1"},"down":{"uv":[4,9.5,8,13.5],"rotation":90,"texture":"#1"}}},{"name":"cube inverted","from":[9.7,10.870566,17.174706],"to":[6.3,3.0705671,13.774706],"rotation":{"angle":-22.5,"axis":"x","origin":[8.0,5.006447,14.245638]},"faces":{"north":{"uv":[4,9.5,8,0],"texture":"#1"},"east":{"uv":[4,9.5,8,0],"texture":"#1"},"south":{"uv":[4,9.5,8,0],"texture":"#1"},"west":{"uv":[4,9.5,8,0],"texture":"#1"},"up":{"uv":[4,13.5,8,9.5],"rotation":90,"texture":"#1"},"down":{"uv":[4,13.5,8,9.5],"rotation":90,"texture":"#1"}}}],"display":{"gui":{"rotation":[53,-46,17],"translation":[1.25,-3.5,0],"scale":[0.56,0.56,0.56]},"head":{"rotation":[53,0,0],"translation":[0,-80.0,0],"scale":[4.0,4.0,4.0]},"thirdperson_righthand":{"rotation":[143.0,0,0],"translation":[-1.0,-2.0,11.974998],"scale":[1.0,1.0,1.0]}},"groups":[{"name":"group","origin":[8,8,8],"color":0,"children":[0,1,2,3,4,5,6,{"name":"group","origin":[8,8,8],"color":0,"children":[7,8,9,10,11,12,13]},{"name":"group","origin":[0,0,0],"color":0,"children":[14,15,16]}]}]}