{"credit":"Made with Blockbench","texture_size":[64,64],"textures":{"0":"custom/cosmetics/halloween/demon_wings","particle":"custom/cosmetics/halloween/demon_wings"},"elements":[{"from":[8.40125,-3.6444488,4.3904123],"to":[18.432499,2.3743014,4.791662],"rotation":{"angle":-45,"axis":"z","origin":[13.136,-1.2770734,4.591037]},"faces":{"north":{"uv":[0,4.25,6.25,8],"texture":"#0"},"south":{"uv":[6.25,4.25,0,8],"texture":"#0"}}},{"from":[8.40125,-3.6444488,4.3904123],"to":[18.432499,2.3743014,4.791662],"rotation":{"angle":-45,"axis":"z","origin":[13.136,-1.2770734,4.591037]},"faces":{"north":{"uv":[0,0.5,6.25,4.25],"texture":"#0","tintindex":0},"south":{"uv":[6.25,0.5,0,4.25],"texture":"#0","tintindex":0},"west":{"uv":[6,0.5,6.25,4.25],"texture":"#0","tintindex":0},"up":{"uv":[0,0.5,6.25,0.75],"rotation":180,"texture":"#0","tintindex":0}}},{"name":"cube inverted","from":[18.432499,2.3743014,4.791662],"to":[8.40125,-3.6444488,4.3904123],"rotation":{"angle":-45,"axis":"z","origin":[13.136,-1.2770734,4.591037]},"faces":{"north":{"uv":[6.25,4.25,0,0.5],"texture":"#0","tintindex":0},"east":{"uv":[6,4.25,6.25,0.5],"texture":"#0","tintindex":0},"south":{"uv":[0,4.25,6.25,0.5],"texture":"#0","tintindex":0},"down":{"uv":[6.25,0.5,0,0.75],"rotation":180,"texture":"#0","tintindex":0}}},{"name":"cube inverted","from":[18.432499,2.3743014,4.791662],"to":[8.40125,-3.6444488,4.3904123],"rotation":{"angle":-45,"axis":"z","origin":[13.136,-1.2770734,4.591037]},"faces":{"north":{"uv":[6.25,8,0,4.25],"texture":"#0"},"south":{"uv":[0,8,6.25,4.25],"texture":"#0"}}},{"from":[7.59875,-2.8419485,4.591037],"to":[16.42625,3.1768012,4.591037],"rotation":{"angle":-45,"axis":"z","origin":[13.136,-1.2770734,4.591037]},"faces":{"north":{"uv":[6.25,0,11.75,3.75],"texture":"#0","tintindex":0},"south":{"uv":[11.75,0,6.25,3.75],"texture":"#0","tintindex":0}}},{"from":[-2.4325,-3.6444488,4.3904123],"to":[7.59875,2.3743014,4.791662],"rotation":{"angle":45,"axis":"z","origin":[2.8639998,-1.2770734,4.591037]},"faces":{"north":{"uv":[6.25,4.25,0,8],"texture":"#0"},"south":{"uv":[0,4.25,6.25,8],"texture":"#0"}}},{"from":[-2.4325,-3.6444488,4.3904123],"to":[7.59875,2.3743014,4.791662],"rotation":{"angle":45,"axis":"z","origin":[2.8639998,-1.2770734,4.591037]},"faces":{"north":{"uv":[6.25,0.5,0,4.25],"texture":"#0","tintindex":0},"east":{"uv":[6.25,0.5,6,4.25],"texture":"#0","tintindex":0},"south":{"uv":[0,0.5,6.25,4.25],"texture":"#0","tintindex":0},"up":{"uv":[6.25,0.5,0,0.75],"rotation":180,"texture":"#0","tintindex":0}}},{"name":"cube inverted","from":[7.59875,2.3743014,4.791662],"to":[-2.4325,-3.6444488,4.3904123],"rotation":{"angle":45,"axis":"z","origin":[2.8639998,-1.2770734,4.591037]},"faces":{"north":{"uv":[0,4.25,6.25,0.5],"texture":"#0","tintindex":0},"south":{"uv":[6.25,4.25,0,0.5],"texture":"#0","tintindex":0},"west":{"uv":[6.25,4.25,6,0.5],"texture":"#0","tintindex":0},"down":{"uv":[0,0.5,6.25,0.75],"rotation":180,"texture":"#0","tintindex":0}}},{"name":"cube inverted","from":[7.59875,2.3743014,4.791662],"to":[-2.4325,-3.6444488,4.3904123],"rotation":{"angle":45,"axis":"z","origin":[2.8639998,-1.2770734,4.591037]},"faces":{"north":{"uv":[0,8,6.25,4.25],"texture":"#0"},"south":{"uv":[6.25,8,0,4.25],"texture":"#0"}}},{"from":[-0.42625046,-2.8419485,4.591037],"to":[8.40125,3.1768012,4.591037],"rotation":{"angle":45,"axis":"z","origin":[2.8639998,-1.2770734,4.591037]},"faces":{"north":{"uv":[11.75,0,6.25,3.75],"texture":"#0","tintindex":0},"south":{"uv":[6.25,0,11.75,3.75],"texture":"#0","tintindex":0}}},{"from":[8.0,-2.0394483,4.3904123],"to":[8.0,1.5718017,9.606662],"rotation":{"angle":-22.5,"axis":"z","origin":[8.0,-1.0363235,6.998537]},"faces":{"east":{"uv":[9.5,4,6.25,6.25],"texture":"#0","tintindex":0},"west":{"uv":[6.25,4,9.5,6.25],"texture":"#0","tintindex":0}}}],"display":{"ground":{"translation":[0,14,7.5]},"gui":{"translation":[0,1.5,0],"scale":[0.56,0.56,0.56]},"head":{"rotation":[25,0,0],"translation":[0,-80.0,29.75],"scale":[4.0,4.0,4.0]},"thirdperson_righthand":{"rotation":[115.0,0,0],"translation":[-1.0,-20.59375,16.974998],"scale":[2.00625,2.00625,2.00625]}},"groups":[{"name":"group","origin":[0,0,0],"color":0,"children":[0,1,2,3,4]},{"name":"group","origin":[0,0,0],"color":0,"children":[5,6,7,8,9]},10]}