{"credit":"Made with Blockbench","texture_size":[32,32],"textures":{"0":"custom/cosmetics/dino/dino_tail","particle":"custom/cosmetics/dino/dino_tail"},"elements":[{"from":[6.7925,-2.9494538,9.064506],"to":[9.2075,-0.5344534,13.8945055],"rotation":{"angle":0,"axis":"y","origin":[10.0125,0.27054644,12.284506]},"faces":{"north":{"uv":[6,6,9,9],"texture":"#0","tintindex":0},"east":{"uv":[3,6,6,0],"rotation":90,"texture":"#0","tintindex":0},"south":{"uv":[6,6,9,9],"texture":"#0","tintindex":0},"west":{"uv":[3,0,6,6],"rotation":90,"texture":"#0","tintindex":0},"up":{"uv":[0,0,3,6],"rotation":180,"texture":"#0","tintindex":0},"down":{"uv":[6,0,9,6],"rotation":180,"texture":"#0","tintindex":0}}},{"from":[7.195,-2.5469537,13.8945055],"to":[8.805,-0.93695354,18.724506],"rotation":{"angle":-22.5,"axis":"x","origin":[10.415,-2.1444535,13.492006]},"faces":{"north":{"uv":[6,9,8,11],"texture":"#0","tintindex":0},"east":{"uv":[2,6,4,12],"rotation":90,"texture":"#0","tintindex":0},"south":{"uv":[6,9,8,11],"texture":"#0","tintindex":0},"west":{"uv":[2,12,4,6],"rotation":90,"texture":"#0","tintindex":0},"up":{"uv":[0,6,2,12],"texture":"#0","tintindex":0},"down":{"uv":[4,6,6,12],"rotation":180,"texture":"#0","tintindex":0}}},{"from":[8.0,-0.5344534,9.467006],"to":[8.0,0.27054644,11.077005],"rotation":{"angle":0,"axis":"y","origin":[11.22,2.6855464,12.687006]},"faces":{"east":{"uv":[11,0,9,1],"texture":"#0"},"west":{"uv":[9,0,11,1],"texture":"#0"}}},{"from":[8.0,-0.5344534,11.882006],"to":[8.0,0.27054644,13.492006],"rotation":{"angle":0,"axis":"y","origin":[11.22,2.6855464,15.102006]},"faces":{"east":{"uv":[11,0,9,1],"texture":"#0"},"west":{"uv":[9,0,11,1],"texture":"#0"}}},{"from":[7.5975,-0.49420357,9.467006],"to":[8.4025,-0.49420357,11.077005],"rotation":{"angle":0,"axis":"y","origin":[10.8175,2.6855464,12.687006]},"faces":{"up":{"uv":[11.5,0,12.5,2],"texture":"#0"}}},{"from":[7.5975,-0.49420357,11.882006],"to":[8.4025,-0.49420357,13.492006],"rotation":{"angle":0,"axis":"y","origin":[10.8175,2.6855464,15.102006]},"faces":{"up":{"uv":[12.5,0,11.5,2],"texture":"#0"}}}],"display":{"thirdperson_righthand":{"rotation":[119.0,0,0],"translation":[-1.0,-12.3125,11.506248],"scale":[1.00625,1.00625,1.00625]},"thirdperson_lefthand":{"rotation":[111,41,0],"translation":[0,0,2.25],"scale":[0.4,0.4,0.4]},"firstperson_righthand":{"rotation":[0,22,0],"translation":[7.25,2,0]},"firstperson_lefthand":{"rotation":[0,22,0],"translation":[7.25,2,0]},"ground":{"translation":[0,2.25,0],"scale":[0.4,0.4,0.4]},"gui":{"rotation":[30,45,0],"translation":[-1.5,3,0],"scale":[0.76,0.76,0.76]},"head":{"rotation":[29,0,0],"translation":[0,-80.0,16.5],"scale":[4.0,4.0,4.0]},"fixed":{"rotation":[0,-180,0],"translation":[0,9.75,-15.5],"scale":[2,2,2]}}}