{"credit":"Made with Blockbench","texture_size":[32,32],"textures":{"0":"custom/cosmetics/dragon_wings","particle":"custom/cosmetics/dragon_wings"},"elements":[{"from":[9.605,9.392109,8.539893],"to":[19.235,10.194609,9.342393],"rotation":{"angle":-22.5,"axis":"z","origin":[9.20375,0.56460893,8.941143]},"faces":{"north":{"uv":[2,0,2.5,6],"rotation":90,"texture":"#0","tintindex":0},"east":{"uv":[1,5.5,1.5,6],"texture":"#0","tintindex":0},"south":{"uv":[2.5,0,2,6],"rotation":270,"texture":"#0","tintindex":0},"up":{"uv":[1.5,0,2,6],"rotation":270,"texture":"#0","tintindex":0},"down":{"uv":[2.5,0,3,6],"rotation":270,"texture":"#0","tintindex":0}}},{"from":[9.605,0.56460893,8.941143],"to":[19.235,9.392109,8.941143],"rotation":{"angle":-22.5,"axis":"z","origin":[9.20375,0.56460893,8.941143]},"faces":{"north":{"uv":[8,5.5,14,0],"rotation":180,"texture":"#0","tintindex":0},"south":{"uv":[8,0,14,5.5],"texture":"#0","tintindex":0}}},{"from":[8.8025,0.56460893,8.539893],"to":[9.605,10.194609,9.342393],"rotation":{"angle":-22.5,"axis":"z","origin":[9.20375,0.56460893,8.941143]},"faces":{"north":{"uv":[1,0,0.5,6],"texture":"#0","tintindex":0},"east":{"uv":[1,0,1.5,6],"texture":"#0","tintindex":0},"south":{"uv":[0.5,0,1,6],"texture":"#0","tintindex":0},"west":{"uv":[0,0,0.5,6],"texture":"#0","tintindex":0},"up":{"uv":[0,0,0.25,0.25],"texture":"#0","tintindex":0},"down":{"uv":[1,5.5,1.5,6],"texture":"#0","tintindex":0}}},{"from":[6.395,0.56460893,8.539893],"to":[7.1975,10.194609,9.342393],"rotation":{"angle":22.5,"axis":"z","origin":[6.79625,0.56460893,8.941143]},"faces":{"north":{"uv":[0.5,0,1,6],"texture":"#0","tintindex":0},"east":{"uv":[0,0,0.5,6],"texture":"#0","tintindex":0},"south":{"uv":[1,0,0.5,6],"texture":"#0","tintindex":0},"west":{"uv":[1,0,1.5,6],"texture":"#0","tintindex":0},"up":{"uv":[0,0,0.25,0.25],"texture":"#0","tintindex":0},"down":{"uv":[1,5.5,1.5,6],"texture":"#0","tintindex":0}}},{"from":[-3.2350006,0.56460893,8.941143],"to":[6.395,9.392109,8.941143],"rotation":{"angle":22.5,"axis":"z","origin":[6.79625,0.56460893,8.941143]},"faces":{"north":{"uv":[8,0,14,5.5],"texture":"#0","tintindex":0},"south":{"uv":[14,0,8,5.5],"texture":"#0","tintindex":0}}},{"from":[-3.2350006,9.392109,8.539893],"to":[6.395,10.194609,9.342393],"rotation":{"angle":22.5,"axis":"z","origin":[6.79625,0.56460893,8.941143]},"faces":{"north":{"uv":[2.5,0,2,6],"rotation":270,"texture":"#0","tintindex":0},"south":{"uv":[2,0,2.5,6],"rotation":90,"texture":"#0","tintindex":0},"west":{"uv":[1,5.5,1.5,6],"texture":"#0","tintindex":0},"up":{"uv":[1.5,0,2,6],"rotation":90,"texture":"#0","tintindex":0},"down":{"uv":[2.5,0,3,6],"rotation":90,"texture":"#0","tintindex":0}}},{"from":[-4.4387503,9.392109,8.941143],"to":[-3.2350006,11.398358,8.941143],"rotation":{"angle":22.5,"axis":"z","origin":[6.79625,0.56460893,8.941143]},"faces":{"north":{"uv":[3,0,3.75,1.25],"texture":"#0"},"south":{"uv":[3.75,0,3,1.25],"texture":"#0"}}},{"from":[6.395,9.392109,8.941143],"to":[8.40125,11.398358,8.941143],"rotation":{"angle":22.5,"axis":"z","origin":[6.79625,0.56460893,8.941143]},"faces":{"north":{"uv":[5,0,3.75,1.25],"rotation":270,"texture":"#0"},"south":{"uv":[5,1.25,3.75,0],"rotation":270,"texture":"#0"}}},{"from":[6.37895,9.376059,8.523843],"to":[7.21355,10.210659,9.358443],"rotation":{"angle":22.5,"axis":"z","origin":[6.79625,0.56460893,8.941143]},"faces":{"north":{"uv":[3.5,1.25,3,1.75],"texture":"#0"},"east":{"uv":[3.25,1.25,3.5,1.75],"texture":"#0"},"south":{"uv":[3,1.25,3.5,1.75],"texture":"#0"},"up":{"uv":[3.25,1.25,3.5,1.75],"rotation":90,"texture":"#0"}}},{"from":[-3.251051,9.392109,8.539893],"to":[-3.251051,10.194609,9.342393],"rotation":{"angle":22.5,"axis":"z","origin":[6.79625,0.56460893,8.941143]},"faces":{"west":{"uv":[3,1.25,3.25,1.5],"texture":"#0"}}},{"from":[-0.82750034,2.169609,8.941143],"to":[0.77750015,3.774609,8.941143],"rotation":{"angle":22.5,"axis":"z","origin":[6.79625,0.56460893,8.941143]},"faces":{"north":{"uv":[4,1.25,5,2.25],"texture":"#0"},"south":{"uv":[5,1.25,4,2.25],"texture":"#0"}}},{"from":[15.2225,2.169609,8.941143],"to":[16.8275,3.774609,8.941143],"rotation":{"angle":-22.5,"axis":"z","origin":[9.20375,0.56460893,8.941143]},"faces":{"north":{"uv":[5,1.25,4,2.25],"texture":"#0"},"south":{"uv":[4,1.25,5,2.25],"texture":"#0"}}},{"from":[19.235,9.392109,8.941143],"to":[20.438751,11.398358,8.941143],"rotation":{"angle":-22.5,"axis":"z","origin":[9.20375,0.56460893,8.941143]},"faces":{"north":{"uv":[3.75,0,3,1.25],"texture":"#0"},"south":{"uv":[3,0,3.75,1.25],"texture":"#0"}}},{"from":[7.59875,9.392109,8.941143],"to":[9.605,11.398358,8.941143],"rotation":{"angle":-22.5,"axis":"z","origin":[9.20375,0.56460893,8.941143]},"faces":{"north":{"uv":[5,1.25,3.75,0],"rotation":270,"texture":"#0"},"south":{"uv":[5,0,3.75,1.25],"rotation":270,"texture":"#0"}}},{"from":[8.786449,9.376059,8.523843],"to":[9.62105,10.210659,9.358443],"rotation":{"angle":-22.5,"axis":"z","origin":[9.20375,0.56460893,8.941143]},"faces":{"north":{"uv":[3,1.25,3.5,1.75],"texture":"#0"},"south":{"uv":[3.5,1.25,3,1.75],"texture":"#0"},"west":{"uv":[3.25,1.25,3.5,1.75],"texture":"#0"},"up":{"uv":[3.25,1.25,3.5,1.75],"rotation":270,"texture":"#0"}}},{"from":[19.25105,9.392109,8.539893],"to":[19.25105,10.194609,9.342393],"rotation":{"angle":-22.5,"axis":"z","origin":[9.20375,0.56460893,8.941143]},"faces":{"east":{"uv":[3,1.25,3.25,1.5],"texture":"#0"}}}],"display":{"gui":{"rotation":[23,-54,4],"translation":[0.25,1.25,0],"scale":[0.69,0.69,0.69]},"head":{"rotation":[28,0,0],"translation":[0,-80.0,13.75],"scale":[4.0,4.0,4.0]},"thirdperson_righthand":{"rotation":[118.0,0,0],"translation":[-1.0,-10.59375,30.724998],"scale":[2.00625,2.00625,2.00625]}},"groups":[{"name":"group","origin":[0,0,0],"children":[{"name":"group","origin":[6.5,0,8.5],"children":[0,1,2,3,4,5]},6,7,8,9,10,11]},{"name":"group","origin":[0,0,0],"children":[12,13,14,15]}]}