{"credit":"Made with Blockbench","texture_size":[64,64],"textures":{"0":"custom/cosmetics/christmas/glacial_wings","particle":"custom/cosmetics/christmas/glacial_wings"},"elements":[{"from":[-4.8,-2.9886851,9.530052],"to":[7.2,4.211315,9.530052],"rotation":{"angle":22.5,"axis":"y","origin":[7.2,0.6113148,9.498052]},"faces":{"north":{"uv":[7.5,0,0,4.5],"texture":"#0"},"south":{"uv":[0,4.5,7.5,9],"texture":"#0","tintindex":0}}},{"from":[-4.8,-2.9886851,9.538052],"to":[7.2,4.211315,9.538052],"rotation":{"angle":22.5,"axis":"y","origin":[7.2,0.6113148,9.498052]},"faces":{"north":{"uv":[7.5,4.5,0,9],"texture":"#0","tintindex":0},"south":{"uv":[0,0,7.5,4.5],"texture":"#0"}}},{"from":[8.8,-2.9886851,9.530052],"to":[20.8,4.211315,9.530052],"rotation":{"angle":-22.5,"axis":"y","origin":[8.8,0.6113148,9.498052]},"faces":{"north":{"uv":[0,0,7.5,4.5],"texture":"#0"},"south":{"uv":[7.5,4.5,0,9],"texture":"#0","tintindex":0}}},{"from":[8.8,-2.9886851,9.538052],"to":[20.8,4.211315,9.538052],"rotation":{"angle":-22.5,"axis":"y","origin":[8.8,0.6113148,9.498052]},"faces":{"north":{"uv":[0,4.5,7.5,9],"texture":"#0","tintindex":0},"south":{"uv":[7.5,0,0,4.5],"texture":"#0"}}}],"gui_light":"front","display":{"gui":{"translation":[0,1.5,0],"scale":[0.52,0.52,0.52]},"head":{"rotation":[27,0,0],"translation":[0,-80.0,7.25],"scale":[4.0,4.0,4.0]},"thirdperson_righthand":{"rotation":[117.0,0,0],"translation":[-1.0,-6.53125,20.724998],"scale":[2.0,2.0,2.0]}},"groups":[{"name":"group","origin":[7,4.5,7],"color":0,"children":[0,1]},{"name":"group","origin":[7,4.5,7],"color":0,"children":[2,3]}]}