{"credit":"Made with Blockbench","texture_size":[128,128],"textures":{"0":"custom/cosmetics/lunar/lunar_dragon_hat","particle":"custom/cosmetics/lunar/lunar_dragon_hat"},"elements":[{"from":[3.975,-5.0462084,-0.45349312],"to":[12.025,4.6137924,12.426507],"rotation":{"angle":0,"axis":"y","origin":[4.7799997,-5.0462084,-0.45349312]},"faces":{"north":{"uv":[12,0,14.5,3],"texture":"#0","tintindex":0},"east":{"uv":[12,0,8,3],"texture":"#0","tintindex":0},"south":{"uv":[8,4,10.5,7],"texture":"#0","tintindex":0},"west":{"uv":[8,0,12,3],"texture":"#0","tintindex":0},"up":{"uv":[10.625,4,13.125,8],"rotation":180,"texture":"#0","tintindex":0}}},{"from":[3.975,-5.0462084,-0.45349312],"to":[12.025,4.6137924,12.426507],"rotation":{"angle":0,"axis":"y","origin":[4.7799997,-5.0462084,-0.45349312]},"faces":{"north":{"uv":[12,8,14.5,11],"texture":"#0"},"east":{"uv":[12,8,8,11],"texture":"#0"},"south":{"uv":[8,12,10.5,15],"texture":"#0"},"west":{"uv":[8,8,12,11],"texture":"#0"},"up":{"uv":[10.625,12,13.125,16],"rotation":180,"texture":"#0"}}},{"from":[0.7550001,-4.241208,4.7790065],"to":[3.975,-4.241208,11.621507],"rotation":{"angle":22.5,"axis":"z","origin":[3.975,-4.241208,8.200256]},"faces":{"up":{"uv":[9.625,11,11.75,12],"rotation":90,"texture":"#0"},"down":{"uv":[9.625,11,11.75,12],"rotation":90,"texture":"#0"}}},{"from":[4.5787497,-4.241208,12.426507],"to":[11.42125,-4.241208,15.646507],"rotation":{"angle":0,"axis":"y","origin":[2.7675,1.3937922,9.810257]},"faces":{"up":{"uv":[9.625,11,11.75,12],"texture":"#0"},"down":{"uv":[9.625,11,11.75,12],"rotation":180,"texture":"#0"}}},{"from":[12.025,-4.241208,4.7790065],"to":[15.245,-4.241208,11.621507],"rotation":{"angle":-22.5,"axis":"z","origin":[12.025,-4.241208,8.200256]},"faces":{"up":{"uv":[9.625,12,11.75,11],"rotation":90,"texture":"#0"},"down":{"uv":[9.625,11,11.75,12],"rotation":270,"texture":"#0"}}},{"from":[7.5975,4.6137924,7.194007],"to":[8.4025,7.0287914,9.609007],"rotation":{"angle":0,"axis":"y","origin":[4.7799997,-5.0462084,-0.45349312]},"faces":{"north":{"uv":[6.75,3.75,6.875,4.5],"texture":"#0"},"east":{"uv":[6.75,3.75,7.5,4.5],"texture":"#0"},"south":{"uv":[6.75,3.75,6.875,4.5],"texture":"#0"},"west":{"uv":[6.75,3.75,7.5,4.5],"texture":"#0"},"up":{"uv":[6.75,3.75,7.5,3.875],"rotation":90,"texture":"#0"}}},{"from":[7.5975,4.6137924,2.7665067],"to":[8.4025,7.0287914,5.1815066],"rotation":{"angle":0,"axis":"y","origin":[4.7799997,-5.0462084,-0.45349312]},"faces":{"north":{"uv":[6.75,3.75,6.875,4.5],"texture":"#0"},"east":{"uv":[6.75,3.75,7.5,4.5],"texture":"#0"},"south":{"uv":[6.75,3.75,6.875,4.5],"texture":"#0"},"west":{"uv":[6.75,3.75,7.5,4.5],"texture":"#0"},"up":{"uv":[6.75,3.75,7.5,3.875],"rotation":90,"texture":"#0"}}},{"from":[8.0,1.7962914,11.219007],"to":[8.0,6.6262913,18.866507],"rotation":{"angle":-45,"axis":"x","origin":[8.0,4.6137924,11.923382]},"faces":{"east":{"uv":[8.25,1.125,5.875,2.625],"texture":"#0"},"west":{"uv":[5.875,1.125,8.25,2.625],"texture":"#0"}}},{"from":[7.195,3.406292,11.219007],"to":[8.805,5.0162926,17.659006],"rotation":{"angle":-45,"axis":"x","origin":[8.0,4.6137924,11.923382]},"faces":{"north":{"uv":[13.125,5.875,13.25,6],"texture":"#0","tintindex":0},"east":{"uv":[13.125,4,13.625,6],"rotation":270,"texture":"#0","tintindex":0},"south":{"uv":[13.25,4,13.5,4.25],"texture":"#0","tintindex":0},"west":{"uv":[13.125,4,13.625,6],"rotation":90,"texture":"#0","tintindex":0},"up":{"uv":[13.125,4,13.625,6],"rotation":180,"texture":"#0","tintindex":0},"down":{"uv":[13.125,4,13.625,6],"texture":"#0","tintindex":0}}},{"name":"cube inverted","from":[12.025,4.6137924,12.426507],"to":[3.975,-5.0462084,-0.45349312],"rotation":{"angle":0,"axis":"y","origin":[4.7799997,-5.0462084,-0.45349312]},"faces":{"north":{"uv":[8,7,10.5,4],"texture":"#0","tintindex":0},"east":{"uv":[8,3,12,0],"texture":"#0","tintindex":0},"south":{"uv":[12,3,14.5,0],"texture":"#0","tintindex":0},"west":{"uv":[12,3,8,0],"texture":"#0","tintindex":0},"down":{"uv":[13.125,4,10.625,8],"rotation":180,"texture":"#0","tintindex":0}}},{"name":"cube inverted","from":[12.025,4.6137924,12.426507],"to":[3.975,-5.0462084,-0.45349312],"rotation":{"angle":0,"axis":"y","origin":[4.7799997,-5.0462084,-0.45349312]},"faces":{"north":{"uv":[8,15,10.5,12],"texture":"#0"},"east":{"uv":[8,11,12,8],"texture":"#0"},"south":{"uv":[12,11,14.5,8],"texture":"#0"},"west":{"uv":[12,11,8,8],"texture":"#0"},"down":{"uv":[13.125,12,10.625,16],"rotation":180,"texture":"#0"}}}],"display":{"gui":{"rotation":[30,137,0],"translation":[1,-2.5,0],"scale":[0.31,0.31,0.31]},"head":{"rotation":[7,0,0],"translation":[0,-80.0,33],"scale":[4.0,4.0,4.0]},"thirdperson_righthand":{"rotation":[97.0,0,0],"translation":[-1.0,-22.625,8.849998],"scale":[1.00625,1.00625,1.00625]}},"groups":[0,1,2,3,4,5,6,{"name":"group","origin":[0,0,-6],"color":0,"children":[7,8]},9,10]}