{"credit":"Made with Blockbench","texture_size":[64,64],"textures":{"0":"custom/cosmetics/lunar/lunar_lantern","particle":"custom/cosmetics/lunar/lunar_lantern"},"elements":[{"name":"cube inverted","from":[10.415,4.6849985,12.83],"to":[5.585,3.8799982,8.0],"rotation":{"angle":0,"axis":"y","origin":[4.7799997,2.2699986,8.4025]},"faces":{"north":{"uv":[4,3.5,7,3],"texture":"#0"},"east":{"uv":[4,3.5,7,3],"texture":"#0"},"south":{"uv":[4,3.5,7,3],"texture":"#0"},"west":{"uv":[4,3.5,7,3],"texture":"#0"},"down":{"uv":[7,0,4,3],"texture":"#0"}}},{"from":[5.585,3.8799982,8.0],"to":[10.415,4.6849985,12.83],"rotation":{"angle":0,"axis":"y","origin":[4.7799997,2.2699986,8.4025]},"faces":{"north":{"uv":[4,3,7,3.5],"texture":"#0"},"east":{"uv":[4,3,7,3.5],"texture":"#0"},"south":{"uv":[4,3,7,3.5],"texture":"#0"},"west":{"uv":[4,3,7,3.5],"texture":"#0"},"up":{"uv":[4,0,7,3],"texture":"#0"}}},{"name":"cube inverted","from":[10.415,-1.3525019,12.83],"to":[5.585,-2.1575012,8.0],"rotation":{"angle":0,"axis":"y","origin":[4.7799997,8.709998,8.4025]},"faces":{"north":{"uv":[4,3,7,3.5],"texture":"#0"},"east":{"uv":[4,3,7,3.5],"texture":"#0"},"south":{"uv":[4,3,7,3.5],"texture":"#0"},"west":{"uv":[4,3,7,3.5],"texture":"#0"},"up":{"uv":[7,3,4,0],"texture":"#0"}}},{"from":[5.585,-2.1575012,8.0],"to":[10.415,-1.3525019,12.83],"rotation":{"angle":0,"axis":"y","origin":[4.7799997,8.709998,8.4025]},"faces":{"north":{"uv":[4,3.5,7,3],"texture":"#0"},"east":{"uv":[4,3.5,7,3],"texture":"#0"},"south":{"uv":[4,3.5,7,3],"texture":"#0"},"west":{"uv":[4,3.5,7,3],"texture":"#0"},"down":{"uv":[4,3,7,0],"texture":"#0"}}},{"from":[4.7799997,-1.3525019,7.195],"to":[11.22,3.8799982,13.635],"rotation":{"angle":0,"axis":"y","origin":[4.7799997,2.2699986,8.4025]},"faces":{"north":{"uv":[0,0,4,3.25],"texture":"#0","tintindex":0},"east":{"uv":[0,0,4,3.25],"texture":"#0","tintindex":0},"south":{"uv":[0,0,4,3.25],"texture":"#0","tintindex":0},"west":{"uv":[0,0,4,3.25],"texture":"#0","tintindex":0},"up":{"uv":[0,3.25,4,7.25],"texture":"#0","tintindex":0},"down":{"uv":[0,3.25,4,7.25],"texture":"#0","tintindex":0}}},{"name":"cube inverted","from":[11.22,3.8799982,13.635],"to":[4.7799997,-1.3525019,7.195],"rotation":{"angle":0,"axis":"y","origin":[4.7799997,2.2699986,8.4025]},"faces":{"north":{"uv":[0,3.25,4,0],"texture":"#0","tintindex":0},"east":{"uv":[0,3.25,4,0],"texture":"#0","tintindex":0},"south":{"uv":[0,3.25,4,0],"texture":"#0","tintindex":0},"west":{"uv":[0,3.25,4,0],"texture":"#0","tintindex":0},"up":{"uv":[4,3.25,0,7.25],"texture":"#0","tintindex":0},"down":{"uv":[4,3.25,0,7.25],"texture":"#0","tintindex":0}}},{"from":[7.5975,0.25749826,5.9875],"to":[8.4025,15.552498,6.7925],"rotation":{"angle":45,"axis":"x","origin":[7.79875,7.904999,3.975]},"faces":{"north":{"uv":[7.5,0,7,9.5],"texture":"#0"},"east":{"uv":[7,0,7.5,9.5],"texture":"#0"},"south":{"uv":[7.5,0,7,9.5],"texture":"#0"},"west":{"uv":[7,0,7.5,9.5],"texture":"#0"},"up":{"uv":[7,0,7.5,0.5],"texture":"#0"},"down":{"uv":[7,9,7.5,9.5],"texture":"#0"}}},{"from":[8.0,3.0749984,3.5724998],"to":[8.0,16.357498,5.9875],"rotation":{"angle":45,"axis":"x","origin":[7.79875,7.904999,3.975]},"faces":{"east":{"uv":[9,0,7.5,8.25],"texture":"#0"},"west":{"uv":[7.5,0,9,8.25],"texture":"#0"}}},{"from":[7.79875,4.6849985,10.21375],"to":[8.20125,10.722498,10.61625],"faces":{"north":{"uv":[4,3.5,4.25,7.25],"texture":"#0"},"east":{"uv":[4,3.5,4.25,7.25],"texture":"#0"},"south":{"uv":[4,3.5,4.25,7.25],"texture":"#0"},"west":{"uv":[4,3.5,4.25,7.25],"texture":"#0"}}},{"from":[6.7925,-0.9500017,-0.05000019],"to":[9.2075,2.2699986,2.3649998],"faces":{"north":{"uv":[4.25,3.5,5.75,5.5],"texture":"#0"},"east":{"uv":[4.25,3.5,5.75,5.5],"texture":"#0"},"south":{"uv":[4.25,3.5,5.75,5.5],"texture":"#0"},"west":{"uv":[4.25,3.5,5.75,5.5],"texture":"#0"},"up":{"uv":[4.25,5.5,5.75,7],"texture":"#0"},"down":{"uv":[4.25,5.5,5.75,7],"texture":"#0"}}}],"display":{"gui":{"rotation":[18,46,0],"translation":[0.25,1.75,0],"scale":[0.35,0.35,0.35]},"head":{"translation":[0,-80.0,31.25],"scale":[4.0,4.0,4.0]},"thirdperson_righthand":{"rotation":[90.0,0.0,0.0],"translation":[-1.0,-21.53125,31.349998],"scale":[1.00625,1.00625,1.00625]}},"groups":[{"name":"group","origin":[8,8,8],"color":0,"children":[{"name":"group","origin":[0,0,0],"color":0,"children":[0,1]},{"name":"group","origin":[0,0,0],"color":0,"children":[2,3]},4,5]},6,7,8,9]}