{"credit":"Made with Blockbench","texture_size":[64,64],"textures":{"0":"custom/cosmetics/nitro/nitro_wings","1":"custom/cosmetics/nitro/nitro_flame","particle":"custom/cosmetics/nitro/nitro_wings"},"elements":[{"from":[6.39,1.4638836,6.0571985],"to":[6.39,3.8788836,14.509698],"rotation":{"angle":-22.5,"axis":"y","origin":[6.39,2.9732587,4.598136]},"faces":{"east":{"uv":[12.25,0,7,1.5],"texture":"#0"},"west":{"uv":[7,0,12.25,1.5],"texture":"#0"}}},{"from":[5.9875,1.4638836,4.447199],"to":[6.7925,5.086384,15.717198],"rotation":{"angle":-22.5,"axis":"y","origin":[6.39,2.9732587,4.598136]},"faces":{"north":{"uv":[0,0,0.25,2.25],"texture":"#0"},"east":{"uv":[7,0,0,2.25],"texture":"#0"},"west":{"uv":[0,0,7,2.25],"texture":"#0"},"up":{"uv":[0,2.25,7,2.5],"rotation":90,"texture":"#0"},"down":{"uv":[0,2.5,7,3],"rotation":270,"texture":"#0"}}},{"from":[6.7925,5.086384,15.717198],"to":[5.9875,1.4638836,4.447199],"rotation":{"angle":-22.5,"axis":"y","origin":[6.39,2.9732587,4.598136]},"faces":{"east":{"uv":[7,0,0,2.25],"rotation":180,"texture":"#0"},"south":{"uv":[0,0,0.25,2.25],"rotation":180,"texture":"#0"},"west":{"uv":[0,0,7,2.25],"rotation":180,"texture":"#0"},"up":{"uv":[0,2.5,7,3],"rotation":270,"texture":"#0"},"down":{"uv":[0,2.25,7,2.5],"rotation":90,"texture":"#0"}}},{"from":[6.7925,3.8788836,14.912198],"to":[5.9875,1.4638836,6.0571985],"rotation":{"angle":-22.5,"axis":"y","origin":[6.39,2.9732587,4.598136]},"faces":{"south":{"uv":[0.75,0.75,1,2.25],"rotation":180,"texture":"#0"},"down":{"uv":[1,0.5,6.5,0.75],"rotation":90,"texture":"#0"}}},{"from":[5.5809746,0.6548588,3.235674],"to":[10.419025,3.882909,4.451224],"rotation":{"angle":22.5,"axis":"x","origin":[8.0,2.470134,3.8434486]},"faces":{"north":{"uv":[0.75,3,3.75,5],"texture":"#0"},"east":{"uv":[0,3,0.75,5],"texture":"#0"},"south":{"uv":[3.75,3,6.75,5],"texture":"#0"},"west":{"uv":[0.75,3,0,5],"texture":"#0"},"up":{"uv":[0,5,3,5.75],"texture":"#0"},"down":{"uv":[0,5.75,3,6.5],"rotation":180,"texture":"#0"}}},{"from":[9.61,1.4638836,6.0571985],"to":[9.61,3.8788836,14.509698],"rotation":{"angle":22.5,"axis":"y","origin":[9.61,2.9732587,4.598136]},"faces":{"east":{"uv":[12.25,0,7,1.5],"texture":"#0"},"west":{"uv":[7,0,12.25,1.5],"texture":"#0"}}},{"from":[9.2075,1.4638836,4.447199],"to":[10.0125,5.086384,15.717198],"rotation":{"angle":22.5,"axis":"y","origin":[9.61,2.9732587,4.598136]},"faces":{"north":{"uv":[0,0,0.25,2.25],"texture":"#0"},"east":{"uv":[7,0,0,2.25],"texture":"#0"},"west":{"uv":[0,0,7,2.25],"texture":"#0"},"up":{"uv":[0,2.25,7,2.5],"rotation":90,"texture":"#0"},"down":{"uv":[0,2.5,7,3],"rotation":270,"texture":"#0"}}},{"from":[10.0125,5.086384,15.717198],"to":[9.2075,1.4638836,4.447199],"rotation":{"angle":22.5,"axis":"y","origin":[9.61,2.9732587,4.598136]},"faces":{"east":{"uv":[7,0,0,2.25],"rotation":180,"texture":"#0"},"south":{"uv":[0,0,0.25,2.25],"rotation":180,"texture":"#0"},"west":{"uv":[0,0,7,2.25],"rotation":180,"texture":"#0"},"up":{"uv":[0,2.5,7,3],"rotation":270,"texture":"#0"},"down":{"uv":[0,2.25,7,2.5],"rotation":90,"texture":"#0"}}},{"from":[10.0125,3.8788836,14.912198],"to":[9.2075,1.4638836,6.0571985],"rotation":{"angle":22.5,"axis":"y","origin":[9.61,2.9732587,4.598136]},"faces":{"south":{"uv":[0.75,0.75,1,2.25],"rotation":180,"texture":"#0"},"down":{"uv":[1,0.5,6.5,0.75],"rotation":90,"texture":"#0"}}},{"from":[6.39,-1.7561162,4.447199],"to":[9.61,4.6838837,10.887198],"rotation":{"angle":22.5,"axis":"x","origin":[8.0,2.6713836,8.4721985]},"faces":{"north":{"uv":[8,8,10,12],"texture":"#0"},"east":{"uv":[0,8,4,12],"texture":"#0"},"south":{"uv":[8,8,10,12],"texture":"#0"},"west":{"uv":[0,8,4,12],"texture":"#0"},"up":{"uv":[0,8,0.25,8.25],"texture":"#0"},"down":{"uv":[0,12,4,14],"rotation":90,"texture":"#0"}}},{"from":[7.195,-1.3133662,11.651948],"to":[5.1825,-3.325866,6.821948],"rotation":{"angle":45,"axis":"x","origin":[6.1887503,1.3028834,8.673449]},"faces":{"north":{"uv":[8,4.25,9.25,5.5],"rotation":180,"texture":"#0"},"east":{"uv":[6.75,3,8,6],"rotation":90,"texture":"#0"},"south":{"uv":[8,3,9.25,4.25],"texture":"#0"},"west":{"uv":[6.75,3,8,6],"rotation":270,"texture":"#0"},"up":{"uv":[6.75,3,8,6],"texture":"#0"},"down":{"uv":[6.75,3,8,6],"rotation":180,"texture":"#0"}}},{"from":[5.1825,-3.325866,6.821948],"to":[7.195,-1.3133662,11.651948],"rotation":{"angle":45,"axis":"x","origin":[6.1887503,1.3028834,8.673449]},"faces":{"north":{"uv":[8,3,9.25,4.25],"rotation":180,"texture":"#0"},"east":{"uv":[6.75,3,8,6],"rotation":270,"texture":"#0"},"south":{"uv":[8,4.25,9.25,5.5],"texture":"#0"},"west":{"uv":[6.75,3,8,6],"rotation":90,"texture":"#0"},"up":{"uv":[6.75,3,8,6],"rotation":180,"texture":"#0"},"down":{"uv":[6.75,3,8,6],"texture":"#0"}}},{"from":[5.585,-2.9233663,5.211949],"to":[6.7925,-1.7158663,6.821948],"rotation":{"angle":45,"axis":"x","origin":[6.1887503,1.3028834,8.673449]},"faces":{"north":{"uv":[8.25,3.25,9,4],"rotation":180,"texture":"#0"},"east":{"uv":[6,5,6.75,6],"rotation":270,"texture":"#0"},"west":{"uv":[6,5,6.75,6],"rotation":90,"texture":"#0"},"up":{"uv":[6,5,6.75,6],"rotation":180,"texture":"#0"},"down":{"uv":[6,5,6.75,6],"texture":"#0"}}},{"from":[6.1887503,-3.1246164,11.249449],"to":[6.1887503,-1.5146163,13.664449],"rotation":{"angle":45,"axis":"x","origin":[6.1887503,1.3028834,8.673449]},"faces":{"east":{"uv":[0,0,4,6],"rotation":270,"texture":"#1"},"west":{"uv":[0,0,4,6],"rotation":90,"texture":"#1"}}},{"from":[5.38375,-2.319616,11.249449],"to":[6.99375,-2.319616,13.664449],"rotation":{"angle":45,"axis":"x","origin":[6.1887503,1.3028834,8.673449]},"faces":{"up":{"uv":[0,0,4,6],"rotation":180,"texture":"#1"},"down":{"uv":[0,0,4,6],"texture":"#1"}}},{"from":[10.8175,-1.3133662,11.651948],"to":[8.805,-3.325866,6.821948],"rotation":{"angle":45,"axis":"x","origin":[9.81125,1.3028834,8.673449]},"faces":{"north":{"uv":[8,4.25,9.25,5.5],"rotation":180,"texture":"#0"},"east":{"uv":[6.75,3,8,6],"rotation":90,"texture":"#0"},"south":{"uv":[8,3,9.25,4.25],"texture":"#0"},"west":{"uv":[6.75,3,8,6],"rotation":270,"texture":"#0"},"up":{"uv":[6.75,3,8,6],"texture":"#0"},"down":{"uv":[6.75,3,8,6],"rotation":180,"texture":"#0"}}},{"from":[8.805,-3.325866,6.821948],"to":[10.8175,-1.3133662,11.651948],"rotation":{"angle":45,"axis":"x","origin":[9.81125,1.3028834,8.673449]},"faces":{"north":{"uv":[8,3,9.25,4.25],"rotation":180,"texture":"#0"},"east":{"uv":[6.75,3,8,6],"rotation":270,"texture":"#0"},"south":{"uv":[8,4.25,9.25,5.5],"texture":"#0"},"west":{"uv":[6.75,3,8,6],"rotation":90,"texture":"#0"},"up":{"uv":[6.75,3,8,6],"rotation":180,"texture":"#0"},"down":{"uv":[6.75,3,8,6],"texture":"#0"}}},{"from":[9.2075,-2.9233663,5.211949],"to":[10.415,-1.7158663,6.821948],"rotation":{"angle":45,"axis":"x","origin":[9.81125,1.3028834,8.673449]},"faces":{"north":{"uv":[8.25,3.25,9,4],"rotation":180,"texture":"#0"},"east":{"uv":[6,5,6.75,6],"rotation":270,"texture":"#0"},"west":{"uv":[6,5,6.75,6],"rotation":90,"texture":"#0"},"up":{"uv":[6,5,6.75,6],"rotation":180,"texture":"#0"},"down":{"uv":[6,5,6.75,6],"texture":"#0"}}},{"from":[9.81125,-3.1246164,11.249449],"to":[9.81125,-1.5146163,13.664449],"rotation":{"angle":45,"axis":"x","origin":[9.81125,1.3028834,8.673449]},"faces":{"east":{"uv":[0,0,4,6],"rotation":270,"texture":"#1"},"west":{"uv":[0,6,4,0],"rotation":270,"texture":"#1"}}},{"from":[9.00625,-2.319616,11.249449],"to":[10.61625,-2.319616,13.664449],"rotation":{"angle":45,"axis":"x","origin":[9.81125,1.3028834,8.673449]},"faces":{"up":{"uv":[0,0,4,6],"rotation":180,"texture":"#1"},"down":{"uv":[0,0,4,6],"texture":"#1"}}},{"from":[6.3095,-1.8366163,4.3666987],"to":[9.6905,4.7643833,10.967699],"rotation":{"angle":22.5,"axis":"x","origin":[8.0,2.6713836,8.4721985]},"faces":{"north":{"uv":[10,8,12,12],"texture":"#0","tintindex":0},"east":{"uv":[4,8,8,12],"texture":"#0","tintindex":0},"south":{"uv":[10,8,12,12],"texture":"#0","tintindex":0},"west":{"uv":[4,8,8,12],"texture":"#0","tintindex":0},"up":{"uv":[4,6,8,8],"rotation":90,"texture":"#0","tintindex":0}}}],"display":{"gui":{"rotation":[30,135,0],"translation":[-3,1.25,0],"scale":[0.43,0.43,0.43]},"head":{"rotation":[-22.5,0,0],"translation":[0,-80.0,12.5],"scale":[4.0,4.0,4.0]},"thirdperson_righthand":{"rotation":[67.5,0,0],"translation":[-1.0,-9.8125,23.537498],"scale":[1.00625,1.00625,1.00625]}},"groups":[{"name":"group","origin":[0,0,0],"children":[0,1,2,3]},4,{"name":"group","origin":[0,0,0],"children":[5,6,7,8]},9,{"name":"group","origin":[0,0,0],"children":[10,11,12,13,14]},{"name":"group","origin":[0,0,0],"children":[15,16,17,18,19]},20]}