{"credit":"Made with Blockbench","textures":{"0":"custom/cosmetics/pirate/pirate_chest","particle":"custom/cosmetics/pirate/pirate_chest"},"elements":[{"from":[4.7799997,-1.6200018,6.39],"to":[11.22,0.3924985,9.61],"rotation":{"angle":0,"axis":"y","origin":[8.0,0.3924985,9.61]},"faces":{"north":{"uv":[8,4,16,6.5],"texture":"#0"},"east":{"uv":[10,9.5,14,12],"texture":"#0"},"south":{"uv":[0,7,8,9.5],"texture":"#0"},"west":{"uv":[10,9.5,14,12],"texture":"#0"},"up":{"uv":[8,0,16,4],"rotation":180,"texture":"#0"},"down":{"uv":[0,9.5,8,13.5],"texture":"#0"}}},{"from":[4.7799997,0.3924985,6.39],"to":[11.22,2.807499,9.61],"rotation":{"angle":22.5,"axis":"x","origin":[8.0,0.3924985,9.61]},"faces":{"north":{"uv":[0,4,8,7],"texture":"#0"},"east":{"uv":[10,6.5,14,9.5],"texture":"#0"},"south":{"uv":[0,4,8,7],"texture":"#0"},"west":{"uv":[10,6.5,14,9.5],"texture":"#0"},"up":{"uv":[0,0,8,4],"texture":"#0"},"down":{"uv":[0,9.5,8,13.5],"texture":"#0"}}},{"from":[7.195,-0.010001659,5.9875],"to":[8.805,1.1974983,6.39],"rotation":{"angle":22.5,"axis":"x","origin":[8.0,0.3924985,9.61]},"faces":{"north":{"uv":[8,6.5,10,8],"texture":"#0"},"east":{"uv":[8,6.5,8.5,8],"texture":"#0"},"south":{"uv":[8,6.5,10,8],"texture":"#0"},"west":{"uv":[8,6.5,8.5,8],"texture":"#0"},"up":{"uv":[8,7.5,10,8],"texture":"#0"},"down":{"uv":[8,6.5,10,7],"texture":"#0"}}},{"from":[4.7799997,-4.8400016,8.805],"to":[11.22,-1.6200018,8.805],"faces":{"north":{"uv":[8,12,16,16],"texture":"#0"},"south":{"uv":[8,12,16,16],"texture":"#0"}}},{"from":[5.9875,-2.8275018,6.39],"to":[6.39,-1.6200018,6.39],"faces":{"north":{"uv":[15,6.5,15.5,8],"texture":"#0"},"south":{"uv":[15,6.5,15.5,8],"texture":"#0"}}}],"display":{"thirdperson_righthand":{"rotation":[90.0,180,0],"translation":[-1.0,-8.09375,17.599998],"scale":[1.00625,1.00625,1.00625]},"thirdperson_lefthand":{"rotation":[50,-22,0],"translation":[0.25,0.75,-0.25],"scale":[0.4,0.4,0.4]},"firstperson_righthand":{"rotation":[0,130,0],"translation":[11,0,-6.75]},"firstperson_lefthand":{"rotation":[0,130,0],"translation":[11,0,-6.75]},"ground":{"translation":[0,6.75,0],"scale":[0.4,0.4,0.4]},"gui":{"rotation":[30,135,0],"translation":[-0.5,2.25,0],"scale":[0.76,0.76,0.76]},"head":{"rotation":[0,180,0],"translation":[0,-80.0,9.75],"scale":[4.0,4.0,4.0]},"fixed":{"rotation":[-90,0,0],"translation":[0,0,-16],"scale":[2,2,2]}},"groups":[{"name":"group","origin":[8,8,8],"children":[0,{"name":"group","origin":[8,8,8],"children":[1,2]},3]},4]}