{"credit":"Made with Blockbench","texture_size":[64,64],"textures":{"0":"custom/cosmetics/halloween/prank_pack","1":"custom/cosmetics/halloween/prank_pack_fuse","particle":"custom/cosmetics/halloween/prank_pack"},"elements":[{"from":[5.0,-3.0998821,6.8417416],"to":[11.0,2.5251179,10.591742],"rotation":{"angle":0,"axis":"y","origin":[5.0,-3.0998821,5.7167416]},"faces":{"north":{"uv":[16,8,12,11.75],"texture":"#0"},"east":{"uv":[4,2.5,6.5,6.25],"texture":"#0"},"south":{"uv":[0,2.5,4,6.25],"texture":"#0"},"west":{"uv":[6.5,6.25,9,10],"texture":"#0"},"up":{"uv":[0,0,4,2.5],"texture":"#0"},"down":{"uv":[4,0,8,2.5],"texture":"#0"}}},{"from":[5.0,-3.0998821,6.8417416],"to":[11.0,2.5251179,10.591742],"rotation":{"angle":0,"axis":"y","origin":[5.0,-3.0998821,5.7167416]},"faces":{"north":{"uv":[16,11.75,12,15.5],"texture":"#0","tintindex":0},"south":{"uv":[0,6.25,4,10],"texture":"#0","tintindex":0},"west":{"uv":[4,6.25,6.5,10],"texture":"#0","tintindex":0},"down":{"uv":[6.5,2.5,10.5,5],"texture":"#0","tintindex":0}}},{"from":[5.375,-4.599882,10.216742],"to":[6.5,-3.0998821,10.216742],"rotation":{"angle":0,"axis":"y","origin":[5.0,-3.0998821,5.7167416]},"faces":{"north":{"uv":[3,10,3.75,11],"texture":"#0"},"east":{"uv":[0,0,0,1],"texture":"#missing"},"south":{"uv":[3,10,3.75,11],"texture":"#0"},"west":{"uv":[0,0,0,1],"texture":"#missing"},"up":{"uv":[0,0,0.75,0],"texture":"#missing"},"down":{"uv":[0,0,0.75,0],"texture":"#missing"}}},{"from":[9.5,-4.599882,10.216742],"to":[10.625,-3.0998821,10.216742],"rotation":{"angle":0,"axis":"y","origin":[5.0,-3.0998821,5.7167416]},"faces":{"north":{"uv":[3,10,3.75,11],"texture":"#0"},"east":{"uv":[0,0,0,1],"texture":"#missing"},"south":{"uv":[3,10,3.75,11],"texture":"#0"},"west":{"uv":[0,0,0,1],"texture":"#missing"},"up":{"uv":[0,0,0.75,0],"texture":"#missing"},"down":{"uv":[0,0,0.75,0],"texture":"#missing"}}},{"from":[5.70542,3.9632387,7.0292416],"to":[5.70542,7.3382387,10.404242],"rotation":{"angle":45,"axis":"z","origin":[5.8964524,4.431798,8.529242]},"faces":{"east":{"uv":[0,0,9,9],"texture":"#1"},"west":{"uv":[0,0,9,9],"texture":"#1"}}},{"from":[4.01792,3.9632387,8.716742],"to":[7.39292,7.3382387,8.716742],"rotation":{"angle":45,"axis":"z","origin":[5.8964524,4.431798,8.529242]},"faces":{"north":{"uv":[0,0,9,9],"texture":"#1"},"south":{"uv":[0,0,9,9],"texture":"#1"}}},{"from":[7.8653936,-0.2521696,6.8417416],"to":[11.240394,-0.2521696,10.216742],"rotation":{"angle":45,"axis":"z","origin":[5.8964524,4.431798,8.529242]},"faces":{"up":{"uv":[0,0,9,9],"rotation":90,"texture":"#1"},"down":{"uv":[0,0,9,9],"rotation":90,"texture":"#1"}}},{"from":[7.8653936,-1.9396696,8.529242],"to":[11.240394,1.4353304,8.529242],"rotation":{"angle":45,"axis":"z","origin":[5.8964524,4.431798,8.529242]},"faces":{"north":{"uv":[0,0,9,9],"rotation":270,"texture":"#1"},"south":{"uv":[0,0,9,9],"rotation":90,"texture":"#1"}}},{"from":[3.2596064,0.8728304,8.341742],"to":[6.6346064,0.8728304,11.716742],"rotation":{"angle":-22.5,"axis":"z","origin":[10.103548,4.431798,8.529242]},"faces":{"up":{"uv":[0,9,9,0],"rotation":90,"texture":"#1"},"down":{"uv":[0,9,9,0],"rotation":90,"texture":"#1"}}},{"from":[3.2596064,-0.8146696,10.029242],"to":[6.6346064,2.5603304,10.029242],"rotation":{"angle":-22.5,"axis":"z","origin":[10.103548,4.431798,8.529242]},"faces":{"north":{"uv":[0,9,9,0],"rotation":270,"texture":"#1"},"south":{"uv":[0,9,9,0],"rotation":90,"texture":"#1"}}},{"from":[7.7714524,4.8069887,9.650713],"to":[11.146452,8.181989,9.650713],"rotation":{"angle":45,"axis":"x","origin":[5.8964524,4.431798,8.529242]},"faces":{"north":{"uv":[9,9,0,0],"rotation":180,"texture":"#1"},"south":{"uv":[9,9,0,0],"rotation":180,"texture":"#1"}}},{"from":[9.458953,4.8069887,7.963213],"to":[9.458953,8.181989,11.338213],"rotation":{"angle":45,"axis":"x","origin":[5.8964524,4.431798,8.529242]},"faces":{"east":{"uv":[9,9,0,0],"rotation":180,"texture":"#1"},"west":{"uv":[9,9,0,0],"rotation":180,"texture":"#1"}}},{"from":[6.2714524,3.4007387,7.963213],"to":[9.646453,6.7757387,7.963213],"rotation":{"angle":22.5,"axis":"x","origin":[7.9589524,3.5882387,7.963213]},"faces":{"north":{"uv":[9,9,0,0],"rotation":180,"texture":"#1"},"south":{"uv":[9,9,0,0],"rotation":180,"texture":"#1"}}},{"from":[7.9589524,3.4007387,6.275713],"to":[7.9589524,6.7757387,9.650713],"rotation":{"angle":22.5,"axis":"x","origin":[7.9589524,3.5882387,7.963213]},"faces":{"east":{"uv":[9,9,0,0],"rotation":180,"texture":"#1"},"west":{"uv":[9,9,0,0],"rotation":180,"texture":"#1"}}},{"from":[5.1875,2.3376179,7.7792416],"to":[7.0625,4.212618,9.654242],"rotation":{"angle":22.5,"axis":"z","origin":[6.5,3.4626179,8.716742]},"faces":{"north":{"uv":[10.5,1.75,11.75,3],"texture":"#0"},"east":{"uv":[11.75,1.75,10.5,3],"texture":"#0"},"south":{"uv":[10.5,1.75,11.75,3],"texture":"#0"},"west":{"uv":[11.75,1.75,10.5,3],"texture":"#0"},"up":{"uv":[12.5,0.25,13.75,1.5],"texture":"#0"},"down":{"uv":[10.5,0.25,11.75,1.5],"rotation":90,"texture":"#0"}}},{"from":[5.1875,2.3376179,7.7792416],"to":[7.0625,4.212618,9.654242],"rotation":{"angle":22.5,"axis":"z","origin":[6.5,3.4626179,8.716742]},"faces":{"north":{"uv":[10.25,6.25,11.5,7.5],"texture":"#0","tintindex":0},"east":{"uv":[11.5,6.25,10.25,7.5],"texture":"#0","tintindex":0},"south":{"uv":[10.25,6.25,11.5,7.5],"texture":"#0","tintindex":0},"west":{"uv":[11.5,6.25,10.25,7.5],"texture":"#0","tintindex":0},"up":{"uv":[12.5,4.25,13.75,5.5],"texture":"#0","tintindex":0},"down":{"uv":[10.5,4.25,11.75,5.5],"rotation":90,"texture":"#0","tintindex":0}}},{"from":[8.5625,2.1501179,8.529242],"to":[10.4375,4.025118,10.404242],"rotation":{"angle":22.5,"axis":"x","origin":[9.5,3.4626179,9.466742]},"faces":{"north":{"uv":[10.5,1.75,11.75,3],"texture":"#0"},"east":{"uv":[11.75,1.75,10.5,3],"texture":"#0"},"south":{"uv":[10.5,1.75,11.75,3],"texture":"#0"},"west":{"uv":[11.75,1.75,10.5,3],"texture":"#0"},"up":{"uv":[12.5,0.25,13.75,1.5],"texture":"#0"},"down":{"uv":[10.5,0.25,11.75,1.5],"rotation":90,"texture":"#0"}}},{"from":[8.5625,2.1501179,8.529242],"to":[10.4375,4.025118,10.404242],"rotation":{"angle":22.5,"axis":"x","origin":[9.5,3.4626179,9.466742]},"faces":{"north":{"uv":[10.25,6.25,11.5,7.5],"texture":"#0","tintindex":0},"east":{"uv":[11.5,6.25,10.25,7.5],"texture":"#0","tintindex":0},"south":{"uv":[10.25,6.25,11.5,7.5],"texture":"#0","tintindex":0},"west":{"uv":[11.5,6.25,10.25,7.5],"texture":"#0","tintindex":0},"up":{"uv":[12.5,4.25,13.75,5.5],"texture":"#0","tintindex":0},"down":{"uv":[10.5,4.25,11.75,5.5],"rotation":90,"texture":"#0","tintindex":0}}},{"from":[7.0625,1.6813679,7.0292416],"to":[8.9375,3.5563679,8.904242],"rotation":{"angle":0,"axis":"x","origin":[9.5,3.4626179,9.466742]},"faces":{"north":{"uv":[10.5,1.75,11.75,3],"texture":"#0"},"east":{"uv":[11.75,1.75,10.5,3],"texture":"#0"},"south":{"uv":[10.5,1.75,11.75,3],"texture":"#0"},"west":{"uv":[11.75,1.75,10.5,3],"texture":"#0"},"up":{"uv":[12.5,0.25,13.75,1.5],"texture":"#0"},"down":{"uv":[10.5,0.25,11.75,1.5],"rotation":90,"texture":"#0"}}},{"from":[7.0625,1.6813679,7.0292416],"to":[8.9375,3.5563679,8.904242],"rotation":{"angle":0,"axis":"x","origin":[9.5,3.4626179,9.466742]},"faces":{"north":{"uv":[10.25,6.25,11.5,7.5],"texture":"#0","tintindex":0},"east":{"uv":[11.5,6.25,10.25,7.5],"texture":"#0","tintindex":0},"south":{"uv":[10.25,6.25,11.5,7.5],"texture":"#0","tintindex":0},"west":{"uv":[11.5,6.25,10.25,7.5],"texture":"#0","tintindex":0},"up":{"uv":[12.5,4.25,13.75,5.5],"texture":"#0","tintindex":0},"down":{"uv":[10.5,4.25,11.75,5.5],"rotation":90,"texture":"#0","tintindex":0}}}],"display":{"head":{"rotation":[8,0,0],"translation":[0,-80.0,10.75],"scale":[4.0,4.0,4.0]},"thirdperson_righthand":{"rotation":[98.0,0,0],"translation":[-1.0,-8.71875,20.724998],"scale":[0.9375,0.9375,0.9375]}},"groups":[0,1,2,3,{"name":"group","origin":[0,0,0],"color":0,"children":[{"name":"group","origin":[4.5,21.5,7.75],"color":0,"children":[4,5]},{"name":"group","origin":[4.5,21.5,7.75],"color":0,"children":[6,7]},{"name":"group","origin":[4.5,21.5,7.75],"color":0,"children":[8,9]}]},{"name":"group","origin":[0,0,0],"color":0,"children":[{"name":"group","origin":[4.5,21.5,7.75],"color":0,"children":[10,11]},{"name":"group","origin":[4.5,21.5,7.75],"color":0,"children":[12,13]}]},{"name":"group","origin":[10,7.5,8.25],"color":0,"children":[14,15]},{"name":"group","origin":[10,7.5,8.25],"color":0,"children":[16,17]},{"name":"group","origin":[10,7.5,8.25],"color":0,"children":[18,19]}]}