{"credit":"Made with Blockbench","texture_size":[32,32],"textures":{"0":"custom/cosmetics/badger/quiver","particle":"custom/cosmetics/badger/quiver"},"elements":[{"from":[2.5311007,-0.71556616,7.0],"to":[4.5311007,5.684434,9.0],"rotation":{"angle":45,"axis":"y","origin":[3.5311007,2.3511019,8.0]},"faces":{"north":{"uv":[2.5,2.5,5,10.5],"texture":"#0"},"east":{"uv":[2.5,2.5,5,10.5],"texture":"#0"},"south":{"uv":[2.5,2.5,5,10.5],"texture":"#0"},"west":{"uv":[2.5,2.5,5,10.5],"texture":"#0"},"up":{"uv":[2.5,0,5,2.5],"texture":"#0"},"down":{"uv":[5,0,7.5,2.5],"texture":"#0"}}},{"from":[2.5311007,-0.71556616,7.0],"to":[4.5311007,5.684434,9.0],"rotation":{"angle":45,"axis":"y","origin":[3.5311007,2.3511019,8.0]},"faces":{"north":{"uv":[8,2.5,10.5,10.5],"texture":"#0","tintindex":0},"east":{"uv":[5,2.5,7.5,10.5],"texture":"#0","tintindex":0},"south":{"uv":[5,2.5,7.5,10.5],"texture":"#0","tintindex":0},"west":{"uv":[5,2.5,7.5,10.5],"texture":"#0","tintindex":0}}},{"from":[2.7311006,2.2844338,6.2],"to":[4.331101,4.2844343,7.0],"rotation":{"angle":45,"axis":"y","origin":[3.5311007,2.3511019,8.0]},"faces":{"north":{"uv":[2,11.5,4,14],"texture":"#0"},"east":{"uv":[5,11.5,4,14],"texture":"#0"},"south":{"uv":[4.5,11.5,5,14],"texture":"#0"},"west":{"uv":[4,11.5,5,14],"texture":"#0"},"up":{"uv":[2,10.5,4,11.5],"rotation":180,"texture":"#0"},"down":{"uv":[2,14,4,15],"rotation":180,"texture":"#0"}}},{"from":[1.9311008,0.88443375,8.0],"to":[3.9311004,9.284434,8.0],"rotation":{"angle":22.5,"axis":"z","origin":[2.9311008,5.0844336,8.0]},"faces":{"north":{"uv":[0,0,2.5,10.5],"texture":"#0"},"south":{"uv":[0,0,2.5,10.5],"texture":"#0"}}},{"from":[2.9311008,0.88443375,7.0],"to":[2.9311008,9.284434,9.0],"rotation":{"angle":22.5,"axis":"z","origin":[2.9311008,5.0844336,8.0]},"faces":{"east":{"uv":[0,0,2.5,10.5],"texture":"#0"},"west":{"uv":[0,0,2.5,10.5],"texture":"#0"}}},{"from":[1.9311008,2.4844341,8.4],"to":[3.9311004,10.884435,8.4],"rotation":{"angle":22.5,"axis":"x","origin":[2.9311008,5.0844336,8.0]},"faces":{"north":{"uv":[0,0,2.5,10.5],"texture":"#0"},"south":{"uv":[0,0,2.5,10.5],"texture":"#0"}}},{"from":[2.9311008,2.4844341,7.4],"to":[2.9311008,10.884435,9.4],"rotation":{"angle":22.5,"axis":"x","origin":[2.9311008,5.0844336,8.0]},"faces":{"east":{"uv":[0,0,2.5,10.5],"texture":"#0"},"west":{"uv":[0,0,2.5,10.5],"texture":"#0"}}},{"from":[2.7311006,0.88443375,7.6],"to":[4.7311006,9.284434,7.6],"rotation":{"angle":-22.5,"axis":"x","origin":[2.9311008,5.0844336,8.0]},"faces":{"north":{"uv":[0,0,2.5,10.5],"texture":"#0"},"south":{"uv":[0,0,2.5,10.5],"texture":"#0"}}},{"from":[3.7311006,0.88443375,6.6],"to":[3.7311006,9.284434,8.6],"rotation":{"angle":-22.5,"axis":"x","origin":[2.9311008,5.0844336,8.0]},"faces":{"east":{"uv":[0,0,2.5,10.5],"texture":"#0"},"west":{"uv":[0,0,2.5,10.5],"texture":"#0"}}},{"from":[1.9311008,3.2844338,7.9],"to":[3.9311004,11.684434,7.9],"rotation":{"angle":0,"axis":"x","origin":[2.9311008,5.0844336,8.0]},"faces":{"north":{"uv":[0,0,2.5,10.5],"texture":"#0"},"south":{"uv":[0,0,2.5,10.5],"texture":"#0"}}},{"from":[2.9311008,3.2844338,6.9],"to":[2.9311008,11.684434,8.9],"rotation":{"angle":0,"axis":"x","origin":[2.9311008,5.0844336,8.0]},"faces":{"east":{"uv":[0,0,2.5,10.5],"texture":"#0"},"west":{"uv":[0,0,2.5,10.5],"texture":"#0"}}},{"from":[3.1311007,1.2844338,7.9],"to":[5.131101,9.684434,7.9],"rotation":{"angle":0,"axis":"x","origin":[2.9311008,5.0844336,8.0]},"faces":{"north":{"uv":[0,0,2.5,10.5],"texture":"#0"},"south":{"uv":[0,0,2.5,10.5],"texture":"#0"}}},{"from":[4.131101,1.2844338,6.9],"to":[4.131101,9.684434,8.9],"rotation":{"angle":0,"axis":"x","origin":[2.9311008,5.0844336,8.0]},"faces":{"east":{"uv":[0,0,2.5,10.5],"texture":"#0"},"west":{"uv":[0,0,2.5,10.5],"texture":"#0"}}}],"display":{"gui":{"rotation":[-24,166,45],"translation":[-1.75,-1.5,0],"scale":[0.58,0.58,0.58]},"head":{"rotation":[0,171,46],"translation":[1.75,-80.0,7],"scale":[4.0,4.0,4.0]},"thirdperson_righthand":{"rotation":[90.0,171,46],"translation":[0.09375,-6.375,18.068748],"scale":[1.0,1.0,1.0]}},"groups":[0,1,2,{"name":"group","origin":[0,0,0],"color":0,"children":[3,4]},{"name":"group","origin":[0,0,0],"color":0,"children":[5,6]},{"name":"group","origin":[0,0,0],"color":0,"children":[7,8]},{"name":"group","origin":[0,0,0],"color":0,"children":[9,10]},{"name":"group","origin":[0,0,0],"color":0,"children":[11,12]}]}