{"credit":"Made with Blockbench","texture_size":[64,64],"textures":{"0":"custom/cosmetics/samurai/samurai_swords","particle":"custom/cosmetics/samurai/samurai_swords"},"elements":[{"from":[7.5975,-8.149256,7.3179517],"to":[8.4025,6.3407435,7.3179517],"rotation":{"angle":45,"axis":"z","origin":[8.0,0.571578,6.9154515]},"faces":{"north":{"uv":[0.75,2,0.25,11],"texture":"#0"},"south":{"uv":[0.25,2,0.75,11],"texture":"#0"}}},{"from":[7.5975,6.7432437,6.9154515],"to":[8.4025,9.560743,7.720452],"rotation":{"angle":45,"axis":"z","origin":[8.0,0.571578,6.9154515]},"faces":{"north":{"uv":[0.25,0,0.75,1.75],"texture":"#0"},"east":{"uv":[0.25,0,0.75,1.75],"texture":"#0"},"south":{"uv":[0.25,0,0.75,1.75],"texture":"#0"},"west":{"uv":[0.25,0,0.75,1.75],"texture":"#0"},"up":{"uv":[0.5,0,0.75,0.25],"texture":"#0"}}},{"from":[7.195,6.3407435,6.512952],"to":[8.805,6.7432437,8.1229515],"rotation":{"angle":45,"axis":"z","origin":[8.0,0.571578,6.9154515]},"faces":{"north":{"uv":[0,1.75,1,2],"texture":"#0"},"east":{"uv":[0,1.75,1,2],"texture":"#0"},"south":{"uv":[0,1.75,1,2],"texture":"#0"},"west":{"uv":[0,1.75,1,2],"texture":"#0"},"up":{"uv":[0.75,0,1.75,1],"texture":"#0"},"down":{"uv":[0.75,0,1.75,1],"texture":"#0"}}},{"from":[7.5975,-8.149256,7.3179517],"to":[8.4025,6.3407435,7.3179517],"rotation":{"angle":-45,"axis":"z","origin":[8.0,0.571578,6.9154515]},"faces":{"north":{"uv":[0.75,2,0.25,11],"texture":"#0"},"south":{"uv":[0.25,2,0.75,11],"texture":"#0"}}},{"from":[7.5975,6.7432437,6.9154515],"to":[8.4025,9.560743,7.720452],"rotation":{"angle":-45,"axis":"z","origin":[8.0,0.571578,6.9154515]},"faces":{"north":{"uv":[0.25,0,0.75,1.75],"texture":"#0"},"east":{"uv":[0.25,0,0.75,1.75],"texture":"#0"},"south":{"uv":[0.25,0,0.75,1.75],"texture":"#0"},"west":{"uv":[0.25,0,0.75,1.75],"texture":"#0"},"up":{"uv":[0.5,0,0.75,0.25],"texture":"#0"}}},{"from":[7.195,6.3407435,6.512952],"to":[8.805,6.7432437,8.1229515],"rotation":{"angle":-45,"axis":"z","origin":[8.0,0.571578,6.9154515]},"faces":{"north":{"uv":[0,1.75,1,2],"texture":"#0"},"east":{"uv":[0,1.75,1,2],"texture":"#0"},"south":{"uv":[0,1.75,1,2],"texture":"#0"},"west":{"uv":[0,1.75,1,2],"texture":"#0"},"up":{"uv":[0.75,0,1.75,1],"texture":"#0"},"down":{"uv":[0.75,0,1.75,1],"texture":"#0"}}},{"from":[4.7799997,-5.3317566,7.720452],"to":[11.22,2.718244,7.720452],"faces":{"north":{"uv":[1,1,5,6],"texture":"#0"},"south":{"uv":[1,1,5,6],"texture":"#0"}}},{"from":[4.3775,2.718244,6.9154515],"to":[11.622499,3.5232434,7.720452],"faces":{"north":{"uv":[1.75,0.5,6.25,1],"texture":"#0"},"east":{"uv":[6,0.5,6.25,1],"texture":"#0"},"south":{"uv":[1.75,0.5,6.25,1],"texture":"#0"},"west":{"uv":[6,0.5,6.25,1],"texture":"#0"},"up":{"uv":[1.75,0,6.25,0.5],"texture":"#0"},"down":{"uv":[1.75,0.75,6.25,1],"texture":"#0"}}}],"display":{"gui":{"translation":[0,1,0],"scale":[0.48,0.48,0.48]},"head":{"rotation":[-6,0,0],"translation":[0,-80.0,6],"scale":[4.0,4.0,4.0]},"thirdperson_righthand":{"rotation":[84.0,0,0],"translation":[-1.0,-5.75,17.287498],"scale":[1.00625,1.00625,1.00625]}},"groups":[{"name":"group","origin":[0,0,0],"children":[0,1,2]},{"name":"group","origin":[0,0,0],"children":[3,4,5]},6,7]}