{"credit":"Made with Blockbench","texture_size":[32,32],"textures":{"0":"custom/furniture/christmas/snow_globe","1":"custom/furniture/christmas/snow_globe_ani","2":"custom/cosmetics/christmas/snow_globe","4":"custom/cosmetics/christmas/snow_globe_handle","particle":"custom/furniture/christmas/snow_globe"},"elements":[{"from":[5.2,-1.3462043,3.2029767],"to":[10.8,-0.54620457,8.802977],"faces":{"north":{"uv":[0,7,7,8],"texture":"#0","tintindex":0},"east":{"uv":[0,7,7,8],"texture":"#0","tintindex":0},"south":{"uv":[0,7,7,8],"texture":"#0","tintindex":0},"west":{"uv":[0,7,7,8],"texture":"#0","tintindex":0},"up":{"uv":[0,8,7,15],"texture":"#0","tintindex":0},"down":{"uv":[7,8,14,15],"texture":"#0","tintindex":0}}},{"from":[5.6,-0.5062046,3.6029768],"to":[10.4,-0.5062046,8.402977],"faces":{"up":{"uv":[0.5,8.5,6.5,14.5],"rotation":180,"texture":"#2"}}},{"from":[5.6,-0.54620457,3.6029768],"to":[10.4,3.8537955,8.402977],"faces":{"north":{"uv":[0.5,1.5,6.5,7],"texture":"#0"},"east":{"uv":[0.5,1.5,6.5,7],"texture":"#0"},"south":{"uv":[0.5,1.5,6.5,7],"texture":"#0"},"west":{"uv":[0.5,1.5,6.5,7],"texture":"#0"},"up":{"uv":[6.5,1,12.5,7],"texture":"#0"}}},{"from":[6.0,1.4537954,6.4029765],"to":[7.6,2.6537957,8.002977],"rotation":{"angle":22.5,"axis":"y","origin":[6.8,1.4537954,7.2029767]},"faces":{"north":{"uv":[0,2,2,3.5],"texture":"#2"},"east":{"uv":[4,2,2,3.5],"texture":"#2"},"south":{"uv":[3.5,2,5.5,3.5],"texture":"#2"},"west":{"uv":[2,2,4,3.5],"texture":"#2"},"up":{"uv":[0,0,2,2],"rotation":180,"texture":"#2"}}},{"from":[4.8,-0.54620457,6.002977],"to":[11.2,3.8537955,6.002977],"rotation":{"angle":45,"axis":"y","origin":[8.0,1.6537957,6.002977]},"faces":{"north":{"uv":[0,0,16,11],"texture":"#1"},"south":{"uv":[0,0,16,11],"texture":"#1"}}},{"from":[8.0,-0.54620457,2.802977],"to":[8.0,3.8537955,9.202976],"rotation":{"angle":45,"axis":"y","origin":[8.0,1.6537957,6.002977]},"faces":{"east":{"uv":[0,0,16,11],"texture":"#1"},"west":{"uv":[0,0,16,11],"texture":"#1"}}},{"from":[6.0,-0.54620457,6.4029765],"to":[7.6,1.4537954,8.002977],"faces":{"north":{"uv":[0,3.5,2,6],"texture":"#2"},"east":{"uv":[2.5,3.5,4.5,6],"texture":"#2"},"south":{"uv":[2.5,3.5,4.5,6],"texture":"#2"},"west":{"uv":[2.5,3.5,4.5,6],"texture":"#2"},"up":{"uv":[4,2,4.5,2.5],"texture":"#2"}}},{"from":[8.4,0.6537957,4.402977],"to":[10.0,1.8537955,6.002977],"rotation":{"angle":-22.5,"axis":"y","origin":[9.2,1.2537956,5.2029767]},"faces":{"north":{"uv":[0,2,2,3.5],"texture":"#2"},"east":{"uv":[4,2,2,3.5],"texture":"#2"},"south":{"uv":[3.5,2,5.5,3.5],"texture":"#2"},"west":{"uv":[2,2,4,3.5],"texture":"#2"},"up":{"uv":[0,0,2,2],"rotation":180,"texture":"#2"}}},{"from":[8.4,-0.54620457,4.402977],"to":[10.0,0.6537957,6.002977],"faces":{"north":{"uv":[0,4.5,2,6],"texture":"#2"},"east":{"uv":[2.5,4.5,4.5,6],"texture":"#2"},"south":{"uv":[2.5,4.5,4.5,6],"texture":"#2"},"west":{"uv":[2.5,4.5,4.5,6],"texture":"#2"},"up":{"uv":[4,2,4.5,2.5],"texture":"#2"}}},{"from":[3.9999998,-0.74620485,4.602977],"to":[5.2,-0.74620485,6.6029773],"rotation":{"angle":-22.5,"axis":"x","origin":[4.6,-0.74620485,5.602977]},"faces":{"up":{"uv":[0,0,3,5],"rotation":180,"texture":"#4"},"down":{"uv":[3,0,0,5],"texture":"#4"}}}],"display":{"thirdperson_righthand":{"rotation":[108.0,-180,0],"translation":[-1.0,-9.65625,17.443748],"scale":[1.0,1.0,1.0]},"thirdperson_lefthand":{"rotation":[65,56,0],"translation":[0,2.25,1.25],"scale":[0.31,0.31,0.31]},"firstperson_righthand":{"rotation":[0,140,0],"translation":[10.25,0.5,-8.5]},"firstperson_lefthand":{"rotation":[0,140,0],"translation":[10.25,0.5,-8.5]},"ground":{"translation":[0,5.75,0],"scale":[0.39,0.39,0.39]},"gui":{"rotation":[30,135,0],"translation":[0,1.25,0],"scale":[0.76,0.76,0.76]},"head":{"rotation":[18,-180,0],"translation":[0,-80.0,12.25],"scale":[4.0,4.0,4.0]},"fixed":{"rotation":[90,0,0],"translation":[0,0,-16],"scale":[2.01,2.01,2.01]}}}