{"credit":"Made with Blockbench","texture_size":[64,64],"textures":{"0":"custom/cosmetics/halloween/spider_legs","particle":"custom/cosmetics/halloween/spider_legs"},"elements":[{"from":[5.99375,0.160941,8.353811],"to":[10.00625,4.173441,10.761312],"rotation":{"angle":22.5,"axis":"x","origin":[8.0,2.167191,9.557561]},"faces":{"north":{"uv":[4,6,4.25,6.25],"texture":"#0"},"east":{"uv":[2.5,3.25,4,5.75],"texture":"#0"},"south":{"uv":[0,3.25,2.5,5.75],"texture":"#0"},"west":{"uv":[4,3.25,2.5,5.75],"texture":"#0"},"up":{"uv":[4,3.25,6.5,4.75],"texture":"#0"},"down":{"uv":[4,4.75,6.5,6.25],"texture":"#0"}}},{"from":[5.99375,0.160941,8.353811],"to":[10.00625,4.173441,10.761312],"rotation":{"angle":22.5,"axis":"x","origin":[8.0,2.167191,9.557561]},"faces":{"east":{"uv":[9,3.25,10.5,5.75],"texture":"#0","tintindex":0},"south":{"uv":[6.5,3.25,9,5.75],"texture":"#0","tintindex":0},"west":{"uv":[10.5,3.25,9,5.75],"texture":"#0","tintindex":0},"down":{"uv":[10.5,4.75,13,6.25],"texture":"#0","tintindex":0}}},{"from":[5.9135,3.451191,9.156311],"to":[7.11725,11.877441,10.360062],"rotation":{"angle":22.5,"axis":"z","origin":[5.99375,3.451191,9.597687]},"faces":{"north":{"uv":[5.25,2.25,0,1.5],"rotation":270,"texture":"#0"},"east":{"uv":[0,2.25,5.25,1.5],"rotation":90,"texture":"#0"},"south":{"uv":[0,1.5,5.25,2.25],"rotation":90,"texture":"#0"},"west":{"uv":[0,2.25,5.25,1.5],"rotation":90,"texture":"#0"},"up":{"uv":[1.5,2.25,2.25,3],"rotation":90,"texture":"#0"},"down":{"uv":[0.75,2.25,1.5,3],"rotation":90,"texture":"#0"}}},{"from":[5.9135,3.451191,9.156311],"to":[7.11725,11.877441,10.360062],"rotation":{"angle":22.5,"axis":"z","origin":[5.99375,3.451191,9.597687]},"faces":{"north":{"uv":[10.5,2.25,5.25,1.5],"rotation":270,"texture":"#0","tintindex":0},"east":{"uv":[5.25,2.25,10.5,1.5],"rotation":90,"texture":"#0","tintindex":0},"south":{"uv":[5.25,1.5,10.5,2.25],"rotation":90,"texture":"#0","tintindex":0},"west":{"uv":[5.25,2.25,10.5,1.5],"rotation":90,"texture":"#0","tintindex":0}}},{"from":[-4.600607,10.797582,5.143811],"to":[1.8193936,11.600081,5.946311],"rotation":{"angle":-45,"axis":"y","origin":[-2.3435755,12.101644,9.557561]},"faces":{"north":{"uv":[4,1,0,0.5],"texture":"#0"},"east":{"uv":[3.75,0.75,4,1],"texture":"#0"},"south":{"uv":[0,0.5,4,1],"texture":"#0"},"west":{"uv":[0,0.5,0.25,0.75],"texture":"#0"},"up":{"uv":[0,1,4,0.5],"texture":"#0"},"down":{"uv":[0,1,4,0.5],"texture":"#0"}}},{"from":[-4.600607,10.797582,5.143811],"to":[1.8193936,11.600081,5.946311],"rotation":{"angle":-45,"axis":"y","origin":[-2.3435755,12.101644,9.557561]},"faces":{"north":{"uv":[9.25,1,5.25,0.5],"texture":"#0","tintindex":0},"east":{"uv":[9,0.75,9.25,1],"texture":"#0","tintindex":0},"south":{"uv":[5.25,0.5,9.25,1],"texture":"#0","tintindex":0},"up":{"uv":[5.25,1,9.25,0.5],"texture":"#0","tintindex":0},"down":{"uv":[5.25,1,9.25,0.5],"texture":"#0","tintindex":0}}},{"from":[-4.600607,11.600081,5.545061],"to":[1.8193936,12.402581,5.545061],"rotation":{"angle":-45,"axis":"y","origin":[-2.3435755,12.101644,9.557561]},"faces":{"north":{"uv":[4,0,0,0.5],"texture":"#0"},"south":{"uv":[0,0,4,0.5],"texture":"#0"}}},{"from":[-5.8043566,9.995082,5.545061],"to":[-4.600607,11.600081,5.545061],"rotation":{"angle":-45,"axis":"y","origin":[-2.3435755,12.101644,9.557561]},"faces":{"north":{"uv":[0.75,2.25,0,3.25],"texture":"#0"},"south":{"uv":[0,2.25,0.75,3.25],"texture":"#0"}}},{"from":[7.11725,3.451191,9.557561],"to":[7.91975,11.877441,9.557561],"rotation":{"angle":22.5,"axis":"z","origin":[5.99375,3.451191,9.597687]},"faces":{"north":{"uv":[5.25,1,0,1.5],"rotation":270,"texture":"#0"},"south":{"uv":[0,1,5.25,1.5],"rotation":90,"texture":"#0"}}},{"from":[-2.4325,0.9634408,8.353811],"to":[5.99375,2.167191,9.557561],"rotation":{"angle":22.5,"axis":"z","origin":[5.99375,4.253691,8.795186]},"faces":{"north":{"uv":[5.25,2.25,0,1.5],"texture":"#0"},"east":{"uv":[0.75,2.25,1.5,3],"texture":"#0"},"south":{"uv":[0,1.5,5.25,2.25],"texture":"#0"},"west":{"uv":[1.5,2.25,2.25,3],"texture":"#0"},"up":{"uv":[0,2.25,5.25,1.5],"texture":"#0"},"down":{"uv":[0,2.25,5.25,1.5],"texture":"#0"}}},{"from":[-2.4325,0.9634408,8.353811],"to":[5.99375,2.167191,9.557561],"rotation":{"angle":22.5,"axis":"z","origin":[5.99375,4.253691,8.795186]},"faces":{"north":{"uv":[10.5,2.25,5.25,1.5],"texture":"#0","tintindex":0},"south":{"uv":[5.25,1.5,10.5,2.25],"texture":"#0","tintindex":0},"up":{"uv":[5.25,2.25,10.5,1.5],"texture":"#0","tintindex":0},"down":{"uv":[5.25,2.25,10.5,1.5],"texture":"#0","tintindex":0}}},{"from":[-2.6593266,-1.8141881,3.8828268],"to":[-1.8568268,-1.0116879,10.302828],"rotation":{"angle":22.5,"axis":"y","origin":[-3.8630772,-1.3126255,6.1398582]},"faces":{"north":{"uv":[0,0.5,0.25,0.75],"texture":"#0"},"east":{"uv":[4,1,0,0.5],"texture":"#0"},"south":{"uv":[3.75,0.75,4,1],"texture":"#0"},"west":{"uv":[0,0.5,4,1],"texture":"#0"},"up":{"uv":[0,1,4,0.5],"rotation":90,"texture":"#0"},"down":{"uv":[0,1,4,0.5],"rotation":270,"texture":"#0"}}},{"from":[-2.6593266,-1.8141881,3.8828268],"to":[-1.8568268,-1.0116879,10.302828],"rotation":{"angle":22.5,"axis":"y","origin":[-3.8630772,-1.3126255,6.1398582]},"faces":{"east":{"uv":[9.25,1,5.25,0.5],"texture":"#0","tintindex":0},"south":{"uv":[9,0.75,9.25,1],"texture":"#0","tintindex":0},"west":{"uv":[5.25,0.5,9.25,1],"texture":"#0","tintindex":0},"up":{"uv":[5.25,1,9.25,0.5],"rotation":90,"texture":"#0","tintindex":0},"down":{"uv":[5.25,1,9.25,0.5],"rotation":270,"texture":"#0","tintindex":0}}},{"from":[-2.2580767,-1.0116879,3.8828268],"to":[-2.2580767,-0.2091881,10.302828],"rotation":{"angle":22.5,"axis":"y","origin":[-3.8630772,-1.3126255,6.1398582]},"faces":{"east":{"uv":[4,0,0,0.5],"texture":"#0"},"west":{"uv":[0,0,4,0.5],"texture":"#0"}}},{"from":[-2.2580767,-2.6166878,2.6790767],"to":[-2.2580767,-1.0116879,3.8828268],"rotation":{"angle":22.5,"axis":"y","origin":[-3.8630772,-1.3126255,6.1398582]},"faces":{"east":{"uv":[0.75,2.25,0,3.25],"texture":"#0"},"west":{"uv":[0,2.25,0.75,3.25],"texture":"#0"}}},{"from":[-2.4325,2.167191,8.755061],"to":[5.99375,2.9696913,8.755061],"rotation":{"angle":22.5,"axis":"z","origin":[5.99375,4.253691,8.795186]},"faces":{"north":{"uv":[5.25,1,0,1.5],"texture":"#0"},"south":{"uv":[0,1,5.25,1.5],"texture":"#0"}}},{"from":[-1.6300001,1.765941,9.156311],"to":[6.79625,2.9696913,10.360062],"rotation":{"angle":-22.5,"axis":"z","origin":[6.79625,3.451191,9.597687]},"faces":{"north":{"uv":[5.25,2.25,0,1.5],"texture":"#0"},"east":{"uv":[0.75,2.25,1.5,3],"texture":"#0"},"south":{"uv":[0,1.5,5.25,2.25],"texture":"#0"},"west":{"uv":[1.5,2.25,2.25,3],"texture":"#0"},"up":{"uv":[0,2.25,5.25,1.5],"texture":"#0"},"down":{"uv":[0,2.25,5.25,1.5],"texture":"#0"}}},{"from":[-1.6300001,1.765941,9.156311],"to":[6.79625,2.9696913,10.360062],"rotation":{"angle":-22.5,"axis":"z","origin":[6.79625,3.451191,9.597687]},"faces":{"north":{"uv":[10.5,2.25,5.25,1.5],"texture":"#0","tintindex":0},"south":{"uv":[5.25,1.5,10.5,2.25],"texture":"#0","tintindex":0},"up":{"uv":[5.25,2.25,10.5,1.5],"texture":"#0","tintindex":0},"down":{"uv":[5.25,2.25,10.5,1.5],"texture":"#0","tintindex":0}}},{"from":[-3.2438278,5.176566,4.736205],"to":[-2.441327,5.9790664,11.156205],"rotation":{"angle":22.5,"axis":"y","origin":[-4.4475775,5.6781287,6.993237]},"faces":{"north":{"uv":[0,0.5,0.25,0.75],"texture":"#0"},"east":{"uv":[4,1,0,0.5],"texture":"#0"},"south":{"uv":[3.75,0.75,4,1],"texture":"#0"},"west":{"uv":[0,0.5,4,1],"texture":"#0"},"up":{"uv":[0,1,4,0.5],"rotation":90,"texture":"#0"},"down":{"uv":[0,1,4,0.5],"rotation":270,"texture":"#0"}}},{"from":[-3.2438278,5.176566,4.736205],"to":[-2.441327,5.9790664,11.156205],"rotation":{"angle":22.5,"axis":"y","origin":[-4.4475775,5.6781287,6.993237]},"faces":{"east":{"uv":[9.25,1,5.25,0.5],"texture":"#0","tintindex":0},"south":{"uv":[9,0.75,9.25,1],"texture":"#0","tintindex":0},"west":{"uv":[5.25,0.5,9.25,1],"texture":"#0","tintindex":0},"up":{"uv":[5.25,1,9.25,0.5],"rotation":90,"texture":"#0","tintindex":0},"down":{"uv":[5.25,1,9.25,0.5],"rotation":270,"texture":"#0","tintindex":0}}},{"from":[-2.842577,5.9790664,4.736205],"to":[-2.842577,6.7815666,11.156205],"rotation":{"angle":22.5,"axis":"y","origin":[-4.4475775,5.6781287,6.993237]},"faces":{"east":{"uv":[4,0,0,0.5],"texture":"#0"},"west":{"uv":[0,0,4,0.5],"texture":"#0"}}},{"from":[-2.842577,4.3740664,3.532455],"to":[-2.842577,5.9790664,4.736205],"rotation":{"angle":22.5,"axis":"y","origin":[-4.4475775,5.6781287,6.993237]},"faces":{"east":{"uv":[0.75,2.25,0,3.25],"texture":"#0"},"west":{"uv":[0,2.25,0.75,3.25],"texture":"#0"}}},{"from":[-1.6300001,2.9696913,9.557561],"to":[6.79625,3.772191,9.557561],"rotation":{"angle":-22.5,"axis":"z","origin":[6.79625,3.451191,9.597687]},"faces":{"north":{"uv":[5.25,1,0,1.5],"texture":"#0"},"south":{"uv":[0,1,5.25,1.5],"texture":"#0"}}},{"from":[-1.6300001,0.160941,8.353811],"to":[6.79625,1.3646911,9.557561],"rotation":{"angle":45,"axis":"z","origin":[6.79625,1.043691,8.795186]},"faces":{"north":{"uv":[5.25,2.25,0,1.5],"texture":"#0"},"east":{"uv":[0.75,2.25,1.5,3],"texture":"#0"},"south":{"uv":[0,1.5,5.25,2.25],"texture":"#0"},"west":{"uv":[1.5,2.25,2.25,3],"texture":"#0"},"up":{"uv":[0,2.25,5.25,1.5],"texture":"#0"},"down":{"uv":[0,2.25,5.25,1.5],"texture":"#0"}}},{"from":[-1.6300001,0.160941,8.353811],"to":[6.79625,1.3646911,9.557561],"rotation":{"angle":45,"axis":"z","origin":[6.79625,1.043691,8.795186]},"faces":{"north":{"uv":[10.5,2.25,5.25,1.5],"texture":"#0","tintindex":0},"south":{"uv":[5.25,1.5,10.5,2.25],"texture":"#0","tintindex":0},"up":{"uv":[5.25,2.25,10.5,1.5],"texture":"#0","tintindex":0},"down":{"uv":[5.25,2.25,10.5,1.5],"texture":"#0","tintindex":0}}},{"from":[-5.2383127,-5.3661737,9.156311],"to":[1.1816874,-4.563673,9.958811],"rotation":{"angle":-45,"axis":"y","origin":[1.8337183,-7.272112,8.755061]},"faces":{"north":{"uv":[4,1,0,0.5],"texture":"#0"},"east":{"uv":[3.75,0.75,4,1],"texture":"#0"},"south":{"uv":[0,0.5,4,1],"texture":"#0"},"west":{"uv":[0,0.5,0.25,0.75],"texture":"#0"},"up":{"uv":[0,1,4,0.5],"texture":"#0"},"down":{"uv":[0,1,4,0.5],"texture":"#0"}}},{"from":[-5.2383127,-5.3661737,9.156311],"to":[1.1816874,-4.563673,9.958811],"rotation":{"angle":-45,"axis":"y","origin":[1.8337183,-7.272112,8.755061]},"faces":{"north":{"uv":[9.25,1,5.25,0.5],"texture":"#0","tintindex":0},"east":{"uv":[9,0.75,9.25,1],"texture":"#0","tintindex":0},"south":{"uv":[5.25,0.5,9.25,1],"texture":"#0","tintindex":0},"up":{"uv":[5.25,1,9.25,0.5],"texture":"#0","tintindex":0},"down":{"uv":[5.25,1,9.25,0.5],"texture":"#0","tintindex":0}}},{"from":[-5.2383127,-4.563673,9.557561],"to":[1.1816874,-3.7611732,9.557561],"rotation":{"angle":-45,"axis":"y","origin":[1.8337183,-7.272112,8.755061]},"faces":{"north":{"uv":[4,0,0,0.5],"texture":"#0"},"south":{"uv":[0,0,4,0.5],"texture":"#0"}}},{"from":[-6.4420633,-6.1686735,9.557561],"to":[-5.2383127,-4.563673,9.557561],"rotation":{"angle":-45,"axis":"y","origin":[1.8337183,-7.272112,8.755061]},"faces":{"north":{"uv":[0.75,2.25,0,3.25],"texture":"#0"},"south":{"uv":[0,2.25,0.75,3.25],"texture":"#0"}}},{"from":[-1.6300001,1.3646911,8.755061],"to":[6.79625,2.167191,8.755061],"rotation":{"angle":45,"axis":"z","origin":[6.79625,1.043691,8.795186]},"faces":{"north":{"uv":[5.25,1,0,1.5],"texture":"#0"},"south":{"uv":[0,1,5.25,1.5],"texture":"#0"}}},{"from":[8.8827505,3.451191,9.156311],"to":[10.0865,11.877441,10.360062],"rotation":{"angle":-22.5,"axis":"z","origin":[10.00625,3.451191,9.597687]},"faces":{"north":{"uv":[5.25,1.5,0,2.25],"rotation":270,"texture":"#0"},"east":{"uv":[0,1.5,5.25,2.25],"rotation":90,"texture":"#0"},"south":{"uv":[0,2.25,5.25,1.5],"rotation":90,"texture":"#0"},"west":{"uv":[0,1.5,5.25,2.25],"rotation":90,"texture":"#0"},"up":{"uv":[1.5,3,2.25,2.25],"rotation":90,"texture":"#0"},"down":{"uv":[0.75,3,1.5,2.25],"rotation":90,"texture":"#0"}}},{"from":[8.8827505,3.451191,9.156311],"to":[10.0865,11.877441,10.360062],"rotation":{"angle":-22.5,"axis":"z","origin":[10.00625,3.451191,9.597687]},"faces":{"north":{"uv":[10.5,1.5,5.25,2.25],"rotation":270,"texture":"#0","tintindex":0},"east":{"uv":[5.25,1.5,10.5,2.25],"rotation":90,"texture":"#0","tintindex":0},"south":{"uv":[5.25,2.25,10.5,1.5],"rotation":90,"texture":"#0","tintindex":0},"west":{"uv":[5.25,1.5,10.5,2.25],"rotation":90,"texture":"#0","tintindex":0}}},{"from":[14.180606,10.797582,5.143811],"to":[20.600607,11.600081,5.946311],"rotation":{"angle":45,"axis":"y","origin":[18.343575,12.101644,9.557561]},"faces":{"north":{"uv":[0,1,4,0.5],"texture":"#0"},"east":{"uv":[0.25,0.5,0,0.75],"texture":"#0"},"south":{"uv":[4,0.5,0,1],"texture":"#0"},"west":{"uv":[4,0.75,3.75,1],"texture":"#0"},"up":{"uv":[4,1,0,0.5],"texture":"#0"},"down":{"uv":[4,1,0,0.5],"texture":"#0"}}},{"from":[14.180606,10.797582,5.143811],"to":[20.600607,11.600081,5.946311],"rotation":{"angle":45,"axis":"y","origin":[18.343575,12.101644,9.557561]},"faces":{"north":{"uv":[5.25,1,9.25,0.5],"texture":"#0","tintindex":0},"south":{"uv":[9.25,0.5,5.25,1],"texture":"#0","tintindex":0},"west":{"uv":[9.25,0.75,9,1],"texture":"#0","tintindex":0},"up":{"uv":[9.25,1,5.25,0.5],"texture":"#0","tintindex":0},"down":{"uv":[9.25,1,5.25,0.5],"texture":"#0","tintindex":0}}},{"from":[14.180606,11.600081,5.545061],"to":[20.600607,12.402581,5.545061],"rotation":{"angle":45,"axis":"y","origin":[18.343575,12.101644,9.557561]},"faces":{"north":{"uv":[0,0,4,0.5],"texture":"#0"},"south":{"uv":[4,0,0,0.5],"texture":"#0"}}},{"from":[20.600607,9.995082,5.545061],"to":[21.804356,11.600081,5.545061],"rotation":{"angle":45,"axis":"y","origin":[18.343575,12.101644,9.557561]},"faces":{"north":{"uv":[0,2.25,0.75,3.25],"texture":"#0"},"south":{"uv":[0.75,2.25,0,3.25],"texture":"#0"}}},{"from":[8.080251,3.451191,9.557561],"to":[8.8827505,11.877441,9.557561],"rotation":{"angle":-22.5,"axis":"z","origin":[10.00625,3.451191,9.597687]},"faces":{"north":{"uv":[5.25,1.5,0,1],"rotation":270,"texture":"#0"},"south":{"uv":[0,1.5,5.25,1],"rotation":90,"texture":"#0"}}},{"from":[10.00625,0.9634408,8.353811],"to":[18.432499,2.167191,9.557561],"rotation":{"angle":-22.5,"axis":"z","origin":[10.00625,4.253691,8.795186]},"faces":{"north":{"uv":[0,2.25,5.25,1.5],"texture":"#0"},"east":{"uv":[2.25,2.25,1.5,3],"texture":"#0"},"south":{"uv":[5.25,1.5,0,2.25],"texture":"#0"},"west":{"uv":[1.5,2.25,0.75,3],"texture":"#0"},"up":{"uv":[5.25,2.25,0,1.5],"texture":"#0"},"down":{"uv":[5.25,2.25,0,1.5],"texture":"#0"}}},{"from":[10.00625,0.9634408,8.353811],"to":[18.432499,2.167191,9.557561],"rotation":{"angle":-22.5,"axis":"z","origin":[10.00625,4.253691,8.795186]},"faces":{"north":{"uv":[5.25,2.25,10.5,1.5],"texture":"#0","tintindex":0},"south":{"uv":[10.5,1.5,5.25,2.25],"texture":"#0","tintindex":0},"up":{"uv":[10.5,2.25,5.25,1.5],"texture":"#0","tintindex":0},"down":{"uv":[10.5,2.25,5.25,1.5],"texture":"#0","tintindex":0}}},{"from":[17.856827,-1.8141881,3.8828268],"to":[18.659327,-1.0116879,10.302828],"rotation":{"angle":-22.5,"axis":"y","origin":[19.863077,-1.3126255,6.1398582]},"faces":{"north":{"uv":[0.25,0.5,0,0.75],"texture":"#0"},"east":{"uv":[4,0.5,0,1],"texture":"#0"},"south":{"uv":[4,0.75,3.75,1],"texture":"#0"},"west":{"uv":[0,1,4,0.5],"texture":"#0"},"up":{"uv":[0,0.5,4,1],"rotation":90,"texture":"#0"},"down":{"uv":[0,0.5,4,1],"rotation":270,"texture":"#0"}}},{"from":[17.856827,-1.8141881,3.8828268],"to":[18.659327,-1.0116879,10.302828],"rotation":{"angle":-22.5,"axis":"y","origin":[19.863077,-1.3126255,6.1398582]},"faces":{"east":{"uv":[9.25,0.5,5.25,1],"texture":"#0","tintindex":0},"south":{"uv":[9.25,0.75,9,1],"texture":"#0","tintindex":0},"west":{"uv":[5.25,1,9.25,0.5],"texture":"#0","tintindex":0},"up":{"uv":[5.25,0.5,9.25,1],"rotation":90,"texture":"#0","tintindex":0},"down":{"uv":[5.25,0.5,9.25,1],"rotation":270,"texture":"#0","tintindex":0}}},{"from":[18.258076,-1.0116879,3.8828268],"to":[18.258076,-0.2091881,10.302828],"rotation":{"angle":-22.5,"axis":"y","origin":[19.863077,-1.3126255,6.1398582]},"faces":{"east":{"uv":[4,0,0,0.5],"texture":"#0"},"west":{"uv":[0,0,4,0.5],"texture":"#0"}}},{"from":[18.258076,-2.6166878,2.6790767],"to":[18.258076,-1.0116879,3.8828268],"rotation":{"angle":-22.5,"axis":"y","origin":[19.863077,-1.3126255,6.1398582]},"faces":{"east":{"uv":[0.75,2.25,0,3.25],"texture":"#0"},"west":{"uv":[0,2.25,0.75,3.25],"texture":"#0"}}},{"from":[10.00625,2.167191,8.755061],"to":[18.432499,2.9696913,8.755061],"rotation":{"angle":-22.5,"axis":"z","origin":[10.00625,4.253691,8.795186]},"faces":{"north":{"uv":[0,1,5.25,1.5],"texture":"#0"},"south":{"uv":[5.25,1,0,1.5],"texture":"#0"}}},{"from":[9.20375,1.765941,9.156311],"to":[17.630001,2.9696913,10.360062],"rotation":{"angle":22.5,"axis":"z","origin":[9.20375,3.451191,9.597687]},"faces":{"north":{"uv":[0,2.25,5.25,1.5],"texture":"#0"},"east":{"uv":[2.25,2.25,1.5,3],"texture":"#0"},"south":{"uv":[5.25,1.5,0,2.25],"texture":"#0"},"west":{"uv":[1.5,2.25,0.75,3],"texture":"#0"},"up":{"uv":[5.25,2.25,0,1.5],"texture":"#0"},"down":{"uv":[5.25,2.25,0,1.5],"texture":"#0"}}},{"from":[9.20375,1.765941,9.156311],"to":[17.630001,2.9696913,10.360062],"rotation":{"angle":22.5,"axis":"z","origin":[9.20375,3.451191,9.597687]},"faces":{"north":{"uv":[5.25,2.25,10.5,1.5],"texture":"#0","tintindex":0},"south":{"uv":[10.5,1.5,5.25,2.25],"texture":"#0","tintindex":0},"up":{"uv":[10.5,2.25,5.25,1.5],"texture":"#0","tintindex":0},"down":{"uv":[10.5,2.25,5.25,1.5],"texture":"#0","tintindex":0}}},{"from":[18.441326,5.176566,4.736205],"to":[19.243828,5.9790664,11.156205],"rotation":{"angle":-22.5,"axis":"y","origin":[20.447578,5.6781287,6.993237]},"faces":{"north":{"uv":[0.25,0.5,0,0.75],"texture":"#0"},"east":{"uv":[4,0.5,0,1],"texture":"#0"},"south":{"uv":[4,0.75,3.75,1],"texture":"#0"},"west":{"uv":[0,1,4,0.5],"texture":"#0"},"up":{"uv":[4,1,0,0.5],"rotation":270,"texture":"#0"},"down":{"uv":[4,1,0,0.5],"rotation":90,"texture":"#0"}}},{"from":[18.441326,5.176566,4.736205],"to":[19.243828,5.9790664,11.156205],"rotation":{"angle":-22.5,"axis":"y","origin":[20.447578,5.6781287,6.993237]},"faces":{"east":{"uv":[9.25,0.5,5.25,1],"texture":"#0","tintindex":0},"south":{"uv":[9.25,0.75,9,1],"texture":"#0","tintindex":0},"west":{"uv":[5.25,1,9.25,0.5],"texture":"#0","tintindex":0},"up":{"uv":[9.25,1,5.25,0.5],"rotation":270,"texture":"#0","tintindex":0},"down":{"uv":[9.25,1,5.25,0.5],"rotation":90,"texture":"#0","tintindex":0}}},{"from":[18.842577,5.9790664,4.736205],"to":[18.842577,6.7815666,11.156205],"rotation":{"angle":-22.5,"axis":"y","origin":[20.447578,5.6781287,6.993237]},"faces":{"east":{"uv":[4,0,0,0.5],"texture":"#0"},"west":{"uv":[0,0,4,0.5],"texture":"#0"}}},{"from":[18.842577,4.3740664,3.532455],"to":[18.842577,5.9790664,4.736205],"rotation":{"angle":-22.5,"axis":"y","origin":[20.447578,5.6781287,6.993237]},"faces":{"east":{"uv":[0.75,2.25,0,3.25],"texture":"#0"},"west":{"uv":[0,2.25,0.75,3.25],"texture":"#0"}}},{"from":[9.20375,2.9696913,9.557561],"to":[17.630001,3.772191,9.557561],"rotation":{"angle":22.5,"axis":"z","origin":[9.20375,3.451191,9.597687]},"faces":{"north":{"uv":[0,1,5.25,1.5],"texture":"#0"},"south":{"uv":[5.25,1,0,1.5],"texture":"#0"}}},{"from":[9.20375,0.160941,8.353811],"to":[17.630001,1.3646911,9.557561],"rotation":{"angle":-45,"axis":"z","origin":[9.20375,1.043691,8.795186]},"faces":{"north":{"uv":[0,2.25,5.25,1.5],"texture":"#0"},"east":{"uv":[2.25,2.25,1.5,3],"texture":"#0"},"south":{"uv":[5.25,1.5,0,2.25],"texture":"#0"},"west":{"uv":[1.5,2.25,0.75,3],"texture":"#0"},"up":{"uv":[5.25,2.25,0,1.5],"texture":"#0"},"down":{"uv":[5.25,2.25,0,1.5],"texture":"#0"}}},{"from":[9.20375,0.160941,8.353811],"to":[17.630001,1.3646911,9.557561],"rotation":{"angle":-45,"axis":"z","origin":[9.20375,1.043691,8.795186]},"faces":{"north":{"uv":[5.25,2.25,10.5,1.5],"texture":"#0","tintindex":0},"south":{"uv":[10.5,1.5,5.25,2.25],"texture":"#0","tintindex":0},"up":{"uv":[10.5,2.25,5.25,1.5],"texture":"#0","tintindex":0},"down":{"uv":[10.5,2.25,5.25,1.5],"texture":"#0","tintindex":0}}},{"from":[14.818313,-5.3661737,9.156311],"to":[21.238312,-4.563673,9.958811],"rotation":{"angle":45,"axis":"y","origin":[14.166282,-7.272112,8.755061]},"faces":{"north":{"uv":[0,1,4,0.5],"texture":"#0"},"east":{"uv":[0.25,0.5,0,0.75],"texture":"#0"},"south":{"uv":[4,0.5,0,1],"texture":"#0"},"west":{"uv":[4,0.75,3.75,1],"texture":"#0"},"up":{"uv":[4,1,0,0.5],"texture":"#0"},"down":{"uv":[4,1,0,0.5],"texture":"#0"}}},{"from":[14.818313,-5.3661737,9.156311],"to":[21.238312,-4.563673,9.958811],"rotation":{"angle":45,"axis":"y","origin":[14.166282,-7.272112,8.755061]},"faces":{"north":{"uv":[5.25,1,9.25,0.5],"texture":"#0","tintindex":0},"south":{"uv":[9.25,0.5,5.25,1],"texture":"#0","tintindex":0},"west":{"uv":[9.25,0.75,9,1],"texture":"#0","tintindex":0},"up":{"uv":[9.25,1,5.25,0.5],"texture":"#0","tintindex":0},"down":{"uv":[9.25,1,5.25,0.5],"texture":"#0","tintindex":0}}},{"from":[14.818313,-4.563673,9.557561],"to":[21.238312,-3.7611732,9.557561],"rotation":{"angle":45,"axis":"y","origin":[14.166282,-7.272112,8.755061]},"faces":{"north":{"uv":[0,0,4,0.5],"texture":"#0"},"south":{"uv":[4,0,0,0.5],"texture":"#0"}}},{"from":[21.238312,-6.1686735,9.557561],"to":[22.442062,-4.563673,9.557561],"rotation":{"angle":45,"axis":"y","origin":[14.166282,-7.272112,8.755061]},"faces":{"north":{"uv":[0,2.25,0.75,3.25],"texture":"#0"},"south":{"uv":[0.75,2.25,0,3.25],"texture":"#0"}}},{"from":[9.20375,1.3646911,8.755061],"to":[17.630001,2.167191,8.755061],"rotation":{"angle":-45,"axis":"z","origin":[9.20375,1.043691,8.795186]},"faces":{"north":{"uv":[0,1,5.25,1.5],"texture":"#0"},"south":{"uv":[5.25,1,0,1.5],"texture":"#0"}}},{"from":[6.996875,4.173441,9.958811],"to":[9.003125,5.377191,11.162561],"faces":{"north":{"uv":[4,6,4.25,6.25],"texture":"#0"},"east":{"uv":[1.25,6.25,2,7],"texture":"#0"},"south":{"uv":[0,6.25,1.25,7],"texture":"#0"},"west":{"uv":[2,6.25,1.25,7],"texture":"#0"},"up":{"uv":[1.25,7,2.5,7.75],"rotation":180,"texture":"#0"},"down":{"uv":[0,7,1.25,7.75],"texture":"#0"}}},{"from":[6.996875,4.173441,9.958811],"to":[9.003125,5.377191,11.162561],"faces":{"east":{"uv":[7.75,6.25,8.5,7],"texture":"#0","tintindex":0},"south":{"uv":[6.5,6.25,7.75,7],"texture":"#0","tintindex":0},"west":{"uv":[8.5,6.25,7.75,7],"texture":"#0","tintindex":0},"up":{"uv":[7.75,7,9,7.75],"rotation":180,"texture":"#0","tintindex":0},"down":{"uv":[6.5,7,7.75,7.75],"texture":"#0","tintindex":0}}},{"from":[6.996875,5.377191,10.761312],"to":[9.003125,6.1796913,10.761312],"faces":{"north":{"uv":[0,5.75,1.25,6.25],"texture":"#0"},"south":{"uv":[0,5.75,1.25,6.25],"texture":"#0"}}}],"display":{"ground":{"translation":[0,10.5,0],"scale":[0.46,0.46,0.46]},"gui":{"translation":[0,2.25,0],"scale":[0.5,0.5,0.5]},"head":{"rotation":[14,0,0],"translation":[0,-80.0,5.75],"scale":[4.0,4.0,4.0]},"thirdperson_righthand":{"rotation":[104.0,0,0],"translation":[-1.0,-5.59375,29.943748],"scale":[2.00625,2.00625,2.00625]}},"groups":[0,1,{"name":"group","origin":[8,2.5,9.5],"color":0,"children":[{"name":"group","origin":[5.25,3.75,9.75],"color":0,"children":[2,3,{"name":"group","origin":[-9,3.75,9.5],"color":0,"children":[4,5,6,7]},8]},{"name":"group","origin":[5.25,3.75,9.75],"color":0,"children":[9,10,{"name":"group","origin":[-9,3.75,9.5],"color":0,"children":[11,12,13,14]},15]},{"name":"group","origin":[5.25,3.75,9.75],"color":0,"children":[16,17,{"name":"group","origin":[-9,3.75,9.5],"color":0,"children":[18,19,20,21]},22]},{"name":"group","origin":[5.25,3.75,9.75],"color":0,"children":[23,24,{"name":"group","origin":[-9,3.75,9.5],"color":0,"children":[25,26,27,28]},29]}]},{"name":"group","origin":[8,2.5,9.5],"color":0,"children":[{"name":"group","origin":[5.25,3.75,9.75],"color":0,"children":[30,31,{"name":"group","origin":[-9,3.75,9.5],"color":0,"children":[32,33,34,35]},36]},{"name":"group","origin":[5.25,3.75,9.75],"color":0,"children":[37,38,{"name":"group","origin":[-9,3.75,9.5],"color":0,"children":[39,40,41,42]},43]},{"name":"group","origin":[5.25,3.75,9.75],"color":0,"children":[44,45,{"name":"group","origin":[-9,3.75,9.5],"color":0,"children":[46,47,48,49]},50]},{"name":"group","origin":[5.25,3.75,9.75],"color":0,"children":[51,52,{"name":"group","origin":[-9,3.75,9.5],"color":0,"children":[53,54,55,56]},57]}]},58,59,60]}