{"credit":"Made with Blockbench","texture_size":[64,64],"textures":{"0":"custom/cosmetics/badger/traveller_pack","particle":"custom/cosmetics/badger/traveller_pack"},"elements":[{"from":[5.0249996,-2.2737455,6.4763746],"to":[10.975,3.6762547,11.151375],"faces":{"north":{"uv":[0,0,3.5,3.5],"texture":"#0"},"east":{"uv":[3.75,0,6.5,3.5],"texture":"#0"},"south":{"uv":[0,0,3.5,3.5],"texture":"#0"},"west":{"uv":[3.75,0,6.5,3.5],"texture":"#0"},"up":{"uv":[0,3.75,2.75,7.25],"rotation":90,"texture":"#0"},"down":{"uv":[3,3.75,5.75,7.25],"rotation":90,"texture":"#0"}}},{"name":"cube inverted","from":[11.50625,6.757505,11.682625],"to":[4.4937496,3.570005,8.495125],"rotation":{"angle":22.5,"axis":"x","origin":[8.0,5.163755,8.813874]},"faces":{"north":{"uv":[6.5,8.75,10.5,7],"texture":"#0"},"south":{"uv":[6.5,8.75,10.5,7],"texture":"#0"},"up":{"uv":[10.5,8.75,6.5,10.5],"texture":"#0"},"down":{"uv":[10.5,5.25,6.5,7],"texture":"#0"}}},{"from":[4.6,3.6762547,8.601375],"to":[11.4,6.651254,11.576375],"rotation":{"angle":22.5,"axis":"x","origin":[8.0,5.163755,8.813874]},"faces":{"north":{"uv":[6.5,1.75,10.5,3.5],"texture":"#0","tintindex":0},"east":{"uv":[10.5,0,12.25,1.75],"texture":"#0","tintindex":0},"south":{"uv":[6.5,1.75,10.5,3.5],"texture":"#0","tintindex":0},"west":{"uv":[12.25,0,10.5,1.75],"texture":"#0","tintindex":0},"up":{"uv":[6.5,0,10.5,1.75],"texture":"#0","tintindex":0},"down":{"uv":[6.5,3.5,10.5,5.25],"texture":"#0","tintindex":0}}},{"from":[4.4937496,3.570005,8.495125],"to":[11.50625,6.757505,11.682625],"rotation":{"angle":22.5,"axis":"x","origin":[8.0,5.163755,8.813874]},"faces":{"north":{"uv":[6.5,7,10.5,8.75],"texture":"#0"},"south":{"uv":[6.5,7,10.5,8.75],"texture":"#0"},"up":{"uv":[6.5,5.25,10.5,7],"texture":"#0"},"down":{"uv":[6.5,8.75,10.5,10.5],"texture":"#0"}}},{"from":[10.975,-0.99874544,7.5388746],"to":[11.825,1.5512547,10.088875],"faces":{"north":{"uv":[5.5,8.75,5,10.25],"texture":"#0"},"east":{"uv":[5,7.25,6.5,8.75],"texture":"#0"},"south":{"uv":[5,8.75,5.5,10.25],"texture":"#0"},"up":{"uv":[5.5,8.75,6,10.25],"texture":"#0"},"down":{"uv":[6,8.75,6.5,10.25],"texture":"#0"}}},{"from":[4.175,-0.99874544,7.5388746],"to":[5.0249996,1.5512547,10.088875],"rotation":{"angle":0,"axis":"y","origin":[11.4,-2.2737455,5.2013745]},"faces":{"north":{"uv":[5,8.75,5.5,10.25],"texture":"#0"},"south":{"uv":[5.5,8.75,5,10.25],"texture":"#0"},"west":{"uv":[6.5,7.25,5,8.75],"texture":"#0"},"up":{"uv":[6,8.75,5.5,10.25],"texture":"#0"},"down":{"uv":[6.5,8.75,6,10.25],"texture":"#0"}}},{"from":[5.875,-1.8487458,4.3513746],"to":[10.125,3.2512546,6.4763746],"faces":{"north":{"uv":[0,8.5,2.5,11.5],"texture":"#0"},"east":{"uv":[3.75,8.5,2.5,11.5],"texture":"#0"},"west":{"uv":[2.5,8.5,3.75,11.5],"texture":"#0"},"up":{"uv":[0,7.25,2.5,8.5],"texture":"#0"},"down":{"uv":[2.5,7.25,5,8.5],"texture":"#0"}}},{"name":"cube inverted","from":[10.125,3.2512546,6.4763746],"to":[5.875,-1.8487458,4.3513746],"faces":{"east":{"uv":[2.5,11.5,3.75,8.5],"texture":"#0"},"south":{"uv":[0,11.5,2.5,8.5],"texture":"#0"},"west":{"uv":[3.75,11.5,2.5,8.5],"texture":"#0"},"up":{"uv":[5,7.25,2.5,8.5],"texture":"#0"},"down":{"uv":[2.5,7.25,0,8.5],"texture":"#0"}}},{"from":[5.45,-4.8237457,10.726375],"to":[10.55,-1.8487458,10.726375],"faces":{"north":{"uv":[0,11.5,3,13.25],"texture":"#0"},"south":{"uv":[0,11.5,3,13.25],"texture":"#0"}}},{"from":[6.725,-1.8487458,11.151375],"to":[9.275,1.1262546,12.426374],"faces":{"east":{"uv":[6.5,11,7.25,12.75],"texture":"#0"},"south":{"uv":[5,11,6.5,12.75],"texture":"#0"},"west":{"uv":[7.25,11,6.5,12.75],"texture":"#0"},"up":{"uv":[5,10.25,6.5,11],"texture":"#0"},"down":{"uv":[5,12.75,6.5,13.5],"texture":"#0"}}},{"from":[6.725,-1.8487458,11.151375],"to":[9.275,1.1262546,12.426374],"faces":{"east":{"uv":[8.75,11,9.5,12.75],"texture":"#0","tintindex":0},"south":{"uv":[7.25,11,8.75,12.75],"texture":"#0","tintindex":0},"west":{"uv":[9.5,11,8.75,12.75],"texture":"#0","tintindex":0}}},{"from":[5.0249996,-1.4237456,11.151375],"to":[6.725,0.70125437,12.851375],"rotation":{"angle":-45,"axis":"y","origin":[5.875,0.38250446,11.788875]},"faces":{"north":{"uv":[10.5,2.25,11.5,3.5],"texture":"#0"},"east":{"uv":[10.5,2.25,11.5,3.5],"texture":"#0"},"south":{"uv":[10.5,2.25,11.5,3.5],"texture":"#0"},"west":{"uv":[10.5,2.25,11.5,3.5],"texture":"#0"},"up":{"uv":[10.5,3.5,11.5,4.5],"texture":"#0"},"down":{"uv":[10.5,4.5,11.5,5.5],"texture":"#0"}}},{"from":[5.45,0.70125437,11.151375],"to":[6.3,1.5512547,12.001374],"rotation":{"angle":-45,"axis":"y","origin":[5.875,0.38250446,11.788875]},"faces":{"north":{"uv":[10.75,1.75,11.25,2.25],"texture":"#0"},"east":{"uv":[10.75,1.75,11.25,2.25],"texture":"#0"},"south":{"uv":[10.75,1.75,11.25,2.25],"texture":"#0"},"west":{"uv":[10.75,1.75,11.25,2.25],"texture":"#0"},"up":{"uv":[10.75,1.75,11.25,2],"texture":"#0"}}}],"display":{"thirdperson_righthand":{"rotation":[95.0,0,0],"translation":[-1.0,-9.1875,16.349998],"scale":[1.0625,1.0625,1.0625]},"thirdperson_lefthand":{"rotation":[72,-152,0],"translation":[-2.75,5.5,0.25],"scale":[0.5,0.5,0.5]},"firstperson_righthand":{"rotation":[0,25,0],"translation":[13.25,5.75,-5]},"firstperson_lefthand":{"rotation":[0,25,0],"translation":[13.25,5.75,-5]},"ground":{"translation":[0,6,1.25],"scale":[0.2,0.2,0.2]},"gui":{"rotation":[30,45,0],"translation":[0,0.5,0],"scale":[0.5,0.5,0.5]},"head":{"rotation":[5,0,0],"translation":[0,-80.0,11.5],"scale":[4.0,4.0,4.0]},"fixed":{"rotation":[-90,0,0],"translation":[0,20,-30],"scale":[2,2,2]}},"groups":[0,{"name":"group","origin":[0,0,0],"color":0,"children":[1,2,3]},4,5,6,7,8,9,10,{"name":"group","origin":[0,0,0],"color":0,"children":[11,12]}]}