{"credit":"Made with Blockbench","texture_size":[64,64],"textures":{"0":"custom/cosmetics/easter/wisteria_pot","1":"custom/cosmetics/easter/wisteria_leaf","2":"custom/cosmetics/easter/wisteria_leaf_1","particle":"custom/cosmetics/easter/wisteria_leaf"},"elements":[{"from":[6.7925,7.2299986,0.7550001],"to":[10.0125,10.449999,3.975],"rotation":{"angle":0,"axis":"y","origin":[8.4025,7.149498,2.3649998]},"faces":{"north":{"uv":[0,0,2,2],"texture":"#0","tintindex":0},"east":{"uv":[0,0,2,2],"texture":"#0","tintindex":0},"south":{"uv":[0,0,2,2],"texture":"#0","tintindex":0},"west":{"uv":[0,0,2,2],"texture":"#0","tintindex":0},"up":{"uv":[0,0,2,2],"rotation":180,"texture":"#0","tintindex":0},"down":{"uv":[0,0,2,2],"rotation":180,"texture":"#0","tintindex":0}}},{"from":[6.7925,3.2049985,0.7550001],"to":[10.0125,7.2299986,3.975],"rotation":{"angle":0,"axis":"y","origin":[8.4025,7.149498,2.3649998]},"faces":{"north":{"uv":[0,2,2,4.5],"texture":"#0","tintindex":0},"east":{"uv":[2,2,4,4.5],"texture":"#0","tintindex":0},"south":{"uv":[2,2,4,4.5],"texture":"#0","tintindex":0},"west":{"uv":[0,2,2,4.5],"texture":"#0","tintindex":0}}},{"from":[6.7925,-2.8325014,0.7550001],"to":[10.0125,3.6074986,3.975],"rotation":{"angle":0,"axis":"y","origin":[8.4025,7.149498,2.3649998]},"faces":{"north":{"uv":[0,0,7,16],"texture":"#2","tintindex":0},"east":{"uv":[7,0,0,16],"texture":"#1","tintindex":0}}},{"from":[10.0125,3.6074986,3.975],"to":[6.7925,-2.8325014,0.7550001],"rotation":{"angle":0,"axis":"y","origin":[8.4025,7.149498,2.3649998]},"faces":{"south":{"uv":[0,0,7,16],"rotation":180,"texture":"#2","tintindex":0},"west":{"uv":[7,0,0,16],"rotation":180,"texture":"#1","tintindex":0}}},{"from":[2.7675,-0.41750145,4.7799997],"to":[5.9875,6.022498,8.0],"rotation":{"angle":0,"axis":"y","origin":[8.4025,7.149498,2.3649998]},"faces":{"south":{"uv":[7,0,0,16],"texture":"#1","tintindex":0},"west":{"uv":[0,0,7,16],"texture":"#2","tintindex":0}}},{"from":[5.9875,6.022498,8.0],"to":[2.7675,-0.41750145,4.7799997],"rotation":{"angle":0,"axis":"y","origin":[8.4025,7.149498,2.3649998]},"faces":{"north":{"uv":[7,0,0,16],"rotation":180,"texture":"#1","tintindex":0},"east":{"uv":[0,0,7,16],"rotation":180,"texture":"#2","tintindex":0}}},{"from":[10.0125,6.8274984,3.975],"to":[6.7925,2.8024983,0.7550001],"rotation":{"angle":0,"axis":"y","origin":[8.4025,7.149498,2.3649998]},"faces":{"north":{"uv":[2,2,4,4.5],"rotation":180,"texture":"#0","tintindex":0},"east":{"uv":[0,2,2,4.5],"rotation":180,"texture":"#0","tintindex":0},"south":{"uv":[0,2,2,4.5],"rotation":180,"texture":"#0","tintindex":0},"west":{"uv":[2,2,4,4.5],"rotation":180,"texture":"#0","tintindex":0}}},{"from":[8.4025,5.217499,-1.6599998],"to":[8.4025,11.657498,6.39],"rotation":{"angle":45,"axis":"y","origin":[8.4025,7.149498,2.3649998]},"faces":{"east":{"uv":[4,0,8,4],"texture":"#0","tintindex":0},"west":{"uv":[4,0,8,4],"texture":"#0","tintindex":0}}},{"from":[4.3775,5.217499,2.3649998],"to":[12.4275,11.657498,2.3649998],"rotation":{"angle":45,"axis":"y","origin":[8.4025,7.149498,2.3649998]},"faces":{"north":{"uv":[4,0,8,4],"texture":"#0","tintindex":0},"south":{"uv":[4,0,8,4],"texture":"#0","tintindex":0}}},{"from":[3.17,9.644999,4.7799997],"to":[6.39,12.864998,8.0],"rotation":{"angle":0,"axis":"y","origin":[3.17,3.6074986,4.7799997]},"faces":{"north":{"uv":[0,0,2,2],"texture":"#0","tintindex":0},"east":{"uv":[0,0,2,2],"texture":"#0","tintindex":0},"south":{"uv":[0,0,2,2],"texture":"#0","tintindex":0},"west":{"uv":[0,0,2,2],"texture":"#0","tintindex":0},"up":{"uv":[0,0,2,2],"texture":"#0","tintindex":0},"down":{"uv":[0,0,2,2],"texture":"#0","tintindex":0}}},{"from":[3.17,5.619999,4.7799997],"to":[6.39,9.644999,8.0],"rotation":{"angle":0,"axis":"y","origin":[3.17,3.6074986,4.7799997]},"faces":{"north":{"uv":[2,2,4,4.5],"texture":"#0","tintindex":0},"east":{"uv":[0,2,2,4.5],"texture":"#0","tintindex":0},"south":{"uv":[0,2,2,4.5],"texture":"#0","tintindex":0},"west":{"uv":[2,2,4,4.5],"texture":"#0","tintindex":0}}},{"from":[6.39,9.242498,8.0],"to":[3.17,5.217499,4.7799997],"rotation":{"angle":0,"axis":"y","origin":[3.17,3.6074986,4.7799997]},"faces":{"north":{"uv":[0,2,2,4.5],"rotation":180,"texture":"#0","tintindex":0},"east":{"uv":[2,2,4,4.5],"rotation":180,"texture":"#0","tintindex":0},"south":{"uv":[2,2,4,4.5],"rotation":180,"texture":"#0","tintindex":0},"west":{"uv":[0,2,2,4.5],"rotation":180,"texture":"#0","tintindex":0}}},{"from":[0.7550001,7.6324987,6.39],"to":[8.805,14.072498,6.39],"rotation":{"angle":-45,"axis":"y","origin":[4.7799997,10.852499,6.39]},"faces":{"north":{"uv":[4,0,8,4],"texture":"#0","tintindex":0},"south":{"uv":[4,0,8,4],"texture":"#0","tintindex":0}}},{"from":[0.7550001,7.6324987,6.39],"to":[8.805,14.072498,6.39],"rotation":{"angle":45,"axis":"y","origin":[4.7799997,10.852499,6.39]},"faces":{"north":{"uv":[4,0,8,4],"texture":"#0","tintindex":0},"south":{"uv":[4,0,8,4],"texture":"#0","tintindex":0}}},{"from":[9.61,9.242498,4.7799997],"to":[12.83,12.462498,8.0],"rotation":{"angle":0,"axis":"y","origin":[9.61,3.2049985,4.7799997]},"faces":{"north":{"uv":[0,0,2,2],"texture":"#0","tintindex":0},"east":{"uv":[0,0,2,2],"texture":"#0","tintindex":0},"south":{"uv":[0,0,2,2],"texture":"#0","tintindex":0},"west":{"uv":[0,0,2,2],"texture":"#0","tintindex":0},"up":{"uv":[0,0,2,2],"texture":"#0","tintindex":0},"down":{"uv":[0,0,2,2],"texture":"#0","tintindex":0}}},{"from":[9.61,5.217499,4.7799997],"to":[12.83,9.242498,8.0],"rotation":{"angle":0,"axis":"y","origin":[9.61,3.2049985,4.7799997]},"faces":{"north":{"uv":[2,2,4,4.5],"texture":"#0","tintindex":0},"east":{"uv":[0,2,2,4.5],"texture":"#0","tintindex":0},"south":{"uv":[0,2,2,4.5],"texture":"#0","tintindex":0},"west":{"uv":[2,2,4,4.5],"texture":"#0","tintindex":0}}},{"from":[12.83,8.839998,8.0],"to":[9.61,4.8149986,4.7799997],"rotation":{"angle":0,"axis":"y","origin":[9.61,3.2049985,4.7799997]},"faces":{"north":{"uv":[0,2,2,4.5],"rotation":180,"texture":"#0","tintindex":0},"east":{"uv":[2,2,4,4.5],"rotation":180,"texture":"#0","tintindex":0},"south":{"uv":[2,2,4,4.5],"rotation":180,"texture":"#0","tintindex":0},"west":{"uv":[0,2,2,4.5],"rotation":180,"texture":"#0","tintindex":0}}},{"from":[7.195,7.2299986,6.39],"to":[15.245,13.669998,6.39],"rotation":{"angle":-45,"axis":"y","origin":[11.22,10.449999,6.39]},"faces":{"north":{"uv":[4,0,8,4],"texture":"#0","tintindex":0},"south":{"uv":[4,0,8,4],"texture":"#0","tintindex":0}}},{"from":[7.195,7.2299986,6.39],"to":[15.245,13.669998,6.39],"rotation":{"angle":45,"axis":"y","origin":[11.22,10.449999,6.39]},"faces":{"north":{"uv":[4,0,8,4],"texture":"#0","tintindex":0},"south":{"uv":[4,0,8,4],"texture":"#0","tintindex":0}}},{"from":[12.83,5.619999,8.0],"to":[9.61,-0.8200016,4.7799997],"rotation":{"angle":0,"axis":"y","origin":[8.4025,6.746999,2.3649998]},"faces":{"north":{"uv":[0,0,7,16],"rotation":180,"texture":"#2","tintindex":0},"west":{"uv":[0,0,7,16],"rotation":180,"texture":"#1","tintindex":0}}},{"from":[9.61,-0.8200016,4.7799997],"to":[12.83,5.619999,8.0],"rotation":{"angle":0,"axis":"y","origin":[8.4025,6.746999,2.3649998]},"faces":{"east":{"uv":[0,0,7,16],"texture":"#1","tintindex":0},"south":{"uv":[0,0,7,16],"texture":"#2","tintindex":0}}},{"from":[5.9472504,-1.2627516,6.34975],"to":[10.05275,2.4402485,10.45525],"faces":{"north":{"uv":[2.5,4.5,5,6.75],"texture":"#0","tintindex":0},"east":{"uv":[2.5,4.5,5,6.75],"texture":"#0","tintindex":0},"south":{"uv":[2.5,4.5,5,6.75],"texture":"#0","tintindex":0},"west":{"uv":[2.5,4.5,5,6.75],"texture":"#0","tintindex":0}}},{"from":[6.39,2.4402485,6.7925],"to":[9.61,2.4402485,10.0125],"faces":{"up":{"uv":[0.25,9.5,2.25,11.5],"texture":"#0","tintindex":0}}},{"from":[5.9875,-1.2225018,6.39],"to":[10.0125,2.3999987,10.415],"faces":{"north":{"uv":[0,4.5,2.5,6.75],"texture":"#0"},"east":{"uv":[0,4.5,2.5,6.75],"texture":"#0"},"south":{"uv":[0,4.5,2.5,6.75],"texture":"#0"},"west":{"uv":[0,4.5,2.5,6.75],"texture":"#0"},"up":{"uv":[0,6.75,2.5,9.25],"texture":"#0"},"down":{"uv":[2.5,6.75,5,9.25],"texture":"#0"}}},{"from":[7.5975,2.3999987,8.0],"to":[8.4025,4.8149986,8.805],"faces":{"north":{"uv":[5,5.75,5.5,7.25],"texture":"#0"},"east":{"uv":[5,5.75,5.5,7.25],"texture":"#0"},"south":{"uv":[5.5,5.75,5,7.25],"texture":"#0"},"west":{"uv":[5,5.75,5.5,7.25],"texture":"#0"},"up":{"uv":[5,4.75,5.5,5.25],"texture":"#0"}}},{"from":[7.5975,4.0099983,3.5724998],"to":[8.4025,4.8149986,8.0],"faces":{"east":{"uv":[6.5,6.75,6,4],"rotation":270,"texture":"#0"},"west":{"uv":[6.5,6.75,6,4],"rotation":90,"texture":"#0"},"up":{"uv":[6.5,6.75,6,4],"rotation":180,"texture":"#0"},"down":{"uv":[6,6.75,6.5,4],"texture":"#0"}}},{"from":[4.3775,4.4124985,6.39],"to":[5.1825,10.449999,7.195],"faces":{"north":{"uv":[6,4,5.5,7.75],"texture":"#0"},"east":{"uv":[5.5,4,6,7.75],"texture":"#0"},"south":{"uv":[6,4,5.5,7.75],"texture":"#0"},"west":{"uv":[5.5,4,6,7.75],"texture":"#0"},"down":{"uv":[5.5,6.25,6,6.75],"texture":"#0"}}},{"from":[10.0125,4.4124985,6.39],"to":[10.8175,10.449999,7.195],"faces":{"north":{"uv":[6,4,5.5,7.75],"texture":"#0"},"east":{"uv":[5.5,4,6,7.75],"texture":"#0"},"south":{"uv":[6,4,5.5,7.75],"texture":"#0"},"west":{"uv":[5.5,4,6,7.75],"texture":"#0"},"down":{"uv":[5.5,6.25,6,6.75],"texture":"#0"}}},{"from":[7.5975,4.0099983,2.7675],"to":[8.4025,10.047499,3.5724998],"faces":{"north":{"uv":[6,4,5.5,7.75],"texture":"#0"},"east":{"uv":[5.5,4,6,7.75],"texture":"#0"},"south":{"uv":[6,4,5.5,7.75],"texture":"#0"},"west":{"uv":[5.5,4,6,7.75],"texture":"#0"},"down":{"uv":[5.5,6.25,6,6.75],"texture":"#0"}}},{"from":[5.1825,4.4124985,6.39],"to":[10.0125,5.217499,7.195],"faces":{"north":{"uv":[6,4,6.5,7],"rotation":90,"texture":"#0"},"south":{"uv":[6,7,6.5,4],"rotation":90,"texture":"#0"},"up":{"uv":[5,7,5.5,4],"rotation":90,"texture":"#0"},"down":{"uv":[6,7,6.5,4],"rotation":90,"texture":"#0"}}},{"from":[5.9875,0.78999853,6.7925],"to":[5.9875,2.3999987,10.0125],"rotation":{"angle":-22.5,"axis":"z","origin":[5.9875,2.3999987,8.4025]},"faces":{"east":{"uv":[2.75,9.25,4.75,10.25],"texture":"#0"},"west":{"uv":[2.75,9.25,4.75,10.25],"texture":"#0"}}},{"from":[10.0125,0.78999853,6.7925],"to":[10.0125,2.3999987,10.0125],"rotation":{"angle":22.5,"axis":"z","origin":[10.0125,2.3999987,8.4025]},"faces":{"east":{"uv":[2.75,9.25,4.75,10.25],"texture":"#0"},"west":{"uv":[2.75,9.25,4.75,10.25],"texture":"#0"}}}],"display":{"gui":{"rotation":[30,-45,0],"translation":[0,-1.5,0],"scale":[0.36,0.36,0.36]},"head":{"rotation":[0,-180,0],"translation":[0,-80.0,11.25],"scale":[4.0,4.0,4.0]},"thirdperson_righthand":{"rotation":[90.0,-180,0],"translation":[-1.0,-9.03125,24.631248],"scale":[1.00625,1.00625,1.00625]}},"groups":[{"name":"group","origin":[8,8,8],"children":[{"name":"group","origin":[4,18,4],"children":[0,1,2,3,4,5,6,7,8]},{"name":"group","origin":[4,18,4],"children":[9,10,11,12,13]},{"name":"group","origin":[4,18,4],"children":[14,15,16,17,18,19,20]}]},{"name":"group","origin":[0,0,0],"children":[21,22]},{"name":"group","origin":[0,0,0],"children":[23]},24,25,26,27,28,29,30,31]}