{"credit":"Made with Blockbench","texture_size":[32,32],"textures":{"0":"custom/cosmetics/witch/witch_cauldron","1":"custom/cosmetics/witch/witch_cauldron_bubbles","particle":"custom/cosmetics/witch/witch_cauldron"},"elements":[{"from":[5.2,-2.420043,3.8663957],"to":[10.8,2.7799568,4.2663956],"rotation":{"angle":0,"axis":"y","origin":[8.4,0.7799568,7.0663958]},"faces":{"north":{"uv":[0,0,7,6.5],"texture":"#0"},"east":{"uv":[6.5,0,7,6.5],"texture":"#0"},"south":{"uv":[0,0,7,6.5],"texture":"#0"},"west":{"uv":[0,0,0.5,6.5],"texture":"#0"},"up":{"uv":[7,6.5,14,7],"rotation":180,"texture":"#0"},"down":{"uv":[0,6.5,7,7],"texture":"#0"}}},{"from":[5.6,-2.020043,4.2663956],"to":[10.4,-2.020043,9.066396],"rotation":{"angle":0,"axis":"y","origin":[8.8,1.1799574,7.4663963]},"faces":{"down":{"uv":[0.5,7,6.5,13],"texture":"#0"}}},{"from":[5.2,-3.2200432,3.8663957],"to":[10.8,-2.420043,9.466396],"rotation":{"angle":0,"axis":"y","origin":[8.4,-0.020043373,7.0663958]},"faces":{"north":{"uv":[7,7,14,8],"texture":"#0"},"east":{"uv":[7,7,14,8],"texture":"#0"},"south":{"uv":[7,7,14,8],"texture":"#0"},"west":{"uv":[7,7,14,8],"texture":"#0"}}},{"from":[10.4,-2.420043,4.2663956],"to":[10.8,2.7799568,9.066396],"rotation":{"angle":0,"axis":"y","origin":[13.6,0.7799568,7.4663963]},"faces":{"east":{"uv":[0.5,0,6.5,6.5],"texture":"#0"},"west":{"uv":[0.5,0,6.5,6.5],"texture":"#0"},"up":{"uv":[7,0.5,7.5,6.5],"rotation":180,"texture":"#0"},"down":{"uv":[0,7,0.5,13],"texture":"#0"}}},{"from":[5.2,-2.420043,4.2663956],"to":[5.6,2.7799568,9.066396],"rotation":{"angle":0,"axis":"y","origin":[8.4,0.7799568,7.4663963]},"faces":{"east":{"uv":[0.5,0,6.5,6.5],"texture":"#0"},"west":{"uv":[0.5,0,6.5,6.5],"texture":"#0"},"up":{"uv":[7,0.5,7.5,6.5],"texture":"#0"},"down":{"uv":[6.5,7,7,13],"texture":"#0"}}},{"from":[5.2,-2.420043,9.066396],"to":[10.8,2.7799568,9.466396],"rotation":{"angle":0,"axis":"y","origin":[8.4,0.7799568,12.2663965]},"faces":{"north":{"uv":[0,0,7,6.5],"texture":"#0"},"east":{"uv":[0,0,0.5,6.5],"texture":"#0"},"south":{"uv":[0,0,7,6.5],"texture":"#0"},"west":{"uv":[6.5,0,7,6.5],"texture":"#0"},"up":{"uv":[7,6.5,14,7],"rotation":180,"texture":"#0"},"down":{"uv":[0,13,7,13.5],"texture":"#0"}}},{"from":[5.8,-0.020043373,3.0663955],"to":[7.0,2.7799568,3.0663955],"rotation":{"angle":22.5,"axis":"y","origin":[7.0,0.579957,3.0663955]},"faces":{"north":{"uv":[11,8,12.5,11.5],"texture":"#0"},"south":{"uv":[12.5,8,11,11.5],"texture":"#0"}}},{"from":[9.0,-0.020043373,3.0663955],"to":[10.2,2.7799568,3.0663955],"rotation":{"angle":-22.5,"axis":"y","origin":[9.0,0.579957,3.0663955]},"faces":{"north":{"uv":[12.5,8,11,11.5],"texture":"#0"},"south":{"uv":[11,8,12.5,11.5],"texture":"#0"}}},{"from":[7.0,-1.2200432,2.6263955],"to":[9.0,0.7799568,3.8263958],"rotation":{"angle":0,"axis":"y","origin":[10.0,1.9799566,5.866396]},"faces":{"north":{"uv":[7,9.5,9.5,12],"texture":"#0"},"east":{"uv":[11,8,9.5,10.5],"texture":"#0"},"south":{"uv":[7,12,9.5,14.5],"texture":"#0"},"west":{"uv":[9.5,8,11,10.5],"texture":"#0"},"up":{"uv":[7,8,9.5,9.5],"rotation":180,"texture":"#0"}}},{"from":[9.0,0.7799568,3.8263958],"to":[7.0,-1.2200432,2.6263955],"rotation":{"angle":0,"axis":"y","origin":[12.0,3.9799566,7.0663958]},"faces":{"north":{"uv":[7,12,9.5,14.5],"rotation":180,"texture":"#0"},"east":{"uv":[11,8,9.5,10.5],"rotation":180,"texture":"#0"},"south":{"uv":[7,9.5,9.5,12],"rotation":180,"texture":"#0"},"west":{"uv":[9.5,8,11,10.5],"rotation":180,"texture":"#0"},"down":{"uv":[7,8,9.5,9.5],"rotation":180,"texture":"#0"}}},{"from":[5.1,0.27995682,3.3663957],"to":[10.9,1.6799574,9.966396],"rotation":{"angle":-22.5,"axis":"x","origin":[8.0,0.9799566,6.666396]},"faces":{"north":{"uv":[14,2,15.5,9],"rotation":90,"texture":"#0"},"east":{"uv":[14,0,15.5,8],"rotation":90,"texture":"#0"},"south":{"uv":[14,2,15.5,9],"rotation":90,"texture":"#0"},"west":{"uv":[14,0,15.5,8],"rotation":90,"texture":"#0"}}},{"from":[10.9,1.6799574,9.966396],"to":[5.1,0.27995682,3.3663957],"rotation":{"angle":-22.5,"axis":"x","origin":[8.0,0.9799566,6.666396]},"faces":{"north":{"uv":[14,2,15.5,9],"rotation":270,"texture":"#0"},"east":{"uv":[14,0,15.5,8],"rotation":270,"texture":"#0"},"south":{"uv":[14,2,15.5,9],"rotation":270,"texture":"#0"},"west":{"uv":[14,0,15.5,8],"rotation":270,"texture":"#0"}}},{"from":[5.6,2.3799572,4.2663956],"to":[10.4,2.3799572,9.066396],"rotation":{"angle":0,"axis":"y","origin":[8.8,5.579957,7.4663963]},"faces":{"up":{"uv":[7.5,0.5,13.5,6.5],"texture":"#0","tintindex":0}}},{"from":[5.16,-0.46004295,6.2263956],"to":[5.64,2.8199568,6.706396],"rotation":{"angle":0,"axis":"x","origin":[8.4,2.7799568,9.466396]},"faces":{"east":{"uv":[11,0.5,11.5,4.5],"rotation":180,"texture":"#0","tintindex":0},"west":{"uv":[11,0.5,11.5,4.5],"rotation":180,"texture":"#0","tintindex":0},"up":{"uv":[10.5,1.5,11,2],"texture":"#0","tintindex":0}}},{"from":[5.16,0.73995686,7.4263964],"to":[5.64,2.8199568,7.906396],"rotation":{"angle":0,"axis":"x","origin":[8.4,3.9799566,10.666396]},"faces":{"east":{"uv":[11,0.5,11.5,3],"rotation":180,"texture":"#0","tintindex":0},"west":{"uv":[11,0.5,11.5,3],"rotation":180,"texture":"#0","tintindex":0},"up":{"uv":[10.5,1.5,11,2],"texture":"#0","tintindex":0}}},{"from":[8.0,2.3799572,3.466396],"to":[8.0,8.779958,9.866396],"rotation":{"angle":-45,"axis":"y","origin":[8.0,2.3799572,6.666396]},"faces":{"east":{"uv":[0,0,16,16],"texture":"#1","tintindex":0},"west":{"uv":[0,0,16,16],"texture":"#1","tintindex":0}}},{"from":[4.8,2.3799572,6.666396],"to":[11.2,8.779958,6.666396],"rotation":{"angle":-45,"axis":"y","origin":[8.0,2.3799572,6.666396]},"faces":{"north":{"uv":[0,0,16,16],"texture":"#1","tintindex":0},"south":{"uv":[0,0,16,16],"texture":"#1","tintindex":0}}},{"from":[10.36,0.73995686,5.026396],"to":[10.84,2.8199568,5.5063963],"rotation":{"angle":0,"axis":"x","origin":[13.6,3.9799566,8.2663965]},"faces":{"east":{"uv":[11,0.5,11.5,3],"rotation":180,"texture":"#0","tintindex":0},"west":{"uv":[11,0.5,11.5,3],"rotation":180,"texture":"#0","tintindex":0},"up":{"uv":[10.5,1.5,11,2],"texture":"#0","tintindex":0}}}],"display":{"gui":{"rotation":[30,135,0],"translation":[0,-2,0],"scale":[0.55,0.55,0.55]},"head":{"rotation":[9,-180,0],"translation":[0,-80.0,12.25],"scale":[4.0,4.0,4.0]},"fixed":{"rotation":[-90,0,0],"translation":[0,0,-14],"scale":[2,2,2]},"thirdperson_righthand":{"rotation":[99.0,-180,0],"translation":[-1.0,-9.65625,12.287498],"scale":[1.0,1.0,1.0]}},"groups":[{"name":"group","origin":[9,8,22],"children":[0,1,2,3,4,5]},{"name":"group","origin":[13,14,6],"children":[6,7,8,9]},10,11,{"name":"group","origin":[22,19,12],"children":[12,13,14,15,16,17]}]}