{"credit":"Made with Blockbench","texture_size":[64,64],"textures":{"0":"custom/cosmetics/new_year/2022_hat","2":"custom/cosmetics/new_year/sparkler","particle":"custom/cosmetics/new_year/2022_hat"},"elements":[{"from":[6,9,6],"to":[10,16,10],"rotation":{"angle":45,"axis":"x","origin":[8,8.5,8]},"faces":{"north":{"uv":[2,1,3,2.75],"texture":"#0"},"east":{"uv":[3,1,2,2.75],"texture":"#0"},"south":{"uv":[2,1,3,2.75],"texture":"#0"},"west":{"uv":[3,1,2,2.75],"texture":"#0"}}},{"from":[6,9,6],"to":[10,16,10],"rotation":{"angle":45,"axis":"x","origin":[8,8.5,8]},"faces":{"north":{"uv":[0,1,1,2.75],"texture":"#0","tintindex":0},"east":{"uv":[1,1,0,2.75],"texture":"#0","tintindex":0},"south":{"uv":[0,1,1,2.75],"texture":"#0","tintindex":0},"west":{"uv":[1,1,0,2.75],"texture":"#0","tintindex":0},"up":{"uv":[0,0,1,1],"texture":"#0","tintindex":0},"down":{"uv":[0,2.5,0.25,2.75],"texture":"#0","tintindex":0}}},{"from":[4,0.5,4],"to":[12,9.5,12],"rotation":{"angle":22.5,"axis":"x","origin":[8,8.5,8]},"faces":{"north":{"uv":[2,4.75,4,7],"texture":"#0"},"east":{"uv":[4,4.75,2,7],"texture":"#0"},"south":{"uv":[2,4.75,4,7],"texture":"#0"},"west":{"uv":[4,4.75,2,7],"texture":"#0"},"down":{"uv":[6,5,4,7],"texture":"#0"}}},{"from":[4,0.5,4],"to":[12,9.5,12],"rotation":{"angle":22.5,"axis":"x","origin":[8,8.5,8]},"faces":{"north":{"uv":[0,4.75,2,7],"texture":"#0","tintindex":0},"east":{"uv":[2,4.75,0,7],"texture":"#0","tintindex":0},"south":{"uv":[0,4.75,2,7],"texture":"#0","tintindex":0},"west":{"uv":[2,4.75,0,7],"texture":"#0","tintindex":0},"up":{"uv":[0,2.75,2,4.75],"texture":"#0","tintindex":0}}},{"from":[1,0.38268,1.2],"to":[15,7.38268,1.2],"rotation":{"angle":0,"axis":"x","origin":[8,3.88268,0.7412]},"faces":{"north":{"uv":[3.5,7,7,8.75],"texture":"#0"},"south":{"uv":[7,7,3.5,8.75],"texture":"#0"}}},{"from":[1,0.38268,1.2],"to":[15,7.38268,1.2],"rotation":{"angle":0,"axis":"x","origin":[8,3.88268,0.7412]},"faces":{"north":{"uv":[0,7,3.5,8.75],"texture":"#0","tintindex":0},"south":{"uv":[3.5,7,0,8.75],"texture":"#0","tintindex":0}}},{"from":[1.5,7,14.5],"to":[16.5,22,14.5],"rotation":{"angle":-45,"axis":"y","origin":[8,13.5,13.5]},"faces":{"north":{"uv":[1,0,16,15],"texture":"#2"},"south":{"uv":[1,0,16,15],"texture":"#2"}}},{"from":[9,7,7],"to":[9,22,22],"rotation":{"angle":-45,"axis":"y","origin":[8,13.5,13.5]},"faces":{"east":{"uv":[1,0,16,15],"texture":"#2"},"west":{"uv":[1,0,16,15],"texture":"#2"}}}],"display":{"gui":{"rotation":[15,135,13],"translation":[0.25,0,0],"scale":[0.72,0.72,0.72]},"head":{"rotation":[-4,0,0],"translation":[0,18,4.75],"scale":[1.94,1.94,1.94]},"thirdperson_righthand":{"rotation":[86.0,0,0],"translation":[-1.0,-4.96875,24.296875],"scale":[1.1367188,1.1367188,1.1367188]}},"groups":[{"name":"group","origin":[0,0,0],"color":0,"children":[{"name":"group","origin":[0,0,0],"color":0,"children":[0,1]},{"name":"group","origin":[0,0,0],"color":0,"children":[2,3]},{"name":"group","origin":[0,0,0],"color":0,"children":[]}]},4,5,6,7]}