{
	"credit": "Made with Blockbench, by EnderIzzy124. Contact me on discord @EnderIzzy124#8340!",
	"textures": {
		"0": "custom:pride/flagpole_texture",
		"8": "custom:pride/pansexual_flag_texture",
		"particle": "custom:pride/flagpole_texture"
	},
	"elements": [
		{
			"name": "handle",
			"from": [7.5, 0, 7.5],
			"to": [8.5, 17, 8.5],
			"rotation": {"angle": 0, "axis": "y", "origin": [8, 6, 8]},
			"faces": {
				"north": {"uv": [0, 0, 1, 16], "texture": "#0"},
				"east": {"uv": [2, 0, 3, 16], "texture": "#0"},
				"south": {"uv": [4, 0, 5, 16], "texture": "#0"},
				"west": {"uv": [6, 0, 7, 16], "texture": "#0"},
				"up": {"uv": [0, 0, 1, 1], "texture": "#0"},
				"down": {"uv": [12, 2, 11, 3], "texture": "#0"}
			}
		},
		{
			"name": "nub",
			"from": [7, 17, 7],
			"to": [9, 18, 9],
			"rotation": {"angle": 45, "axis": "y", "origin": [8, 17.5, 8]},
			"faces": {
				"north": {"uv": [8, 6, 10, 7], "texture": "#0"},
				"east": {"uv": [8, 8, 10, 9], "texture": "#0"},
				"south": {"uv": [8, 10, 10, 11], "texture": "#0"},
				"west": {"uv": [11, 0, 13, 1], "texture": "#0"},
				"up": {"uv": [10, 2, 8, 0], "texture": "#0"},
				"down": {"uv": [10, 3, 8, 5], "texture": "#0"}
			}
		},
		{
			"name": "flag",
			"from": [8, 6, -8.5],
			"to": [8, 17, 7.5],
			"rotation": {"angle": 0, "axis": "y", "origin": [8, 13, 7.5]},
			"faces": {
				"north": {"uv": [16, 0, 16, 12], "texture": "#8"},
				"east": {"uv": [0, 0, 16, 12], "texture": "#8"},
				"south": {"uv": [0, 0, 0, 12], "texture": "#8"},
				"west": {"uv": [16, 0, 0, 12], "texture": "#8"},
				"up": {"uv": [16, 0.5, 0, 0.5], "rotation": 90, "texture": "#8"},
				"down": {"uv": [16, 11.5, 0, 11.5], "rotation": 90, "texture": "#8"}
			}
		}
	],
	"gui_light": "front",
	"display": {
		"thirdperson_righthand": {
			"translation": [0, 3.5, 1.25]
		},
		"thirdperson_lefthand": {
			"translation": [0, 3.5, 1.25]
		},
		"firstperson_righthand": {
			"rotation": [-3.48, 30.72, -41.68],
			"translation": [7.25, 1.5, -1],
			"scale": [0.85, 0.85, 0.85]
		},
		"firstperson_lefthand": {
			"rotation": [-3.48, 30.72, -41.68],
			"translation": [7.25, 1.5, -1],
			"scale": [0.85, 0.85, 0.85]
		},
		"ground": {
			"rotation": [45, 0, 0],
			"translation": [0, 2, 0],
			"scale": [0.5, 0.5, 0.5]
		},
		"gui": {
			"rotation": [-90, 111, 90],
			"translation": [4, -2.3, -0.25],
			"scale": [0.71, 0.71, 0.71]
		},
		"head": {
			"rotation": [90, 156, -90],
			"translation": [1, -11, 4.25],
			"scale": [1.3, 1.3, 1.3]
		},
		"fixed": {
			"rotation": [90, -45, 90],
			"translation": [-1.5, -4.75, -0.25],
			"scale": [0.8, 0.8, 0.8]
		}
	},
	"groups": [
		{
			"name": "flag",
			"origin": [8, 8, 8],
			"color": 0,
			"nbt": "{}",
			"armAnimationEnabled": false,
			"children": [0, 1, 2]
		}
	]
}