{"credit":"Made with Blockbench","texture_size":[32,32],"textures":{"0":"custom/cosmetics/cyber/energy_tank","1":"custom/cosmetics/cyber/energy_tank_nondye","particle":"custom/cosmetics/cyber/energy_tank"},"elements":[{"from":[11,8,-1],"to":[14,11,9],"rotation":{"angle":-45,"axis":"x","origin":[8,13.53037,6.3436]},"faces":{"north":{"uv":[5,13.5,6.5,15],"texture":"#0"},"east":{"uv":[0,13.5,5,15],"texture":"#0","tintindex":0},"south":{"uv":[6.5,13.5,5,15],"texture":"#0","tintindex":0},"west":{"uv":[5,15,0,13.5],"texture":"#0","tintindex":0},"up":{"uv":[5,13.5,0,15],"rotation":90,"texture":"#0","tintindex":0},"down":{"uv":[0,15,5,13.5],"rotation":90,"texture":"#0","tintindex":0}}},{"from":[11,16,2],"to":[14,19,13],"rotation":{"angle":-45,"axis":"x","origin":[8,13.53037,6.3436]},"faces":{"east":{"uv":[5,13.5,10.5,15],"texture":"#0","tintindex":0},"south":{"uv":[6.5,13.5,5,15],"texture":"#0","tintindex":0},"west":{"uv":[10.5,15,5,13.5],"texture":"#0","tintindex":0},"up":{"uv":[5,15,10.5,13.5],"rotation":270,"texture":"#0","tintindex":0},"down":{"uv":[10.5,13.5,5,15],"rotation":270,"texture":"#0","tintindex":0}}},{"from":[11,11,-1],"to":[14,19,2],"rotation":{"angle":-45,"axis":"x","origin":[8,13.53037,6.3436]},"faces":{"north":{"uv":[9.5,9.5,8,13.5],"texture":"#0","tintindex":0},"east":{"uv":[8,9.5,9.5,13.5],"texture":"#0","tintindex":0},"south":{"uv":[9.5,9.5,8,13.5],"texture":"#0","tintindex":0},"west":{"uv":[8,9.5,9.5,13.5],"texture":"#0","tintindex":0},"up":{"uv":[5,13.5,6.5,15],"texture":"#0","tintindex":0}}},{"from":[11,16,2],"to":[14,19,13],"rotation":{"angle":-45,"axis":"x","origin":[8,13.53037,6.3436]},"faces":{"north":{"uv":[0,0,0,0],"texture":"#1"},"east":{"uv":[5,13.5,10.5,15],"texture":"#1"},"south":{"uv":[6.5,13.5,5,15],"texture":"#1"},"west":{"uv":[10.5,15,5,13.5],"texture":"#1"},"up":{"uv":[5,15,10.5,13.5],"rotation":270,"texture":"#1"},"down":{"uv":[10.5,13.5,5,15],"rotation":270,"texture":"#1"}}},{"from":[11,11,-1],"to":[14,19,2],"rotation":{"angle":-45,"axis":"x","origin":[8,13.53037,6.3436]},"faces":{"north":{"uv":[9.5,9.5,8,13.5],"texture":"#1"},"east":{"uv":[8,9.5,9.5,13.5],"texture":"#1"},"south":{"uv":[9.5,9.5,8,13.5],"texture":"#1"},"west":{"uv":[8,9.5,9.5,13.5],"texture":"#1"},"up":{"uv":[5,13.5,6.5,15],"texture":"#1"},"down":{"uv":[0,0,0,0],"rotation":270,"texture":"#1"}}},{"from":[11,8,-1],"to":[14,11,9],"rotation":{"angle":-45,"axis":"x","origin":[8,13.53037,6.3436]},"faces":{"north":{"uv":[5,13.5,6.5,15],"texture":"#1"},"east":{"uv":[0,13.5,5,15],"texture":"#1"},"south":{"uv":[6.5,13.5,5,15],"texture":"#1"},"west":{"uv":[5,15,0,13.5],"texture":"#1"},"up":{"uv":[5,13.5,0,15],"rotation":90,"texture":"#1"},"down":{"uv":[0,15,5,13.5],"rotation":90,"texture":"#1"}}},{"from":[10,11.41238,12.33963],"to":[13,14.41238,21.33963],"rotation":{"angle":45,"axis":"y","origin":[11.5,12.91238,12.83963]},"faces":{"north":{"uv":[9,9.5,9.5,10],"rotation":180,"texture":"#1"},"east":{"uv":[8,4.5,9.5,9],"rotation":90,"texture":"#1"},"south":{"uv":[11,12,9.5,13.5],"texture":"#0","tintindex":0},"west":{"uv":[8,4.5,9.5,9],"rotation":270,"texture":"#1"},"up":{"uv":[9.5,4.5,8,9],"texture":"#1"},"down":{"uv":[9.5,4.5,8,9],"rotation":180,"texture":"#1"}}},{"from":[2,8,-1],"to":[5,11,9],"rotation":{"angle":-45,"axis":"x","origin":[8,13.53037,6.3436]},"faces":{"north":{"uv":[6.5,13.5,5,15],"texture":"#0"},"east":{"uv":[0,15,5,13.5],"texture":"#0","tintindex":0},"south":{"uv":[5,13.5,6.5,15],"texture":"#0","tintindex":0},"west":{"uv":[5,13.5,0,15],"texture":"#0","tintindex":0},"up":{"uv":[5,15,0,13.5],"rotation":90,"texture":"#0","tintindex":0},"down":{"uv":[0,13.5,5,15],"rotation":90,"texture":"#0","tintindex":0}}},{"from":[2,16,2],"to":[5,19,13],"rotation":{"angle":-45,"axis":"x","origin":[8,13.53037,6.3436]},"faces":{"east":{"uv":[5,15,10.5,13.5],"texture":"#0","tintindex":0},"south":{"uv":[5,13.5,6.5,15],"texture":"#0","tintindex":0},"west":{"uv":[10.5,13.5,5,15],"texture":"#0","tintindex":0},"up":{"uv":[5,13.5,10.5,15],"rotation":270,"texture":"#0","tintindex":0},"down":{"uv":[10.5,15,5,13.5],"rotation":270,"texture":"#0","tintindex":0}}},{"from":[2,11,-1],"to":[5,19,2],"rotation":{"angle":-45,"axis":"x","origin":[8,13.53037,6.3436]},"faces":{"north":{"uv":[8,9.5,9.5,13.5],"texture":"#0","tintindex":0},"east":{"uv":[9.5,9.5,8,13.5],"texture":"#0","tintindex":0},"south":{"uv":[8,9.5,9.5,13.5],"texture":"#0","tintindex":0},"west":{"uv":[9.5,9.5,8,13.5],"texture":"#0","tintindex":0},"up":{"uv":[6.5,13.5,5,15],"texture":"#0","tintindex":0}}},{"from":[2,16,2],"to":[5,19,13],"rotation":{"angle":-45,"axis":"x","origin":[8,13.53037,6.3436]},"faces":{"north":{"uv":[0,0,0,0],"texture":"#1"},"east":{"uv":[5,15,10.5,13.5],"texture":"#1"},"south":{"uv":[5,13.5,6.5,15],"texture":"#1"},"west":{"uv":[10.5,13.5,5,15],"texture":"#1"},"up":{"uv":[5,13.5,10.5,15],"rotation":270,"texture":"#1"},"down":{"uv":[10.5,15,5,13.5],"rotation":270,"texture":"#1"}}},{"from":[2,11,-1],"to":[5,19,2],"rotation":{"angle":-45,"axis":"x","origin":[8,13.53037,6.3436]},"faces":{"north":{"uv":[8,9.5,9.5,13.5],"texture":"#1"},"east":{"uv":[9.5,9.5,8,13.5],"texture":"#1"},"south":{"uv":[8,9.5,9.5,13.5],"texture":"#1"},"west":{"uv":[9.5,9.5,8,13.5],"texture":"#1"},"up":{"uv":[6.5,13.5,5,15],"texture":"#1"},"down":{"uv":[0,0,0,0],"rotation":270,"texture":"#1"}}},{"from":[2,8,-1],"to":[5,11,9],"rotation":{"angle":-45,"axis":"x","origin":[8,13.53037,6.3436]},"faces":{"north":{"uv":[6.5,13.5,5,15],"texture":"#1"},"east":{"uv":[0,15,5,13.5],"texture":"#1"},"south":{"uv":[5,13.5,6.5,15],"texture":"#1"},"west":{"uv":[5,13.5,0,15],"texture":"#1"},"up":{"uv":[5,15,0,13.5],"rotation":90,"texture":"#1"},"down":{"uv":[0,13.5,5,15],"rotation":90,"texture":"#1"}}},{"from":[3,11.41238,12.33963],"to":[6,14.41238,21.33963],"rotation":{"angle":-45,"axis":"y","origin":[4.5,12.91238,12.83963]},"faces":{"north":{"uv":[9.5,9.5,9,10],"rotation":180,"texture":"#1"},"east":{"uv":[9.5,4.5,8,9],"rotation":90,"texture":"#1"},"south":{"uv":[9.5,12,11,13.5],"texture":"#0","tintindex":0},"west":{"uv":[9.5,4.5,8,9],"rotation":270,"texture":"#1"},"up":{"uv":[8,4.5,9.5,9],"texture":"#1"},"down":{"uv":[8,4.5,9.5,9],"rotation":180,"texture":"#1"}}},{"from":[4,8.94067,5.41627],"to":[12,27.94067,13.41627],"rotation":{"angle":-22.5,"axis":"x","origin":[8,13.53037,6.3436]},"faces":{"north":{"uv":[4,0,0,9.5],"texture":"#0","tintindex":0},"east":{"uv":[0,0,4,9.5],"texture":"#0","tintindex":0},"south":{"uv":[4,0,0,9.5],"texture":"#0","tintindex":0},"west":{"uv":[0,0,4,9.5],"texture":"#0","tintindex":0},"up":{"uv":[0,9.5,4,13.5],"rotation":90,"texture":"#0","tintindex":0},"down":{"uv":[0,9.5,4,13.5],"rotation":90,"texture":"#0","tintindex":0}}},{"from":[3.75,8.69067,5.16627],"to":[12.25,28.19067,13.66627],"rotation":{"angle":-22.5,"axis":"x","origin":[8,13.53037,6.3436]},"faces":{"north":{"uv":[4,0,8,9.5],"texture":"#1"},"east":{"uv":[4,0,8,9.5],"texture":"#1"},"south":{"uv":[4,0,8,9.5],"texture":"#1"},"west":{"uv":[4,0,8,9.5],"texture":"#1"},"up":{"uv":[4,9.5,8,13.5],"rotation":90,"texture":"#1"},"down":{"uv":[4,9.5,8,13.5],"rotation":90,"texture":"#1"}}},{"name":"cube inverted","from":[12.25,28.19067,13.66627],"to":[3.75,8.69067,5.16627],"rotation":{"angle":-22.5,"axis":"x","origin":[8,13.53037,6.3436]},"faces":{"north":{"uv":[4,9.5,8,0],"texture":"#1"},"east":{"uv":[4,9.5,8,0],"texture":"#1"},"south":{"uv":[4,9.5,8,0],"texture":"#1"},"west":{"uv":[4,9.5,8,0],"texture":"#1"},"up":{"uv":[4,13.5,8,9.5],"rotation":90,"texture":"#1"},"down":{"uv":[4,13.5,8,9.5],"rotation":90,"texture":"#1"}}}],"display":{"gui":{"rotation":[53,-46,17],"translation":[1.25,-3.5,0],"scale":[0.56,0.56,0.56]},"head":{"rotation":[53,0,0],"translation":[0,-57,0],"scale":[1.6,1.6,1.6]},"thirdperson_righthand":{"rotation":[143.0,0,0],"translation":[-1.0,-2.0,11.974998],"scale":[1.0,1.0,1.0]}},"groups":[{"name":"group","origin":[8,8,8],"color":0,"children":[0,1,2,3,4,5,6,{"name":"group","origin":[8,8,8],"color":0,"children":[7,8,9,10,11,12,13]},{"name":"group","origin":[0,0,0],"color":0,"children":[14,15,16]}]}]}