{"credit":"Made with Blockbench","texture_size":[32,32],"textures":{"0":"custom/cosmetics/cyber/visor_helmet","1":"custom/cosmetics/cyber/visor_helmet_rod","2":"custom/cosmetics/cyber/visor_helmet_nondye","particle":"custom/cosmetics/cyber/visor_helmet"},"elements":[{"from":[3,0,0],"to":[13,5,5],"faces":{"north":{"uv":[0,2.5,5,5],"texture":"#0","tintindex":0},"east":{"uv":[2.5,7.5,0,10],"texture":"#0","tintindex":0},"west":{"uv":[5,2.5,7.5,5],"texture":"#0","tintindex":0}}},{"from":[3,0,0],"to":[13,5,5],"faces":{"north":{"uv":[0,2.5,5,5],"texture":"#2"},"east":{"uv":[2.5,7.5,0,10],"texture":"#2"},"south":{"uv":[7,2.5,7.5,5],"texture":"#2"},"west":{"uv":[5,2.5,7.5,5],"texture":"#2"},"up":{"uv":[0,0,5,2.5],"rotation":180,"texture":"#2"},"down":{"uv":[0,5,5,7.5],"texture":"#2"}}},{"from":[3.2,1.2,4.7],"to":[12.8,3.8,9.3],"faces":{"east":{"uv":[10,3,7.5,4.5],"texture":"#0","tintindex":0},"south":{"uv":[5,5,10,6.5],"texture":"#0","tintindex":0},"west":{"uv":[7.5,3,10,4.5],"texture":"#0","tintindex":0}}},{"from":[3.2,1.2,4.7],"to":[12.8,3.8,9.3],"faces":{"east":{"uv":[10,3,7.5,4.5],"texture":"#2"},"south":{"uv":[5,5,10,6.5],"texture":"#2"},"west":{"uv":[7.5,3,10,4.5],"texture":"#2"}}},{"name":"cube inverted","from":[12.8,3.8,9.3],"to":[3.2,1.2,4.7],"faces":{"north":{"uv":[5,6.5,10,5],"texture":"#0","tintindex":0},"east":{"uv":[7.5,4.5,10,3],"texture":"#0","tintindex":0},"west":{"uv":[10,4.5,7.5,3],"texture":"#0","tintindex":0}}},{"from":[5,3.5,9.25],"to":[8,11.5,9.25],"faces":{"north":{"uv":[6,8,9,16],"texture":"#1","tintindex":0},"south":{"uv":[9,8,6,16],"texture":"#1","tintindex":0}}},{"from":[5,3.5,9.25],"to":[8,11.5,9.25],"faces":{"north":{"uv":[10.5,1,12,5],"texture":"#2"},"south":{"uv":[12,1,10.5,5],"texture":"#2"}}},{"name":"cube inverted","from":[12.8,3.8,9.3],"to":[3.2,1.2,4.7],"faces":{"north":{"uv":[5,6.5,10,5],"texture":"#2"},"east":{"uv":[7.5,4.5,10,3],"texture":"#2"},"west":{"uv":[10,4.5,7.5,3],"texture":"#2"}}}],"display":{"gui":{"rotation":[30,135,0],"translation":[2.25,4.5,0]},"head":{"translation":[0,8,5.5],"scale":[1.7,1.7,1.7]},"thirdperson_righthand":{"rotation":[90.0,0.0,0.0],"translation":[-1.0,-5.4375,18.4375],"scale":[0.99609375,0.99609375,0.99609375]}}}