{"credit":"Made with Blockbench","texture_size":[32,32],"textures":{"0":"custom/cosmetics/valentine/cupid_wings","particle":"custom/cosmetics/valentine/cupid_wings"},"elements":[{"from":[9,0,8],"to":[25,16,8],"rotation":{"angle":-45,"axis":"y","origin":[8,8,8]},"faces":{"north":{"uv":[0,0,8,8],"texture":"#0"},"south":{"uv":[8,0,0,8],"texture":"#0"}}},{"from":[-9,0,8],"to":[7,16,8],"rotation":{"angle":45,"axis":"y","origin":[8,8,8]},"faces":{"north":{"uv":[8,0,0,8],"texture":"#0"},"south":{"uv":[0,0,8,8],"texture":"#0"}}},{"from":[7,8,10],"to":[9,11,10],"rotation":{"angle":0,"axis":"y","origin":[15,16,18]},"faces":{"north":{"uv":[10.5,1,11.5,2.5],"texture":"#0","tintindex":0},"south":{"uv":[10.5,1,11.5,2.5],"texture":"#0","tintindex":0}}},{"from":[4,0,9.75],"to":[12,10,9.75],"rotation":{"angle":0,"axis":"y","origin":[12,8,17]},"faces":{"north":{"uv":[12,0,16,5],"texture":"#0","tintindex":0},"south":{"uv":[12,0,16,5],"texture":"#0","tintindex":0}}},{"from":[2,6,10],"to":[7,13,10],"rotation":{"angle":45,"axis":"y","origin":[7,9.5,10]},"faces":{"north":{"uv":[10.5,0,8,3.5],"texture":"#0","tintindex":0},"south":{"uv":[8,0,10.5,3.5],"texture":"#0","tintindex":0}}},{"from":[9,6,10],"to":[14,13,10],"rotation":{"angle":-45,"axis":"y","origin":[9,9.5,10]},"faces":{"north":{"uv":[8,0,10.5,3.5],"texture":"#0","tintindex":0},"south":{"uv":[10.5,0,8,3.5],"texture":"#0","tintindex":0}}}],"display":{"gui":{"rotation":[-2,0,0],"scale":[0.7,0.7,0.7]},"head":{"translation":[0,-48,2],"scale":[1.61,1.61,1.61]},"thirdperson_righthand":{"rotation":[90.0,0.0,0.0],"translation":[-1.0,-3.25,17.599998],"scale":[1.00625,1.00625,1.00625]}}}