{"credit":"Made with Blockbench","texture_size":[32,32],"textures":{"0":"custom/cosmetics/valentine/cupid_quiver","particle":"custom/cosmetics/valentine/cupid_quiver"},"elements":[{"from":[5.5,0,5.5],"to":[10.5,16,10.5],"rotation":{"angle":0,"axis":"y","origin":[13,8,8]},"faces":{"north":{"uv":[0,0,2.5,8],"texture":"#0"},"east":{"uv":[0,0,2.5,8],"texture":"#0"},"south":{"uv":[0,0,2.5,8],"texture":"#0"},"west":{"uv":[0,0,2.5,8],"texture":"#0"},"up":{"uv":[0,8,2.5,10.5],"texture":"#0"},"down":{"uv":[2.5,8,5,10.5],"texture":"#0"}}},{"from":[6,7,8],"to":[7,23,8],"rotation":{"angle":0,"axis":"z","origin":[6.5,8,8]},"faces":{"north":{"uv":[5,0,5.5,8],"texture":"#0"},"south":{"uv":[5,0,5.5,8],"texture":"#0"}}},{"from":[6.5,7,7.5],"to":[6.5,23,8.5],"rotation":{"angle":0,"axis":"z","origin":[6.5,8,8]},"faces":{"east":{"uv":[5,0,5.5,8],"texture":"#0"},"west":{"uv":[5,0,5.5,8],"texture":"#0"}}},{"from":[9,4,6],"to":[10,20,6],"rotation":{"angle":-22.5,"axis":"y","origin":[9.5,5,6]},"faces":{"north":{"uv":[5,0,5.5,8],"texture":"#0"},"south":{"uv":[5,0,5.5,8],"texture":"#0"}}},{"from":[9.5,4,5.5],"to":[9.5,20,6.5],"rotation":{"angle":-22.5,"axis":"y","origin":[9.5,5,6]},"faces":{"east":{"uv":[5,0,5.5,8],"texture":"#0"},"west":{"uv":[5,0,5.5,8],"texture":"#0"}}},{"from":[7,4,5],"to":[8,20,5],"rotation":{"angle":22.5,"axis":"x","origin":[7.5,5,5]},"faces":{"north":{"uv":[5,0,5.5,8],"texture":"#0"},"south":{"uv":[5,0,5.5,8],"texture":"#0"}}},{"from":[7.5,4,4.5],"to":[7.5,20,5.5],"rotation":{"angle":22.5,"axis":"x","origin":[7.5,5,5]},"faces":{"east":{"uv":[5,0,5.5,8],"texture":"#0"},"west":{"uv":[5,0,5.5,8],"texture":"#0"}}},{"from":[5,6,9],"to":[6,22,9],"rotation":{"angle":-22.5,"axis":"z","origin":[5.5,7,9]},"faces":{"north":{"uv":[5,0,5.5,8],"texture":"#0"},"south":{"uv":[5,0,5.5,8],"texture":"#0"}}},{"from":[5.5,6,8.5],"to":[5.5,22,9.5],"rotation":{"angle":-22.5,"axis":"z","origin":[5.5,7,9]},"faces":{"east":{"uv":[5,0,5.5,8],"texture":"#0"},"west":{"uv":[5,0,5.5,8],"texture":"#0"}}},{"from":[9,6,9],"to":[10,22,9],"rotation":{"angle":22.5,"axis":"z","origin":[9.5,7,9]},"faces":{"north":{"uv":[5,0,5.5,8],"texture":"#0"},"south":{"uv":[5,0,5.5,8],"texture":"#0"}}},{"from":[9.5,6,8.5],"to":[9.5,22,9.5],"rotation":{"angle":22.5,"axis":"z","origin":[9.5,7,9]},"faces":{"east":{"uv":[5,0,5.5,8],"texture":"#0"},"west":{"uv":[5,0,5.5,8],"texture":"#0"}}},{"from":[5.5,22,6.5],"to":[5.5,26,11.5],"rotation":{"angle":-22.5,"axis":"z","origin":[5.5,7,9]},"faces":{"east":{"uv":[6.5,2.5,9,4.5],"texture":"#0","tintindex":0},"west":{"uv":[6.5,2.5,9,4.5],"texture":"#0","tintindex":0}}},{"from":[3,22,9],"to":[8,26,9],"rotation":{"angle":-22.5,"axis":"z","origin":[5.5,7,9]},"faces":{"north":{"uv":[6.5,2.5,9,4.5],"texture":"#0","tintindex":0},"south":{"uv":[6.5,2.5,9,4.5],"texture":"#0","tintindex":0}}},{"from":[4,23,8],"to":[9,27,8],"rotation":{"angle":0,"axis":"z","origin":[6.5,8,8]},"faces":{"north":{"uv":[6.5,2.5,9,4.5],"texture":"#0","tintindex":0},"south":{"uv":[6.5,2.5,9,4.5],"texture":"#0","tintindex":0}}},{"from":[6.5,23,5.5],"to":[6.5,27,10.5],"rotation":{"angle":0,"axis":"z","origin":[6.5,8,8]},"faces":{"east":{"uv":[6.5,2.5,9,4.5],"texture":"#0","tintindex":0},"west":{"uv":[6.5,2.5,9,4.5],"texture":"#0","tintindex":0}}},{"from":[9.5,22,6.5],"to":[9.5,26,11.5],"rotation":{"angle":22.5,"axis":"z","origin":[9.5,7,9]},"faces":{"east":{"uv":[6.5,2.5,9,4.5],"texture":"#0","tintindex":0},"west":{"uv":[6.5,2.5,9,4.5],"texture":"#0","tintindex":0}}},{"from":[7,22,9],"to":[12,26,9],"rotation":{"angle":22.5,"axis":"z","origin":[9.5,7,9]},"faces":{"north":{"uv":[6.5,2.5,9,4.5],"texture":"#0","tintindex":0},"south":{"uv":[6.5,2.5,9,4.5],"texture":"#0","tintindex":0}}},{"from":[7.5,20,2.5],"to":[7.5,24,7.5],"rotation":{"angle":22.5,"axis":"x","origin":[7.5,5,5]},"faces":{"east":{"uv":[6.5,2.5,9,4.5],"texture":"#0","tintindex":0},"west":{"uv":[6.5,2.5,9,4.5],"texture":"#0","tintindex":0}}},{"from":[5,20,5],"to":[10,24,5],"rotation":{"angle":22.5,"axis":"x","origin":[7.5,5,5]},"faces":{"north":{"uv":[6.5,2.5,9,4.5],"texture":"#0","tintindex":0},"south":{"uv":[6.5,2.5,9,4.5],"texture":"#0","tintindex":0}}},{"from":[9.5,20,3.5],"to":[9.5,24,8.5],"rotation":{"angle":-22.5,"axis":"y","origin":[9.5,5,6]},"faces":{"east":{"uv":[6.5,2.5,9,4.5],"texture":"#0","tintindex":0},"west":{"uv":[6.5,2.5,9,4.5],"texture":"#0","tintindex":0}}},{"from":[7,20,6],"to":[12,24,6],"rotation":{"angle":-22.5,"axis":"y","origin":[9.5,5,6]},"faces":{"north":{"uv":[6.5,2.5,9,4.5],"texture":"#0","tintindex":0},"south":{"uv":[6.5,2.5,9,4.5],"texture":"#0","tintindex":0}}},{"from":[5.25,-0.25,5.25],"to":[10.75,16.25,10.75],"rotation":{"angle":0,"axis":"y","origin":[13,8,8]},"faces":{"north":{"uv":[2.5,0,5,8],"texture":"#0","tintindex":0},"east":{"uv":[2.5,0,5,8],"texture":"#0","tintindex":0},"south":{"uv":[2.5,0,5,8],"texture":"#0","tintindex":0},"west":{"uv":[2.5,0,5,8],"texture":"#0","tintindex":0}}},{"from":[10,14,9],"to":[20,16,9],"rotation":{"angle":-45,"axis":"z","origin":[10,15,9]},"faces":{"north":{"uv":[6.5,2.5,5.5,8],"rotation":90,"texture":"#0","tintindex":0},"south":{"uv":[5.5,2.5,6.5,8],"rotation":270,"texture":"#0","tintindex":0}}},{"from":[10,12,7],"to":[25,14,7],"rotation":{"angle":-45,"axis":"z","origin":[10,13,7]},"faces":{"north":{"uv":[6.5,0.5,5.5,8],"rotation":90,"texture":"#0","tintindex":0},"south":{"uv":[5.5,0.5,6.5,8],"rotation":270,"texture":"#0","tintindex":0}}},{"from":[-6.5,10,10],"to":[4.5,15,10],"rotation":{"angle":-45,"axis":"y","origin":[1,18,18]},"faces":{"north":{"uv":[6.5,0,12,2.5],"texture":"#0","tintindex":0},"south":{"uv":[6.5,0,12,2.5],"texture":"#0","tintindex":0}}},{"from":[10.75,16.25,10.75],"to":[5.25,-0.25,5.25],"rotation":{"angle":0,"axis":"y","origin":[18,24,13]},"faces":{"north":{"uv":[2.5,0,5,8],"rotation":180,"texture":"#0","tintindex":0},"east":{"uv":[2.5,0,5,8],"rotation":180,"texture":"#0","tintindex":0},"south":{"uv":[2.5,0,5,8],"rotation":180,"texture":"#0","tintindex":0},"west":{"uv":[2.5,0,5,8],"rotation":180,"texture":"#0","tintindex":0}}}],"display":{"gui":{"rotation":[5,30,-45],"translation":[-1.5,-1.25,0],"scale":[0.54,0.54,0.54]},"head":{"rotation":[0,0,-45],"translation":[-2.5,-51.75,7.5],"scale":[1.61,1.61,1.61]},"thirdperson_righthand":{"rotation":[90.0,0,-45],"translation":[-2.5625,-6.6875,15.256248],"scale":[1.00625,1.00625,1.00625]}},"groups":[0,{"name":"group","origin":[17,20,17],"children":[1,2]},{"name":"group","origin":[17,20,17],"children":[3,4]},{"name":"group","origin":[17,20,17],"children":[5,6]},{"name":"group","origin":[17,20,17],"children":[7,8]},{"name":"group","origin":[17,20,17],"children":[9,10]},{"name":"group","origin":[1,18,18],"children":[11,12,13,14,15,16,17,18,19,20,21,22,23,24]},25]}