{"credit":"Made with Blockbench","texture_size":[32,32],"textures":{"0":"custom/cosmetics/valentine/flower_bouquet","particle":"custom/cosmetics/valentine/flower_bouquet"},"elements":[{"from":[6.5,6.5,9.5],"to":[9.5,6.5,16.5],"rotation":{"angle":-22.5,"axis":"x","origin":[8,6.5,10]},"faces":{"up":{"uv":[0,4.5,1.5,8],"rotation":180,"texture":"#0"},"down":{"uv":[0,4.5,1.5,8],"texture":"#0"}}},{"from":[6.5,6.5,-0.5],"to":[9.5,6.5,6.5],"rotation":{"angle":22.5,"axis":"x","origin":[8,6.5,6]},"faces":{"up":{"uv":[0,4.5,1.5,8],"texture":"#0"},"down":{"uv":[0,4.5,1.5,8],"rotation":180,"texture":"#0"}}},{"from":[-0.5,6.5,6.5],"to":[6.5,6.5,9.5],"rotation":{"angle":-22.5,"axis":"z","origin":[6,6.5,8]},"faces":{"up":{"uv":[0,4.5,1.5,8],"rotation":270,"texture":"#0"},"down":{"uv":[0,4.5,1.5,8],"rotation":270,"texture":"#0"}}},{"from":[9.5,6.5,6.5],"to":[16.5,6.5,9.5],"rotation":{"angle":22.5,"axis":"z","origin":[10,6.5,8]},"faces":{"up":{"uv":[0,4.5,1.5,8],"rotation":90,"texture":"#0"},"down":{"uv":[0,4.5,1.5,8],"rotation":90,"texture":"#0"}}},{"from":[6.5,-1,6.5],"to":[9.5,6,9.5],"rotation":{"angle":0,"axis":"y","origin":[15,7,11]},"faces":{"north":{"uv":[0,8,1.5,11.5],"texture":"#0"},"east":{"uv":[0,8,1.5,11.5],"texture":"#0"},"south":{"uv":[0,8,1.5,11.5],"texture":"#0"},"west":{"uv":[0,8,1.5,11.5],"texture":"#0"},"up":{"uv":[1.5,5,3,6.5],"texture":"#0"},"down":{"uv":[0.5,9.5,1,10],"texture":"#0"}}},{"from":[4.5,6,3.5],"to":[11.5,6,6.5],"rotation":{"angle":-22.5,"axis":"x","origin":[8,6,6.5]},"faces":{"up":{"uv":[3,5,6.5,6.5],"rotation":180,"texture":"#0"},"down":{"uv":[3,5,6.5,6.5],"texture":"#0"}}},{"from":[4.5,6,9.5],"to":[11.5,6,12.5],"rotation":{"angle":22.5,"axis":"x","origin":[8,6,9.5]},"faces":{"up":{"uv":[3,5,6.5,6.5],"texture":"#0"},"down":{"uv":[3,5,6.5,6.5],"rotation":180,"texture":"#0"}}},{"from":[9.7,6.2,9.7],"to":[6.3,-1.2,6.3],"rotation":{"angle":0,"axis":"y","origin":[8,6.83333,8]},"faces":{"north":{"uv":[1.5,8,3,11.5],"rotation":180,"texture":"#0","tintindex":0},"east":{"uv":[1.5,8,3,11.5],"rotation":180,"texture":"#0","tintindex":0},"south":{"uv":[1.5,8,3,11.5],"rotation":180,"texture":"#0","tintindex":0},"west":{"uv":[1.5,8,3,11.5],"rotation":180,"texture":"#0","tintindex":0}}},{"from":[6.3,-1.2,6.3],"to":[9.7,6.2,9.7],"rotation":{"angle":0,"axis":"y","origin":[15,7,11]},"faces":{"north":{"uv":[1.5,8,3,11.5],"texture":"#0","tintindex":0},"east":{"uv":[1.5,8,3,11.5],"texture":"#0","tintindex":0},"south":{"uv":[1.5,8,3,11.5],"texture":"#0","tintindex":0},"west":{"uv":[1.5,8,3,11.5],"texture":"#0","tintindex":0}}},{"from":[3.5,6,8],"to":[12.5,18,8],"rotation":{"angle":-45,"axis":"y","origin":[8,12,8]},"faces":{"north":{"uv":[8.5,0,13,6],"texture":"#0"},"south":{"uv":[8.5,0,13,6],"texture":"#0"}}},{"from":[8,10,3.5],"to":[8,20,12.5],"rotation":{"angle":22.5,"axis":"y","origin":[8,15,8]},"faces":{"east":{"uv":[3.5,0,8,5],"texture":"#0","tintindex":0},"west":{"uv":[3.5,0,8,5],"texture":"#0","tintindex":0}}},{"from":[3.5,10,8],"to":[12.5,20,8],"rotation":{"angle":22.5,"axis":"y","origin":[8,15,8]},"faces":{"north":{"uv":[3.5,0,8,5],"texture":"#0","tintindex":0},"south":{"uv":[3.5,0,8,5],"texture":"#0","tintindex":0}}},{"from":[3.5,6,8],"to":[12.5,18,8],"rotation":{"angle":45,"axis":"y","origin":[8,12,8]},"faces":{"north":{"uv":[8.5,0,13,6],"texture":"#0"},"south":{"uv":[8.5,0,13,6],"texture":"#0"}}},{"from":[7,9,4],"to":[11,9,7],"rotation":{"angle":-22.5,"axis":"x","origin":[9,9,5.5]},"faces":{"up":{"uv":[0,0,2,1.5],"texture":"#0","tintindex":0},"down":{"uv":[0,0,2,1.5],"texture":"#0","tintindex":0}}},{"from":[4.5,13,5.5],"to":[7.5,13,9.5],"rotation":{"angle":22.5,"axis":"z","origin":[9,9,12.5]},"faces":{"up":{"uv":[0,0,2,1.5],"rotation":270,"texture":"#0","tintindex":0},"down":{"uv":[0,0,2,1.5],"rotation":90,"texture":"#0","tintindex":0}}},{"from":[7.5,14,5.5],"to":[10.5,14,9.5],"rotation":{"angle":-22.5,"axis":"z","origin":[7,9,12.5]},"faces":{"up":{"uv":[0,0,2,1.5],"rotation":270,"texture":"#0","tintindex":0},"down":{"uv":[0,0,2,1.5],"rotation":90,"texture":"#0","tintindex":0}}},{"from":[6,6,14],"to":[10,6,17],"rotation":{"angle":45,"axis":"x","origin":[4,13,15.5]},"faces":{"up":{"uv":[0,1.5,2,3],"rotation":180,"texture":"#0","tintindex":0},"down":{"uv":[0,1.5,2,3],"rotation":180,"texture":"#0","tintindex":0}}}],"display":{"thirdperson_righthand":{"rotation":[44.0,-12.0,12.0],"translation":[-3.015625,3.390625,5.078125],"scale":[0.9375,0.9375,0.9375]},"thirdperson_lefthand":{"rotation":[44,12,-12],"translation":[1.15,3.75,4.75]},"firstperson_righthand":{"rotation":[12,119,0],"translation":[10.25,-0.75,0],"scale":[0,0,0]},"firstperson_lefthand":{"rotation":[12,119,0],"translation":[10.25,-0.75,0],"scale":[0,0,0]},"ground":{"translation":[0,5.75,0],"scale":[0.49,0.49,0.49]},"gui":{"rotation":[30,-156,46],"translation":[-0.75,-1,0],"scale":[0.81,0.81,0.81]},"head":{"translation":[0,12,0],"scale":[1.6,1.6,1.6]},"fixed":{"rotation":[-90,0,0],"translation":[0,0,-18],"scale":[2,2,2]}},"groups":[{"name":"group","origin":[8,8,8],"color":0,"children":[0,1,2,3,4]},5,6,{"name":"group","origin":[12,19,10],"color":0,"children":[7,8]},9,10,11,12,13,14,15,16]}