{"credit":"Made with Blockbench","texture_size":[32,32],"textures":{"0":"custom/cosmetics/valentine/heart_wings","particle":"custom/cosmetics/valentine/heart_wings"},"elements":[{"from":[8,-5.65685,5.82843],"to":[18,3.34315,5.82843],"rotation":{"angle":22.5,"axis":"z","origin":[13,-1.15685,5.82843]},"faces":{"north":{"uv":[13,0,8,4.5],"rotation":180,"texture":"#0"},"south":{"uv":[13,0,8,4.5],"rotation":180,"texture":"#0"}}},{"from":[16.5,-2.5,6],"to":[31.5,13.5,6],"rotation":{"angle":-22.5,"axis":"y","origin":[8,7.5,-7]},"faces":{"north":{"uv":[8,7.5,0,0],"rotation":90,"texture":"#0"},"south":{"uv":[0,0,8,7.5],"rotation":90,"texture":"#0"}}},{"from":[-15.5,-2.5,6],"to":[-0.5,13.5,6],"rotation":{"angle":22.5,"axis":"y","origin":[8,7.5,-7]},"faces":{"north":{"uv":[8,0,0,7.5],"rotation":90,"texture":"#0"},"south":{"uv":[0,7.5,8,0],"rotation":90,"texture":"#0"}}},{"from":[16.5,-2.5,6],"to":[31.5,13.5,6],"rotation":{"angle":-22.5,"axis":"y","origin":[8,7.5,-7]},"faces":{"north":{"uv":[8,15,0,7.5],"rotation":90,"texture":"#0","tintindex":0},"south":{"uv":[0,7.5,8,15],"rotation":90,"texture":"#0","tintindex":0}}},{"from":[-15.5,-2.5,6],"to":[-0.5,13.5,6],"rotation":{"angle":22.5,"axis":"y","origin":[8,7.5,-7]},"faces":{"north":{"uv":[8,7.5,0,15],"rotation":90,"texture":"#0","tintindex":0},"south":{"uv":[0,15,8,7.5],"rotation":90,"texture":"#0","tintindex":0}}},{"from":[-2,-5.65685,5.82843],"to":[8,3.34315,5.82843],"rotation":{"angle":-22.5,"axis":"z","origin":[3,-1.15685,5.82843]},"faces":{"north":{"uv":[8,0,13,4.5],"rotation":180,"texture":"#0"},"south":{"uv":[8,0,13,4.5],"rotation":180,"texture":"#0"}}},{"from":[8,-5.65685,5.82843],"to":[18,3.34315,5.82843],"rotation":{"angle":22.5,"axis":"z","origin":[13,-1.15685,5.82843]},"faces":{"north":{"uv":[13,4.5,8,9],"rotation":180,"texture":"#0","tintindex":0},"south":{"uv":[13,4.5,8,9],"rotation":180,"texture":"#0","tintindex":0}}},{"from":[-2,-5.65685,5.82843],"to":[8,3.34315,5.82843],"rotation":{"angle":-22.5,"axis":"z","origin":[3,-1.15685,5.82843]},"faces":{"north":{"uv":[8,4.5,13,9],"rotation":180,"texture":"#0","tintindex":0},"south":{"uv":[8,4.5,13,9],"rotation":180,"texture":"#0","tintindex":0}}}],"gui_light":"front","display":{"gui":{"translation":[0,2,0],"scale":[0.47,0.47,0.47]},"head":{"rotation":[-24,0,0],"translation":[0,-40,2.5],"scale":[1.6,1.6,1.6]},"thirdperson_righthand":{"rotation":[66.0,0,0],"translation":[-1.0,-3.5625,22.599998],"scale":[1.0,1.0,1.0]}}}