{"credit":"Made with Blockbench","texture_size":[64,64],"textures":{"0":"custom/cosmetics/valentine/bear_helmet","particle":"custom/cosmetics/valentine/bear_helmet"},"elements":[{"from":[3,-1,3],"to":[13,13,13],"faces":{"north":{"uv":[0,0,2.5,3.5],"texture":"#0"},"east":{"uv":[5,0,2.5,3.5],"texture":"#0"},"south":{"uv":[7.5,0,5,3.5],"texture":"#0"},"west":{"uv":[2.5,0,5,3.5],"texture":"#0"},"up":{"uv":[7.5,0,10,2.5],"texture":"#0"},"down":{"uv":[7.5,2.5,10,5],"texture":"#0"}}},{"from":[4,5,0],"to":[12,9,3],"faces":{"north":{"uv":[0,4.25,2,5.25],"texture":"#0"},"east":{"uv":[2.75,4.25,2,5.25],"texture":"#0"},"west":{"uv":[2,4.25,2.75,5.25],"texture":"#0"},"up":{"uv":[0,3.5,2,4.25],"rotation":180,"texture":"#0"},"down":{"uv":[0,5.25,2,6],"texture":"#0"}}},{"from":[4,5,0],"to":[12,9,3],"faces":{"north":{"uv":[0,6.75,2,7.75],"texture":"#0","tintindex":0},"up":{"uv":[0,6,2,6.75],"rotation":180,"texture":"#0","tintindex":0}}},{"from":[0,10,7],"to":[6,16,9],"faces":{"north":{"uv":[4.25,3.5,2.75,5],"texture":"#0"},"east":{"uv":[4,3.5,4.25,5],"texture":"#0"},"south":{"uv":[2.75,5,4.25,6.5],"texture":"#0"},"west":{"uv":[2.75,3.5,3,5],"texture":"#0"},"up":{"uv":[2.75,3.5,3,5],"rotation":90,"texture":"#0"},"down":{"uv":[4,3.5,4.25,5],"rotation":270,"texture":"#0"}}},{"from":[0,10,7],"to":[6,16,9],"faces":{"north":{"uv":[5.75,3.5,4.25,5],"texture":"#0","tintindex":0}}},{"from":[10,10,7],"to":[16,16,9],"rotation":{"angle":0,"axis":"y","origin":[16,0,0]},"faces":{"north":{"uv":[4.25,3.5,5.75,5],"texture":"#0","tintindex":0}}},{"from":[10,10,7],"to":[16,16,9],"rotation":{"angle":0,"axis":"y","origin":[16,0,0]},"faces":{"north":{"uv":[2.75,3.5,4.25,5],"texture":"#0"},"east":{"uv":[3,3.5,2.75,5],"texture":"#0"},"south":{"uv":[4.25,5,2.75,6.5],"texture":"#0"},"west":{"uv":[4.25,3.5,4,5],"texture":"#0"},"up":{"uv":[2.75,5,3,3.5],"rotation":90,"texture":"#0"},"down":{"uv":[4,5,4.25,3.5],"rotation":270,"texture":"#0"}}},{"name":"cube inverted","from":[13,13,13],"to":[3,-1,3],"faces":{"north":{"uv":[7.5,3.5,5,0],"texture":"#0"},"east":{"uv":[2.5,3.5,5,0],"texture":"#0"},"south":{"uv":[0,3.5,2.5,0],"texture":"#0"},"west":{"uv":[5,3.5,2.5,0],"texture":"#0"},"up":{"uv":[10,2.5,7.5,5],"texture":"#0"},"down":{"uv":[10,0,7.5,2.5],"texture":"#0"}}},{"from":[4,-3,2.75],"to":[12,1,2.75],"rotation":{"angle":-22.5,"axis":"x","origin":[8,-1,2.75]},"faces":{"north":{"uv":[4.25,5,6.25,6],"texture":"#0","tintindex":0},"south":{"uv":[4.25,5,6.25,6],"texture":"#0","tintindex":0}}}],"display":{"gui":{"rotation":[30,135,0],"translation":[0,0.5,0],"scale":[0.7,0.7,0.7]},"head":{"translation":[0,6.75,0],"scale":[1.68,1.68,1.68]},"thirdperson_righthand":{"rotation":[90.0,0.0,0.0],"translation":[-1.0,-2.0,17.705078],"scale":[0.98437494,0.98437494,0.98437494]}}}