{"credit":"Made with Blockbench","texture_size":[32,32],"textures":{"0":"custom/furniture/christmas/snow_globe","1":"custom/furniture/christmas/snow_globe_ani","2":"custom/cosmetics/christmas/snow_globe","4":"custom/cosmetics/christmas/snow_globe_handle","particle":"custom/furniture/christmas/snow_globe"},"elements":[{"from":[1,0,1],"to":[15,2,15],"faces":{"north":{"uv":[0,7,7,8],"texture":"#0","tintindex":0},"east":{"uv":[0,7,7,8],"texture":"#0","tintindex":0},"south":{"uv":[0,7,7,8],"texture":"#0","tintindex":0},"west":{"uv":[0,7,7,8],"texture":"#0","tintindex":0},"up":{"uv":[0,8,7,15],"texture":"#0","tintindex":0},"down":{"uv":[7,8,14,15],"texture":"#0","tintindex":0}}},{"from":[2,2.1,2],"to":[14,2.1,14],"faces":{"up":{"uv":[0.5,8.5,6.5,14.5],"rotation":180,"texture":"#2"}}},{"from":[2,2,2],"to":[14,13,14],"faces":{"north":{"uv":[0.5,1.5,6.5,7],"texture":"#0"},"east":{"uv":[0.5,1.5,6.5,7],"texture":"#0"},"south":{"uv":[0.5,1.5,6.5,7],"texture":"#0"},"west":{"uv":[0.5,1.5,6.5,7],"texture":"#0"},"up":{"uv":[6.5,1,12.5,7],"texture":"#0"}}},{"from":[3,7,9],"to":[7,10,13],"rotation":{"angle":22.5,"axis":"y","origin":[5,7,11]},"faces":{"north":{"uv":[0,2,2,3.5],"texture":"#2"},"east":{"uv":[4,2,2,3.5],"texture":"#2"},"south":{"uv":[3.5,2,5.5,3.5],"texture":"#2"},"west":{"uv":[2,2,4,3.5],"texture":"#2"},"up":{"uv":[0,0,2,2],"rotation":180,"texture":"#2"}}},{"from":[0,2,8],"to":[16,13,8],"rotation":{"angle":45,"axis":"y","origin":[8,7.5,8]},"faces":{"north":{"uv":[0,0,16,11],"texture":"#1"},"south":{"uv":[0,0,16,11],"texture":"#1"}}},{"from":[8,2,0],"to":[8,13,16],"rotation":{"angle":45,"axis":"y","origin":[8,7.5,8]},"faces":{"east":{"uv":[0,0,16,11],"texture":"#1"},"west":{"uv":[0,0,16,11],"texture":"#1"}}},{"from":[3,2,9],"to":[7,7,13],"faces":{"north":{"uv":[0,3.5,2,6],"texture":"#2"},"east":{"uv":[2.5,3.5,4.5,6],"texture":"#2"},"south":{"uv":[2.5,3.5,4.5,6],"texture":"#2"},"west":{"uv":[2.5,3.5,4.5,6],"texture":"#2"},"up":{"uv":[4,2,4.5,2.5],"texture":"#2"}}},{"from":[9,5,4],"to":[13,8,8],"rotation":{"angle":-22.5,"axis":"y","origin":[11,6.5,6]},"faces":{"north":{"uv":[0,2,2,3.5],"texture":"#2"},"east":{"uv":[4,2,2,3.5],"texture":"#2"},"south":{"uv":[3.5,2,5.5,3.5],"texture":"#2"},"west":{"uv":[2,2,4,3.5],"texture":"#2"},"up":{"uv":[0,0,2,2],"rotation":180,"texture":"#2"}}},{"from":[9,2,4],"to":[13,5,8],"faces":{"north":{"uv":[0,4.5,2,6],"texture":"#2"},"east":{"uv":[2.5,4.5,4.5,6],"texture":"#2"},"south":{"uv":[2.5,4.5,4.5,6],"texture":"#2"},"west":{"uv":[2.5,4.5,4.5,6],"texture":"#2"},"up":{"uv":[4,2,4.5,2.5],"texture":"#2"}}},{"from":[-2,1.5,4.5],"to":[1,1.5,9.5],"rotation":{"angle":-22.5,"axis":"x","origin":[-0.5,1.5,7]},"faces":{"up":{"uv":[0,0,3,5],"rotation":180,"texture":"#4"},"down":{"uv":[3,0,0,5],"texture":"#4"}}}],"display":{"thirdperson_righthand":{"rotation":[108.0,-180,0],"translation":[-1.0,-9.65625,17.443748],"scale":[1.0,1.0,1.0]},"thirdperson_lefthand":{"rotation":[65,56,0],"translation":[0,2.25,1.25],"scale":[0.31,0.31,0.31]},"firstperson_righthand":{"rotation":[0,140,0],"translation":[10.25,0.5,-8.5]},"firstperson_lefthand":{"rotation":[0,140,0],"translation":[10.25,0.5,-8.5]},"ground":{"translation":[0,5.75,0],"scale":[0.39,0.39,0.39]},"gui":{"rotation":[30,135,0],"translation":[0,1.25,0],"scale":[0.76,0.76,0.76]},"head":{"rotation":[18,-180,0],"translation":[0,-48.25,12.25],"scale":[1.6,1.6,1.6]},"fixed":{"rotation":[90,0,0],"translation":[0,0,-16],"scale":[2.01,2.01,2.01]}}}