{"credit":"Made with Blockbench","texture_size":[64,64],"textures":{"0":"custom/cosmetics/vote/rascal_balloon/rascal_balloon","particle":"custom/cosmetics/vote/rascal_balloon/rascal_balloon"},"elements":[{"from":[4,0,4],"to":[12,8,12],"faces":{"north":{"uv":[13,8,15,10],"texture":"#0"},"east":{"uv":[13,8,15,10],"texture":"#0"},"south":{"uv":[13,8,15,10],"texture":"#0"},"west":{"uv":[13,8,15,10],"texture":"#0"},"up":{"uv":[10.75,8,12.75,10],"texture":"#0"},"down":{"uv":[10.75,10.25,12.75,12.25],"texture":"#0"}}}],"display":{"gui":{"rotation":[30,135,0],"translation":[-0.25,1,0],"scale":[0.57,0.57,0.57]},"head":{"translation":[0,-6,9],"scale":[2.2857,2.2857,2.2857]}},"groups":[{"name":"group","origin":[0,0,0],"color":0,"children":[]},{"name":"group","origin":[0,0,0],"color":0,"children":[]},0]}