{"credit":"Made with Blockbench","texture_size":[64,64],"textures":{"0":"custom/cosmetics/samurai/samurai_swords","particle":"custom/cosmetics/samurai/samurai_swords"},"elements":[{"from":[7,-16,8],"to":[9,20,8],"rotation":{"angle":45,"axis":"z","origin":[8,5.66667,7]},"faces":{"north":{"uv":[0.75,2,0.25,11],"texture":"#0"},"south":{"uv":[0.25,2,0.75,11],"texture":"#0"}}},{"from":[7,21,7],"to":[9,28,9],"rotation":{"angle":45,"axis":"z","origin":[8,5.66667,7]},"faces":{"north":{"uv":[0.25,0,0.75,1.75],"texture":"#0"},"east":{"uv":[0.25,0,0.75,1.75],"texture":"#0"},"south":{"uv":[0.25,0,0.75,1.75],"texture":"#0"},"west":{"uv":[0.25,0,0.75,1.75],"texture":"#0"},"up":{"uv":[0.5,0,0.75,0.25],"texture":"#0"}}},{"from":[6,20,6],"to":[10,21,10],"rotation":{"angle":45,"axis":"z","origin":[8,5.66667,7]},"faces":{"north":{"uv":[0,1.75,1,2],"texture":"#0"},"east":{"uv":[0,1.75,1,2],"texture":"#0"},"south":{"uv":[0,1.75,1,2],"texture":"#0"},"west":{"uv":[0,1.75,1,2],"texture":"#0"},"up":{"uv":[0.75,0,1.75,1],"texture":"#0"},"down":{"uv":[0.75,0,1.75,1],"texture":"#0"}}},{"from":[7,-16,8],"to":[9,20,8],"rotation":{"angle":-45,"axis":"z","origin":[8,5.66667,7]},"faces":{"north":{"uv":[0.75,2,0.25,11],"texture":"#0"},"south":{"uv":[0.25,2,0.75,11],"texture":"#0"}}},{"from":[7,21,7],"to":[9,28,9],"rotation":{"angle":-45,"axis":"z","origin":[8,5.66667,7]},"faces":{"north":{"uv":[0.25,0,0.75,1.75],"texture":"#0"},"east":{"uv":[0.25,0,0.75,1.75],"texture":"#0"},"south":{"uv":[0.25,0,0.75,1.75],"texture":"#0"},"west":{"uv":[0.25,0,0.75,1.75],"texture":"#0"},"up":{"uv":[0.5,0,0.75,0.25],"texture":"#0"}}},{"from":[6,20,6],"to":[10,21,10],"rotation":{"angle":-45,"axis":"z","origin":[8,5.66667,7]},"faces":{"north":{"uv":[0,1.75,1,2],"texture":"#0"},"east":{"uv":[0,1.75,1,2],"texture":"#0"},"south":{"uv":[0,1.75,1,2],"texture":"#0"},"west":{"uv":[0,1.75,1,2],"texture":"#0"},"up":{"uv":[0.75,0,1.75,1],"texture":"#0"},"down":{"uv":[0.75,0,1.75,1],"texture":"#0"}}},{"from":[0,-9,9],"to":[16,11,9],"faces":{"north":{"uv":[1,1,5,6],"texture":"#0"},"south":{"uv":[1,1,5,6],"texture":"#0"}}},{"from":[-1,11,7],"to":[17,13,9],"faces":{"north":{"uv":[1.75,0.5,6.25,1],"texture":"#0"},"east":{"uv":[6,0.5,6.25,1],"texture":"#0"},"south":{"uv":[1.75,0.5,6.25,1],"texture":"#0"},"west":{"uv":[6,0.5,6.25,1],"texture":"#0"},"up":{"uv":[1.75,0,6.25,0.5],"texture":"#0"},"down":{"uv":[1.75,0.75,6.25,1],"texture":"#0"}}}],"display":{"gui":{"translation":[0,1,0],"scale":[0.48,0.48,0.48]},"head":{"rotation":[-6,0,0],"translation":[0,-48.5,6],"scale":[1.61,1.61,1.61]},"thirdperson_righthand":{"rotation":[84.0,0,0],"translation":[-1.0,-5.75,17.287498],"scale":[1.00625,1.00625,1.00625]}},"groups":[{"name":"group","origin":[0,0,0],"children":[0,1,2]},{"name":"group","origin":[0,0,0],"children":[3,4,5]},6,7]}