{"providers":[{"type":"space","advances":{" ":4,"‌":0}},{"type":"bitmap","file":"custom/ui/pixel.png","ascent":-42,"height":2,"chars":["꤁"]},{"type":"bitmap","file":"custom/ui/pixel.png","ascent":-42,"height":2,"chars":["꤁"]},{"type":"bitmap","file":"custom/ui/pixel.png","ascent":-44,"height":2,"chars":["꤂"]},{"type":"bitmap","file":"custom/ui/pixel.png","ascent":-46,"height":2,"chars":["꤃"]},{"type":"bitmap","file":"custom/ui/pixel.png","ascent":-48,"height":2,"chars":["꤄"]},{"type":"bitmap","file":"custom/ui/pixel.png","ascent":-50,"height":2,"chars":["꤅"]},{"type":"bitmap","file":"custom/ui/pixel.png","ascent":-52,"height":2,"chars":["꤆"]},{"type":"bitmap","file":"custom/ui/pixel.png","ascent":-54,"height":2,"chars":["꤇"]},{"type":"bitmap","file":"custom/ui/pixel.png","ascent":-56,"height":2,"chars":["꤈"]},{"type":"bitmap","file":"custom/ui/dungeons/party_ui_case_noline.png","ascent":-40,"height":21,"chars":["꤉"]},{"type":"bitmap","file":"custom/ui/heart_full.png","ascent":-46,"height":9,"chars":["ꤊ"]},{"type":"bitmap","file":"custom/ui/heart_flash.png","ascent":-46,"height":9,"chars":["ꤋ"]},{"type":"bitmap","file":"custom/ui/death_skull.png","ascent":-46,"height":9,"chars":["ꤌ"]},{"type":"bitmap","file":"custom/ui/ruby_hud_numbers.png","ascent":-46,"height":8,"chars":["0123456789"]}]}