{"providers":[{"type":"space","advances":{" ":4,"‌":0}},{"type":"bitmap","file":"custom/ui/pixel.png","ascent":-22,"height":2,"chars":["꤁"]},{"type":"bitmap","file":"custom/ui/pixel.png","ascent":-24,"height":2,"chars":["꤂"]},{"type":"bitmap","file":"custom/ui/pixel.png","ascent":-26,"height":2,"chars":["꤃"]},{"type":"bitmap","file":"custom/ui/pixel.png","ascent":-28,"height":2,"chars":["꤄"]},{"type":"bitmap","file":"custom/ui/pixel.png","ascent":-30,"height":2,"chars":["꤅"]},{"type":"bitmap","file":"custom/ui/pixel.png","ascent":-32,"height":2,"chars":["꤆"]},{"type":"bitmap","file":"custom/ui/pixel.png","ascent":-34,"height":2,"chars":["꤇"]},{"type":"bitmap","file":"custom/ui/pixel.png","ascent":-36,"height":2,"chars":["꤈"]},{"type":"bitmap","file":"custom/ui/dungeons/party_ui_case_noline.png","ascent":-20,"height":21,"chars":["꤉"]},{"type":"bitmap","file":"custom/ui/heart_full.png","ascent":-26,"height":9,"chars":["ꤊ"]},{"type":"bitmap","file":"custom/ui/heart_flash.png","ascent":-26,"height":9,"chars":["ꤋ"]},{"type":"bitmap","file":"custom/ui/death_skull.png","ascent":-26,"height":9,"chars":["ꤌ"]},{"type":"bitmap","file":"custom/ui/ruby_hud_numbers.png","ascent":-27,"height":8,"chars":["0123456789"]}]}