{"credit":"Made with Blockbench","texture_size":[64,64],"textures":{"0":"custom/cosmetics/may4th/baby_yoda_carrier","1":"custom/cosmetics/may4th/baby_yoda_blink","particle":"custom/cosmetics/may4th/baby_yoda_blink"},"elements":[{"from":[6.1887503,0.8576894,5.788714],"to":[9.81125,2.8701892,8.203714],"faces":{"north":{"uv":[0,0,9,5],"texture":"#1"},"east":{"uv":[3.75,0,2.25,1.25],"texture":"#0"},"south":{"uv":[2.25,1.5,4.5,2.75],"texture":"#0"},"west":{"uv":[2.25,0,3.75,1.25],"texture":"#0"},"up":{"uv":[0,1.25,2.25,2.75],"rotation":180,"texture":"#0"}}},{"from":[11.82375,2.467689,6.996214],"to":[9.81125,1.2601895,6.5937138],"faces":{"north":{"uv":[5,0,3.75,0.75],"rotation":180,"texture":"#0"},"down":{"uv":[5,0,3.75,0.25],"rotation":180,"texture":"#0"}}},{"from":[6.1887503,2.467689,6.996214],"to":[4.17625,1.2601895,6.5937138],"faces":{"north":{"uv":[3.75,0,5,0.75],"rotation":180,"texture":"#0"},"down":{"uv":[5,0,3.75,0.25],"rotation":180,"texture":"#0"}}},{"from":[9.81125,1.2601895,6.5937138],"to":[11.82375,2.467689,6.996214],"faces":{"south":{"uv":[3.75,0.75,5,1.5],"texture":"#0"},"up":{"uv":[5,0,3.75,0.25],"rotation":180,"texture":"#0"}}},{"from":[4.17625,1.2601895,6.5937138],"to":[6.1887503,2.467689,6.996214],"faces":{"south":{"uv":[5,0.75,3.75,1.5],"texture":"#0"},"up":{"uv":[5,0,3.75,0.25],"rotation":180,"texture":"#0"}}},{"from":[5.78625,-0.3498106,5.386214],"to":[10.21375,0.8576894,8.606214],"faces":{"north":{"uv":[0,2.75,2.75,3.5],"texture":"#0"},"east":{"uv":[2.75,2.75,4.75,3.5],"texture":"#0"},"south":{"uv":[0,2.75,2.75,3.5],"texture":"#0"},"west":{"uv":[2.75,2.75,4.75,3.5],"texture":"#0"},"up":{"uv":[0,3.5,2.75,5.5],"texture":"#0"},"down":{"uv":[0,5.5,2.75,7.5],"texture":"#0"}}},{"from":[6.1887503,-2.362311,5.788714],"to":[9.81125,-0.3498106,8.203714],"faces":{"north":{"uv":[2.75,3.5,5,4.75],"texture":"#0"},"east":{"uv":[2.75,4.75,4.25,6],"texture":"#0"},"south":{"uv":[2.75,3.5,5,4.75],"texture":"#0"},"west":{"uv":[2.75,4.75,4.25,6],"texture":"#0"}}},{"from":[5.1825,-0.95356035,4.379964],"to":[6.39,0.25393915,7.599964],"rotation":{"angle":-22.5,"axis":"x","origin":[5.78625,-0.3498106,6.3924637]},"faces":{"north":{"uv":[3.5,6.75,4.25,7.5],"rotation":180,"texture":"#0"},"east":{"uv":[5,4.75,4.25,6.75],"rotation":270,"texture":"#0"},"south":{"uv":[3.5,6,4.25,6.75],"texture":"#0"},"west":{"uv":[4.25,4.75,5,6.75],"rotation":90,"texture":"#0"},"up":{"uv":[3.5,6,2.75,8],"rotation":180,"texture":"#0"},"down":{"uv":[3.5,6,2.75,8],"texture":"#0"}}},{"from":[5.081875,-1.0541854,4.279339],"to":[6.490625,0.3545642,7.700589],"rotation":{"angle":-22.5,"axis":"x","origin":[5.78625,-0.3498106,6.3924637]},"faces":{"east":{"uv":[5.75,4.75,5,6.75],"rotation":270,"texture":"#0"},"west":{"uv":[5,4.75,5.75,6.75],"rotation":90,"texture":"#0"},"up":{"uv":[5.75,4.75,5,6.75],"rotation":180,"texture":"#0"},"down":{"uv":[5.75,4.75,5,6.75],"texture":"#0"}}},{"from":[9.509375,-1.0541854,4.279339],"to":[10.918125,0.3545642,7.700589],"rotation":{"angle":-22.5,"axis":"x","origin":[5.78625,-0.3498106,6.3924637]},"faces":{"east":{"uv":[5.75,4.75,5,6.75],"rotation":270,"texture":"#0"},"west":{"uv":[5,4.75,5.75,6.75],"rotation":90,"texture":"#0"},"up":{"uv":[5.75,4.75,5,6.75],"rotation":180,"texture":"#0"},"down":{"uv":[5.75,4.75,5,6.75],"texture":"#0"}}},{"from":[6.490625,0.3545642,7.700589],"to":[5.081875,-1.0541854,4.279339],"rotation":{"angle":-22.5,"axis":"x","origin":[5.78625,-0.3498106,6.3924637]},"faces":{"east":{"uv":[5.75,4.75,5,6.75],"rotation":90,"texture":"#0"},"west":{"uv":[5,4.75,5.75,6.75],"rotation":270,"texture":"#0"},"up":{"uv":[5.75,4.75,5,6.75],"texture":"#0"},"down":{"uv":[5.75,4.75,5,6.75],"rotation":180,"texture":"#0"}}},{"from":[10.918125,0.3545642,7.700589],"to":[9.509375,-1.0541854,4.279339],"rotation":{"angle":-22.5,"axis":"x","origin":[5.78625,-0.3498106,6.3924637]},"faces":{"east":{"uv":[5.75,4.75,5,6.75],"rotation":90,"texture":"#0"},"west":{"uv":[5,4.75,5.75,6.75],"rotation":270,"texture":"#0"},"up":{"uv":[5.75,4.75,5,6.75],"texture":"#0"},"down":{"uv":[5.75,4.75,5,6.75],"rotation":180,"texture":"#0"}}},{"from":[9.61,-0.95356035,4.379964],"to":[10.8175,0.25393915,7.599964],"rotation":{"angle":-22.5,"axis":"x","origin":[5.78625,-0.3498106,6.3924637]},"faces":{"north":{"uv":[3.5,6.75,4.25,7.5],"rotation":180,"texture":"#0"},"east":{"uv":[5,4.75,4.25,6.75],"rotation":270,"texture":"#0"},"south":{"uv":[3.5,6,4.25,6.75],"texture":"#0"},"west":{"uv":[4.25,4.75,5,6.75],"rotation":90,"texture":"#0"},"up":{"uv":[3.5,6,2.75,8],"rotation":180,"texture":"#0"},"down":{"uv":[3.5,6,2.75,8],"texture":"#0"}}},{"from":[4.7799997,-2.362311,3.7762136],"to":[11.22,-0.75231075,10.216214],"faces":{"north":{"uv":[8,0,12,1],"texture":"#0"},"east":{"uv":[8,1,12,2],"texture":"#0"},"south":{"uv":[8,2,12,3],"texture":"#0"},"west":{"uv":[12,1,8,2],"texture":"#0"},"up":{"uv":[12,0,16,4],"rotation":180,"texture":"#0"},"down":{"uv":[8,8,12,12],"texture":"#0"}}},{"from":[4.7799997,-0.75231075,7.801214],"to":[11.22,4.0776896,10.216214],"faces":{"north":{"uv":[12,7,16,10],"texture":"#0"},"east":{"uv":[8,4.5,9.5,7.5],"texture":"#0"},"south":{"uv":[12,4,16,7],"texture":"#0"},"west":{"uv":[9.5,4.5,8,7.5],"texture":"#0"},"up":{"uv":[8,3,12,4.5],"rotation":180,"texture":"#0"}}},{"from":[11.22,-1.1548104,7.398714],"to":[11.622499,0.45518923,9.008714],"faces":{"north":{"uv":[7.75,0,8,1],"texture":"#0"},"east":{"uv":[7,0,8,1],"texture":"#0"},"south":{"uv":[7.75,0,8,1],"texture":"#0"},"west":{"uv":[8,0,7,1],"texture":"#0"},"up":{"uv":[7.5,0,7.75,0.25],"texture":"#0"},"down":{"uv":[7.75,0.75,8,1],"texture":"#0"}}},{"from":[4.3775,-1.1548104,7.398714],"to":[4.7799997,0.45518923,9.008714],"faces":{"north":{"uv":[7.75,0,8,1],"texture":"#0"},"east":{"uv":[7,0,8,1],"texture":"#0"},"south":{"uv":[7.75,0,8,1],"texture":"#0"},"west":{"uv":[8,0,7,1],"texture":"#0"},"up":{"uv":[7.5,0,7.75,0.25],"texture":"#0"},"down":{"uv":[7.75,0.75,8,1],"texture":"#0"}}},{"from":[11.22,-0.75231075,10.216214],"to":[4.7799997,-2.362311,3.7762136],"faces":{"north":{"uv":[0,12,4,13],"rotation":180,"texture":"#0"},"east":{"uv":[0,12,4,13],"rotation":180,"texture":"#0"},"south":{"uv":[0,12,4,13],"rotation":180,"texture":"#0"},"west":{"uv":[0,12,4,13],"rotation":180,"texture":"#0"},"up":{"uv":[0,8,4,12],"texture":"#0"}}},{"from":[10.0125,1.2601895,10.216214],"to":[10.0125,3.2726893,11.826214],"faces":{"east":{"uv":[7,1,8,2.25],"texture":"#0"},"west":{"uv":[8,1,7,2.25],"texture":"#0"}}},{"from":[5.9875,1.2601895,10.216214],"to":[5.9875,3.2726893,11.826214],"faces":{"east":{"uv":[7,1,8,2.25],"texture":"#0"},"west":{"uv":[8,1,7,2.25],"texture":"#0"}}},{"from":[11.66275,-1.1548104,8.203714],"to":[11.66275,0.45518923,9.008714],"faces":{"east":{"uv":[6.5,0,7,1],"texture":"#0","tintindex":0}}},{"from":[4.3372498,-1.1548104,8.203714],"to":[4.3372498,0.45518923,9.008714],"faces":{"west":{"uv":[7,0,6.5,1],"texture":"#0","tintindex":0}}},{"from":[10.8175,3.6751895,9.411214],"to":[5.1825,-0.75231075,7.801214],"faces":{"north":{"uv":[4,8,7.5,10.75],"rotation":180,"texture":"#0","tintindex":0},"east":{"uv":[6.5,5.25,7.5,8],"rotation":180,"texture":"#0","tintindex":0},"west":{"uv":[7.5,5.25,6.5,8],"rotation":180,"texture":"#0","tintindex":0},"down":{"uv":[4,10.75,7.5,11.75],"rotation":180,"texture":"#0","tintindex":0}}}],"display":{"gui":{"rotation":[30,133,0],"translation":[-0.25,0,0],"scale":[0.62,0.62,0.62]},"head":{"rotation":[8,-180,0],"translation":[0,-80.0,17.75],"scale":[4.0,4.0,4.0]},"thirdperson_righthand":{"rotation":[98.0,-180,0],"translation":[-1.0,-13.09375,15.568748],"scale":[1.00625,1.00625,1.00625]}},"groups":[{"name":"group","origin":[0,0,0],"children":[0,1,2,3,4]},5,6,{"name":"group","origin":[0,0,0],"children":[7,8,9,10,11,12]},{"name":"group","origin":[0,0,0],"children":[]},13,14,15,16,17,18,19,{"name":"group","origin":[0,0,0],"children":[20,21,22]}]}