{"credit":"Made with Blockbench","texture_size":[64,64],"textures":{"0":"custom/cosmetics/easter/chick_nest","1":"custom/cosmetics/easter/chick_animation","2":"custom/cosmetics/easter/chick_animation_1","3":"custom/cosmetics/easter/chick_animation_2","4":"custom/cosmetics/easter/chick_wing","5":"custom/cosmetics/easter/chick_wing_1","6":"custom/cosmetics/easter/chick_wing_2","particle":"custom/cosmetics/easter/chick_nest"},"elements":[{"from":[5.6,-0.35000134,5.6],"to":[10.4,2.0499983,10.4],"faces":{"north":{"uv":[0,0,3,1.5],"texture":"#0"},"east":{"uv":[0,0,3,1.5],"texture":"#0"},"south":{"uv":[0,0,3,1.5],"texture":"#0"},"west":{"uv":[0,0,3,1.5],"texture":"#0"},"up":{"uv":[3.5,3,6.5,6],"texture":"#0"},"down":{"uv":[3.5,0,6.5,3],"texture":"#0"}}},{"from":[5.2,0.44999838,5.2],"to":[10.8,2.4499984,10.8],"faces":{"north":{"uv":[0,5,3.5,6.25],"texture":"#0"},"east":{"uv":[0,5,3.5,6.25],"texture":"#0"},"south":{"uv":[0,5,3.5,6.25],"texture":"#0"},"west":{"uv":[0,5,3.5,6.25],"texture":"#0"},"up":{"uv":[0,1.5,3.5,5],"texture":"#0"}}},{"from":[10.8,2.4499984,10.8],"to":[5.2,0.44999838,5.2],"faces":{"north":{"uv":[0,5,3.5,6.25],"rotation":180,"texture":"#0"},"east":{"uv":[0,5,3.5,6.25],"rotation":180,"texture":"#0"},"south":{"uv":[0,5,3.5,6.25],"rotation":180,"texture":"#0"},"west":{"uv":[0,5,3.5,6.25],"rotation":180,"texture":"#0"},"down":{"uv":[0,1.5,3.5,5],"texture":"#0"}}},{"from":[10.0,2.4499984,10.0],"to":[6.0,2.0499983,6.0],"faces":{"north":{"uv":[3,1.75,0.5,2],"texture":"#0"},"east":{"uv":[3,1.75,0.5,2],"texture":"#0"},"south":{"uv":[3,1.75,0.5,2],"texture":"#0"},"west":{"uv":[0.5,1.75,3,2],"texture":"#0"}}},{"from":[8.8,2.4499984,5.6],"to":[9.6,3.249998,6.0],"faces":{"north":{"uv":[5.75,0,6.25,0.5],"texture":"#0"},"east":{"uv":[5.75,0,6.25,0.5],"texture":"#0"},"south":{"uv":[5.75,0,6.25,0.5],"texture":"#0"},"west":{"uv":[5.75,0,6.25,0.5],"texture":"#0"},"up":{"uv":[4.75,1.25,5.25,1.5],"texture":"#0"}}},{"from":[6.4,2.4499984,5.6],"to":[7.2,3.249998,6.0],"faces":{"north":{"uv":[5.75,0,6.25,0.5],"texture":"#0"},"east":{"uv":[5.75,0,6.25,0.5],"texture":"#0"},"south":{"uv":[5.75,0,6.25,0.5],"texture":"#0"},"west":{"uv":[5.75,0,6.25,0.5],"texture":"#0"},"up":{"uv":[4.75,1.25,5.25,1.5],"texture":"#0"}}},{"from":[6.8,-1.5500016,5.6],"to":[6.8,-0.35000134,7.2],"faces":{"east":{"uv":[7.5,0,6.5,0.75],"texture":"#0"},"west":{"uv":[6.5,0,7.5,0.75],"texture":"#0"}}},{"from":[9.2,-1.5500016,5.6],"to":[9.2,-0.35000134,7.2],"faces":{"east":{"uv":[7.5,0,6.5,0.75],"texture":"#0"},"west":{"uv":[6.5,0,7.5,0.75],"texture":"#0"}}},{"from":[4.7115555,3.6499987,6.710668],"to":[5.911556,4.8499985,8.310668],"rotation":{"angle":45,"axis":"y","origin":[5.7115555,4.0499983,7.510668]},"faces":{"north":{"uv":[7,0,4,3],"texture":"#1"},"east":{"uv":[7.5,1.5,8.5,2.25],"texture":"#0"},"south":{"uv":[4,0,7,3],"texture":"#1"},"west":{"uv":[0,0,4,3],"texture":"#1"},"up":{"uv":[6.5,1.5,7.5,2.25],"rotation":90,"texture":"#0"},"down":{"uv":[8.25,2.25,9.25,3],"rotation":90,"texture":"#0"}}},{"from":[4.311556,3.6499987,7.110668],"to":[4.7115555,4.0499983,7.910668],"rotation":{"angle":45,"axis":"y","origin":[5.7115555,4.0499983,7.510668]},"faces":{"north":{"uv":[6.75,2.75,7.25,3],"texture":"#0"},"south":{"uv":[6.75,2.75,7.25,3],"texture":"#0"},"west":{"uv":[6.75,2.75,7.25,3],"texture":"#0"},"up":{"uv":[6.75,2.75,7.25,3],"rotation":90,"texture":"#0"},"down":{"uv":[6.75,2.75,7.25,3],"rotation":270,"texture":"#0"}}},{"from":[5.5115557,2.8499985,6.710668],"to":[7.111556,4.0499983,6.710668],"rotation":{"angle":22.5,"axis":"x","origin":[6.311556,4.0499983,6.710668]},"faces":{"north":{"uv":[0,0,4,3],"texture":"#5"},"south":{"uv":[4,0,0,3],"texture":"#5"}}},{"from":[5.5115557,2.8499985,8.310668],"to":[7.111556,4.0499983,8.310668],"rotation":{"angle":-22.5,"axis":"x","origin":[6.311556,4.0499983,8.310668]},"faces":{"north":{"uv":[0,0,4,3],"texture":"#5"},"south":{"uv":[4,0,0,3],"texture":"#5"}}},{"from":[6.711556,2.8899984,8.710669],"to":[5.911556,2.0899982,7.910668],"rotation":{"angle":0,"axis":"y","origin":[6.000444,3.1388865,7.511112]},"faces":{"west":{"uv":[10,3,9.5,3.5],"texture":"#0"},"up":{"uv":[10,3.5,9.5,4],"texture":"#0"}}},{"from":[6.711556,2.8899984,7.110668],"to":[5.911556,2.0899982,6.310668],"rotation":{"angle":0,"axis":"y","origin":[6.000444,3.1388865,7.511112]},"faces":{"west":{"uv":[9.5,3,10,3.5],"texture":"#0"},"up":{"uv":[9.5,3.5,10,4],"rotation":180,"texture":"#0"}}},{"from":[5.5115557,2.8499985,6.7146683],"to":[7.111556,4.0499983,8.314668],"rotation":{"angle":0,"axis":"y","origin":[6.000444,3.1388865,7.511112]},"faces":{"north":{"uv":[6.5,3,7.5,3.75],"texture":"#0"},"east":{"uv":[8.5,3,9.5,3.75],"texture":"#0"},"south":{"uv":[7.5,3,6.5,3.75],"texture":"#0"},"west":{"uv":[7.5,3,8.5,3.75],"texture":"#0"},"up":{"uv":[8.5,1.25,9.5,2.25],"rotation":270,"texture":"#0"},"down":{"uv":[9.5,1.25,10.5,2.25],"rotation":270,"texture":"#0"}}},{"from":[6.711556,2.8499985,7.910668],"to":[5.911556,2.0499983,8.710669],"rotation":{"angle":0,"axis":"y","origin":[6.000444,3.1388865,7.511112]},"faces":{"west":{"uv":[9.5,3,10,3.5],"texture":"#0"},"up":{"uv":[10,3.5,9.5,4],"rotation":90,"texture":"#0"}}},{"from":[6.711556,2.8499985,6.310668],"to":[5.911556,2.0499983,7.110668],"rotation":{"angle":0,"axis":"y","origin":[6.000444,3.1388865,7.511112]},"faces":{"west":{"uv":[10,3,9.5,3.5],"texture":"#0"},"up":{"uv":[9.5,3.5,10,4],"rotation":90,"texture":"#0"}}},{"from":[10.1865635,3.6499987,6.608276],"to":[11.386564,4.8499985,8.208276],"rotation":{"angle":-22.5,"axis":"y","origin":[10.112952,3.2811108,7.723632]},"faces":{"north":{"uv":[4,0,7,3],"texture":"#3"},"east":{"uv":[0,0,4,3],"texture":"#3"},"south":{"uv":[7,0,4,3],"texture":"#3"},"west":{"uv":[7.5,1.5,8.5,2.25],"texture":"#0"},"up":{"uv":[6.5,1.5,7.5,2.25],"rotation":270,"texture":"#0"},"down":{"uv":[8.25,2.25,9.25,3],"rotation":270,"texture":"#0"}}},{"from":[11.386564,3.6499987,7.008276],"to":[11.786564,4.0499983,7.808276],"rotation":{"angle":-22.5,"axis":"y","origin":[10.112952,3.2811108,7.723632]},"faces":{"north":{"uv":[6.75,2.75,7.25,3],"texture":"#0"},"east":{"uv":[6.75,2.75,7.25,3],"texture":"#0"},"south":{"uv":[6.75,2.75,7.25,3],"texture":"#0"},"up":{"uv":[6.75,2.75,7.25,3],"rotation":270,"texture":"#0"},"down":{"uv":[6.75,2.75,7.25,3],"rotation":90,"texture":"#0"}}},{"from":[8.995072,2.9146824,8.49252],"to":[10.595072,4.114682,8.49252],"rotation":{"angle":-22.5,"axis":"x","origin":[10.112952,4.08111,8.523632]},"faces":{"north":{"uv":[4,0,0,3],"texture":"#4"},"south":{"uv":[0,0,4,3],"texture":"#4"}}},{"from":[8.995072,2.8600588,6.88],"to":[10.595072,4.0600586,6.88],"rotation":{"angle":22.5,"axis":"x","origin":[9.795073,4.0499983,6.88]},"faces":{"north":{"uv":[4,0,0,3],"texture":"#4"},"south":{"uv":[0,0,4,3],"texture":"#4"}}},{"from":[10.195072,2.8899984,7.29006],"to":[9.395072,2.0899982,6.49006],"rotation":{"angle":0,"axis":"y","origin":[10.112952,3.2811108,7.723632]},"faces":{"east":{"uv":[10,3,9.5,3.5],"texture":"#0"},"up":{"uv":[10,3.5,9.5,4],"rotation":180,"texture":"#0"}}},{"from":[10.195072,2.8899984,8.89006],"to":[9.395072,2.0899982,8.09006],"rotation":{"angle":0,"axis":"y","origin":[10.112952,3.2811108,7.723632]},"faces":{"east":{"uv":[9.5,3,10,3.5],"texture":"#0"},"up":{"uv":[9.5,3.5,10,4],"texture":"#0"}}},{"from":[8.995072,2.8499985,6.8860598],"to":[10.595072,4.0499983,8.48606],"rotation":{"angle":0,"axis":"y","origin":[10.112952,3.2811108,7.723632]},"faces":{"north":{"uv":[7.5,3,6.5,3.75],"texture":"#0"},"east":{"uv":[7.5,3,8.5,3.75],"texture":"#0"},"south":{"uv":[6.5,3,7.5,3.75],"texture":"#0"},"west":{"uv":[8.5,3,9.5,3.75],"texture":"#0"},"up":{"uv":[8.5,1.25,9.5,2.25],"rotation":90,"texture":"#0"},"down":{"uv":[9.5,1.25,10.5,2.25],"rotation":90,"texture":"#0"}}},{"from":[10.195072,2.8499985,6.49006],"to":[9.395072,2.0499983,7.29006],"rotation":{"angle":0,"axis":"y","origin":[10.112952,3.2811108,7.723632]},"faces":{"east":{"uv":[9.5,3,10,3.5],"texture":"#0"},"up":{"uv":[10,3.5,9.5,4],"rotation":270,"texture":"#0"}}},{"from":[10.195072,2.8499985,8.09006],"to":[9.395072,2.0499983,8.89006],"rotation":{"angle":0,"axis":"y","origin":[10.112952,3.2811108,7.723632]},"faces":{"east":{"uv":[10,3,9.5,3.5],"texture":"#0"},"up":{"uv":[9.5,3.5,10,4],"rotation":270,"texture":"#0"}}},{"from":[7.2,2.8499985,10.0],"to":[8.8,4.0499983,11.2],"rotation":{"angle":0,"axis":"y","origin":[7.200444,3.538887,9.511112]},"faces":{"north":{"uv":[7.5,1.5,8.5,2.25],"texture":"#0"},"east":{"uv":[4,0,7,3],"texture":"#2"},"south":{"uv":[0,0,4,3],"texture":"#2"},"west":{"uv":[7,0,4,3],"texture":"#2"},"up":{"uv":[6.5,1.5,7.5,2.25],"texture":"#0"},"down":{"uv":[8.25,2.25,9.25,3],"rotation":180,"texture":"#0"}}},{"from":[7.6,2.8499985,11.2],"to":[8.4,3.249998,11.6],"rotation":{"angle":0,"axis":"y","origin":[7.200444,3.538887,9.511112]},"faces":{"east":{"uv":[6.75,2.75,7.25,3],"texture":"#0"},"south":{"uv":[6.75,2.75,7.25,3],"texture":"#0"},"west":{"uv":[6.75,2.75,7.25,3],"texture":"#0"},"up":{"uv":[6.75,2.75,7.25,3],"texture":"#0"},"down":{"uv":[6.75,2.75,7.25,3],"texture":"#0"}}},{"from":[7.2,2.0499983,8.8],"to":[7.2,3.249998,10.4],"rotation":{"angle":-22.5,"axis":"z","origin":[7.2,3.249998,9.6]},"faces":{"east":{"uv":[4,0,0,3],"texture":"#6"},"west":{"uv":[0,0,4,3],"texture":"#6"}}},{"from":[8.8,2.0499983,8.8],"to":[8.8,3.249998,10.4],"rotation":{"angle":22.5,"axis":"z","origin":[8.8,3.249998,9.6]},"faces":{"east":{"uv":[4,0,0,3],"texture":"#6"},"west":{"uv":[0,0,4,3],"texture":"#6"}}},{"from":[9.2,2.0499983,10.0],"to":[8.4,1.2499986,9.2],"rotation":{"angle":0,"axis":"y","origin":[7.200444,3.538887,9.511112]},"faces":{"south":{"uv":[10,3,9.5,3.5],"texture":"#0"},"up":{"uv":[10,3.5,9.5,4],"rotation":270,"texture":"#0"}}},{"from":[7.6,2.0499983,10.0],"to":[6.8,1.2499986,9.2],"rotation":{"angle":0,"axis":"y","origin":[7.200444,3.538887,9.511112]},"faces":{"south":{"uv":[9.5,3,10,3.5],"texture":"#0"},"up":{"uv":[9.5,3.5,10,4],"rotation":90,"texture":"#0"}}},{"from":[7.204,2.0499983,8.8],"to":[8.804,3.249998,10.4],"rotation":{"angle":0,"axis":"y","origin":[7.200444,3.538887,9.511112]},"faces":{"north":{"uv":[8.5,3,9.5,3.75],"texture":"#0"},"east":{"uv":[7.5,3,6.5,3.75],"texture":"#0"},"south":{"uv":[7.5,3,8.5,3.75],"texture":"#0"},"west":{"uv":[6.5,3,7.5,3.75],"texture":"#0"},"up":{"uv":[8.5,1.25,9.5,2.25],"rotation":180,"texture":"#0"},"down":{"uv":[9.5,1.25,10.5,2.25],"texture":"#0"}}},{"from":[8.4,2.0499983,10.0],"to":[9.2,1.2499986,9.2],"rotation":{"angle":0,"axis":"y","origin":[7.200444,3.538887,9.511112]},"faces":{"south":{"uv":[9.5,3,10,3.5],"texture":"#0"},"up":{"uv":[10,3.5,9.5,4],"texture":"#0"}}},{"from":[6.8,2.0499983,10.0],"to":[7.6,1.2499986,9.2],"rotation":{"angle":0,"axis":"y","origin":[7.200444,3.538887,9.511112]},"faces":{"south":{"uv":[10,3,9.5,3.5],"texture":"#0"},"up":{"uv":[9.5,3.5,10,4],"texture":"#0"}}},{"from":[5.8,-2.5500016,10.440001],"to":[10.2,1.0499983,10.440001],"faces":{"north":{"uv":[3.75,5.75,6.5,8],"texture":"#0","tintindex":0},"south":{"uv":[3.75,5.75,6.5,8],"texture":"#0","tintindex":0}}}],"display":{"gui":{"rotation":[30,-45,0],"translation":[0,2.75,0],"scale":[0.72,0.72,0.72]},"head":{"translation":[0,-80.0,13],"scale":[4.0,4.0,4.0]},"thirdperson_righthand":{"rotation":[90.0,0.0,0.0],"translation":[-1.0,-10.125,20.724998],"scale":[1.0,1.0,1.0]}},"groups":[0,1,2,3,4,5,6,7,{"name":"group","origin":[0,0,0],"children":[8,9,10,11,12,13,14,{"name":"group","origin":[0,0,2],"children":[15]},{"name":"group","origin":[0,0,2],"children":[16]}]},{"name":"group","origin":[0,0,0],"children":[17,18,19,20,21,22,23,{"name":"group","origin":[0,0,2],"children":[24]},{"name":"group","origin":[0,0,2],"children":[25]}]},{"name":"group","origin":[0,0,0],"children":[26,27,28,29,30,31,32,{"name":"group","origin":[0,0,2],"children":[33]},{"name":"group","origin":[0,0,2],"children":[34]}]},35]}