{"credit":"Made with Blockbench","texture_size":[32,32],"textures":{"0":"custom/cosmetics/badger/crop_basket","particle":"custom/cosmetics/badger/crop_basket"},"elements":[{"from":[5.78625,-2.1576161,7.515992],"to":[10.21375,3.074884,11.943492],"faces":{"north":{"uv":[0,5.5,5.5,12],"texture":"#0"},"east":{"uv":[0,5.5,5.5,12],"texture":"#0"},"south":{"uv":[0,5.5,5.5,12],"texture":"#0"},"west":{"uv":[0,5.5,5.5,12],"texture":"#0"},"up":{"uv":[0,0,5.5,5.5],"texture":"#0"},"down":{"uv":[5.5,0,11,5.5],"texture":"#0"}}},{"from":[5.78625,-2.1576161,7.515992],"to":[10.21375,3.074884,11.943492],"faces":{"north":{"uv":[5.5,5.5,11,12],"texture":"#0","tintindex":0},"east":{"uv":[5.5,5.5,11,12],"texture":"#0","tintindex":0},"south":{"uv":[5.5,5.5,11,12],"texture":"#0","tintindex":0},"west":{"uv":[5.5,5.5,11,12],"texture":"#0","tintindex":0}}},{"name":"cube inverted","from":[10.21375,3.074884,11.943492],"to":[5.78625,-2.1576161,7.515992],"faces":{"north":{"uv":[0,12,5.5,5.5],"texture":"#0"},"east":{"uv":[0,12,5.5,5.5],"texture":"#0"},"south":{"uv":[0,12,5.5,5.5],"texture":"#0"},"west":{"uv":[0,12,5.5,5.5],"texture":"#0"},"up":{"uv":[11,0,5.5,5.5],"texture":"#0"},"down":{"uv":[5.5,0,0,5.5],"texture":"#0"}}},{"name":"cube inverted","from":[10.21375,3.074884,11.943492],"to":[5.78625,-2.1576161,7.515992],"faces":{"north":{"uv":[5.5,12,11,5.5],"texture":"#0","tintindex":0},"east":{"uv":[5.5,12,11,5.5],"texture":"#0","tintindex":0},"south":{"uv":[5.5,12,11,5.5],"texture":"#0","tintindex":0},"west":{"uv":[5.5,12,11,5.5],"texture":"#0","tintindex":0}}},{"from":[6.1887503,-1.755116,7.9184923],"to":[9.81125,1.8673844,11.540992],"faces":{"north":{"uv":[11.5,0,16,4.5],"texture":"#0"},"east":{"uv":[11.5,0,16,4.5],"texture":"#0"},"south":{"uv":[11.5,0,16,4.5],"texture":"#0"},"west":{"uv":[11.5,0,16,4.5],"texture":"#0"},"up":{"uv":[11.5,4.5,16,9],"texture":"#0"}}},{"from":[9.2075,2.2698846,10.735992],"to":[10.0125,5.0873837,11.540992],"rotation":{"angle":-22.5,"axis":"z","origin":[9.2075,3.6786342,11.138493]},"faces":{"north":{"uv":[0,12.5,1,16],"texture":"#0"},"east":{"uv":[1,12.5,0,16],"texture":"#0"},"south":{"uv":[0,12.5,1,16],"texture":"#0"},"west":{"uv":[1,12.5,0,16],"texture":"#0"},"up":{"uv":[5,13,6,14],"texture":"#0"},"down":{"uv":[5.5,15.5,6,16],"texture":"#0"}}},{"from":[8.4025,1.8673844,9.729742],"to":[9.2075,4.6848836,10.534742],"faces":{"north":{"uv":[0,12.5,1,16],"texture":"#0"},"east":{"uv":[1,12.5,0,16],"texture":"#0"},"south":{"uv":[0,12.5,1,16],"texture":"#0"},"west":{"uv":[1,12.5,0,16],"texture":"#0"},"up":{"uv":[5,13,6,14],"texture":"#0"},"down":{"uv":[5.5,15.5,6,16],"texture":"#0"}}},{"from":[6.1887503,2.6723838,9.729742],"to":[7.79875,3.8798842,11.339742],"rotation":{"angle":-22.5,"axis":"z","origin":[6.99375,3.276134,10.534742]},"faces":{"north":{"uv":[1,14.5,3,16],"texture":"#0"},"east":{"uv":[3,14.5,1,16],"texture":"#0"},"south":{"uv":[1,14.5,3,16],"texture":"#0"},"west":{"uv":[3,14.5,1,16],"texture":"#0"},"up":{"uv":[1,12.5,3,14.5],"texture":"#0"},"down":{"uv":[1.5,15.5,2.5,16],"rotation":180,"texture":"#0"}}},{"from":[8.20125,2.2698846,7.9184923],"to":[9.81125,3.477384,9.528492],"faces":{"north":{"uv":[3,14.5,1,16],"texture":"#0"},"east":{"uv":[1,14.5,3,16],"texture":"#0"},"south":{"uv":[3,14.5,1,16],"texture":"#0"},"west":{"uv":[1,14.5,3,16],"texture":"#0"},"up":{"uv":[1,12.5,3,14.5],"rotation":90,"texture":"#0"},"down":{"uv":[1.5,15.5,2.5,16],"rotation":90,"texture":"#0"}}},{"from":[6.1887503,5.0873837,8.924742],"to":[6.59125,5.892384,8.924742],"rotation":{"angle":22.5,"axis":"z","origin":[6.7925,4.5842595,8.924742]},"faces":{"north":{"uv":[6.5,13,7,14],"texture":"#0"},"south":{"uv":[6.5,13,7,14],"texture":"#0"}}},{"from":[5.585,2.2698846,8.119741],"to":[7.195,5.0873837,9.729742],"rotation":{"angle":22.5,"axis":"z","origin":[6.7925,4.5842595,8.924742]},"faces":{"north":{"uv":[5,12.5,3,16],"texture":"#0"},"east":{"uv":[3,12.5,5,16],"texture":"#0"},"south":{"uv":[5,12.5,3,16],"texture":"#0"},"west":{"uv":[3,12.5,5,16],"texture":"#0"},"up":{"uv":[5,14,7,16],"texture":"#0"},"down":{"uv":[3.5,15,4.5,16],"texture":"#0"}}},{"from":[9.2075,1.8673844,10.534742],"to":[12.83,4.2823844,10.534742],"rotation":{"angle":-22.5,"axis":"z","origin":[10.61625,3.477384,10.534742]},"faces":{"north":{"uv":[7,13,11.5,16],"texture":"#0"},"south":{"uv":[11.5,13,7,16],"texture":"#0"}}},{"from":[4.7799997,2.8736339,9.729742],"to":[5.9875,4.0811343,9.729742],"rotation":{"angle":22.5,"axis":"y","origin":[6.1887503,3.6786342,9.729742]},"faces":{"north":{"uv":[13,14.5,14.5,16],"texture":"#0"},"south":{"uv":[14.5,14.5,13,16],"texture":"#0"}}},{"from":[4.7940555,-1.0507407,10.007165],"to":[6.0015554,0.15675926,10.007165],"rotation":{"angle":-45,"axis":"y","origin":[5.5990553,-0.44699097,10.409665]},"faces":{"north":{"uv":[11.5,14.5,13,16],"texture":"#0"},"south":{"uv":[13,14.5,11.5,16],"texture":"#0"}}},{"from":[3.9890552,0.15675926,12.269819],"to":[5.196555,1.3642592,12.269819],"rotation":{"angle":45,"axis":"y","origin":[5.5990553,-0.44699097,9.049819]},"faces":{"north":{"uv":[11.5,14.5,13,16],"texture":"#0"},"south":{"uv":[13,14.5,11.5,16],"texture":"#0"}}},{"from":[10.803445,-1.0507407,9.202165],"to":[12.010944,0.15675926,9.202165],"rotation":{"angle":45,"axis":"y","origin":[10.400945,-0.44699097,10.409665]},"faces":{"north":{"uv":[13,14.5,11.5,16],"texture":"#0"},"south":{"uv":[11.5,14.5,13,16],"texture":"#0"}}}],"display":{"gui":{"rotation":[30,-45,0],"translation":[0,-0.5,0],"scale":[0.65,0.65,0.65]},"head":{"rotation":[14,0,0],"translation":[0,-80.0,11],"scale":[4.0,4.0,4.0]},"thirdperson_righthand":{"rotation":[104.0,0,0],"translation":[-1.0,-8.875,15.724998],"scale":[1.00625,1.00625,1.00625]}},"groups":[0,1,2,3,4,5,6,7,8,{"name":"group","origin":[0,0,0],"color":0,"children":[9,10]},11,12,13,14,15]}