{"credit":"Made with Blockbench","texture_size":[32,32],"textures":{"0":"custom/cosmetics/valentine/cupid_quiver","particle":"custom/cosmetics/valentine/cupid_quiver"},"elements":[{"from":[12.182148,-0.40839672,6.99375],"to":[14.194648,6.031604,9.00625],"rotation":{"angle":0,"axis":"y","origin":[15.200897,2.8116035,8.0]},"faces":{"north":{"uv":[0,0,2.5,8],"texture":"#0"},"east":{"uv":[0,0,2.5,8],"texture":"#0"},"south":{"uv":[0,0,2.5,8],"texture":"#0"},"west":{"uv":[0,0,2.5,8],"texture":"#0"},"up":{"uv":[0,8,2.5,10.5],"texture":"#0"},"down":{"uv":[2.5,8,5,10.5],"texture":"#0"}}},{"from":[12.383398,2.4091034,8.0],"to":[12.785897,8.849104,8.0],"rotation":{"angle":0,"axis":"z","origin":[12.584647,2.8116035,8.0]},"faces":{"north":{"uv":[5,0,5.5,8],"texture":"#0"},"south":{"uv":[5,0,5.5,8],"texture":"#0"}}},{"from":[12.584647,2.4091034,7.79875],"to":[12.584647,8.849104,8.20125],"rotation":{"angle":0,"axis":"z","origin":[12.584647,2.8116035,8.0]},"faces":{"east":{"uv":[5,0,5.5,8],"texture":"#0"},"west":{"uv":[5,0,5.5,8],"texture":"#0"}}},{"from":[13.590898,1.2016034,7.195],"to":[13.993398,7.6416035,7.195],"rotation":{"angle":-22.5,"axis":"y","origin":[13.792148,1.6041036,7.195]},"faces":{"north":{"uv":[5,0,5.5,8],"texture":"#0"},"south":{"uv":[5,0,5.5,8],"texture":"#0"}}},{"from":[13.792148,1.2016034,6.99375],"to":[13.792148,7.6416035,7.39625],"rotation":{"angle":-22.5,"axis":"y","origin":[13.792148,1.6041036,7.195]},"faces":{"east":{"uv":[5,0,5.5,8],"texture":"#0"},"west":{"uv":[5,0,5.5,8],"texture":"#0"}}},{"from":[12.785897,1.2016034,6.7925],"to":[13.188397,7.6416035,6.7925],"rotation":{"angle":22.5,"axis":"x","origin":[12.987147,1.6041036,6.7925]},"faces":{"north":{"uv":[5,0,5.5,8],"texture":"#0"},"south":{"uv":[5,0,5.5,8],"texture":"#0"}}},{"from":[12.987147,1.2016034,6.59125],"to":[12.987147,7.6416035,6.99375],"rotation":{"angle":22.5,"axis":"x","origin":[12.987147,1.6041036,6.7925]},"faces":{"east":{"uv":[5,0,5.5,8],"texture":"#0"},"west":{"uv":[5,0,5.5,8],"texture":"#0"}}},{"from":[11.980898,2.0066037,8.4025],"to":[12.383398,8.446604,8.4025],"rotation":{"angle":-22.5,"axis":"z","origin":[12.182148,2.4091034,8.4025]},"faces":{"north":{"uv":[5,0,5.5,8],"texture":"#0"},"south":{"uv":[5,0,5.5,8],"texture":"#0"}}},{"from":[12.182148,2.0066037,8.20125],"to":[12.182148,8.446604,8.60375],"rotation":{"angle":-22.5,"axis":"z","origin":[12.182148,2.4091034,8.4025]},"faces":{"east":{"uv":[5,0,5.5,8],"texture":"#0"},"west":{"uv":[5,0,5.5,8],"texture":"#0"}}},{"from":[13.590898,2.0066037,8.4025],"to":[13.993398,8.446604,8.4025],"rotation":{"angle":22.5,"axis":"z","origin":[13.792148,2.4091034,8.4025]},"faces":{"north":{"uv":[5,0,5.5,8],"texture":"#0"},"south":{"uv":[5,0,5.5,8],"texture":"#0"}}},{"from":[13.792148,2.0066037,8.20125],"to":[13.792148,8.446604,8.60375],"rotation":{"angle":22.5,"axis":"z","origin":[13.792148,2.4091034,8.4025]},"faces":{"east":{"uv":[5,0,5.5,8],"texture":"#0"},"west":{"uv":[5,0,5.5,8],"texture":"#0"}}},{"from":[12.182148,8.446604,7.39625],"to":[12.182148,10.056603,9.408751],"rotation":{"angle":-22.5,"axis":"z","origin":[12.182148,2.4091034,8.4025]},"faces":{"east":{"uv":[6.5,2.5,9,4.5],"texture":"#0","tintindex":0},"west":{"uv":[6.5,2.5,9,4.5],"texture":"#0","tintindex":0}}},{"from":[11.175898,8.446604,8.4025],"to":[13.188397,10.056603,8.4025],"rotation":{"angle":-22.5,"axis":"z","origin":[12.182148,2.4091034,8.4025]},"faces":{"north":{"uv":[6.5,2.5,9,4.5],"texture":"#0","tintindex":0},"south":{"uv":[6.5,2.5,9,4.5],"texture":"#0","tintindex":0}}},{"from":[11.578398,8.849104,8.0],"to":[13.590898,10.459104,8.0],"rotation":{"angle":0,"axis":"z","origin":[12.584647,2.8116035,8.0]},"faces":{"north":{"uv":[6.5,2.5,9,4.5],"texture":"#0","tintindex":0},"south":{"uv":[6.5,2.5,9,4.5],"texture":"#0","tintindex":0}}},{"from":[12.584647,8.849104,6.99375],"to":[12.584647,10.459104,9.00625],"rotation":{"angle":0,"axis":"z","origin":[12.584647,2.8116035,8.0]},"faces":{"east":{"uv":[6.5,2.5,9,4.5],"texture":"#0","tintindex":0},"west":{"uv":[6.5,2.5,9,4.5],"texture":"#0","tintindex":0}}},{"from":[13.792148,8.446604,7.39625],"to":[13.792148,10.056603,9.408751],"rotation":{"angle":22.5,"axis":"z","origin":[13.792148,2.4091034,8.4025]},"faces":{"east":{"uv":[6.5,2.5,9,4.5],"texture":"#0","tintindex":0},"west":{"uv":[6.5,2.5,9,4.5],"texture":"#0","tintindex":0}}},{"from":[12.785897,8.446604,8.4025],"to":[14.798397,10.056603,8.4025],"rotation":{"angle":22.5,"axis":"z","origin":[13.792148,2.4091034,8.4025]},"faces":{"north":{"uv":[6.5,2.5,9,4.5],"texture":"#0","tintindex":0},"south":{"uv":[6.5,2.5,9,4.5],"texture":"#0","tintindex":0}}},{"from":[12.987147,7.6416035,5.78625],"to":[12.987147,9.251604,7.79875],"rotation":{"angle":22.5,"axis":"x","origin":[12.987147,1.6041036,6.7925]},"faces":{"east":{"uv":[6.5,2.5,9,4.5],"texture":"#0","tintindex":0},"west":{"uv":[6.5,2.5,9,4.5],"texture":"#0","tintindex":0}}},{"from":[11.980898,7.6416035,6.7925],"to":[13.993398,9.251604,6.7925],"rotation":{"angle":22.5,"axis":"x","origin":[12.987147,1.6041036,6.7925]},"faces":{"north":{"uv":[6.5,2.5,9,4.5],"texture":"#0","tintindex":0},"south":{"uv":[6.5,2.5,9,4.5],"texture":"#0","tintindex":0}}},{"from":[13.792148,7.6416035,6.1887503],"to":[13.792148,9.251604,8.20125],"rotation":{"angle":-22.5,"axis":"y","origin":[13.792148,1.6041036,7.195]},"faces":{"east":{"uv":[6.5,2.5,9,4.5],"texture":"#0","tintindex":0},"west":{"uv":[6.5,2.5,9,4.5],"texture":"#0","tintindex":0}}},{"from":[12.785897,7.6416035,7.195],"to":[14.798397,9.251604,7.195],"rotation":{"angle":-22.5,"axis":"y","origin":[13.792148,1.6041036,7.195]},"faces":{"north":{"uv":[6.5,2.5,9,4.5],"texture":"#0","tintindex":0},"south":{"uv":[6.5,2.5,9,4.5],"texture":"#0","tintindex":0}}},{"from":[12.081522,-0.50902176,6.893125],"to":[14.295273,6.132229,9.106875],"rotation":{"angle":0,"axis":"y","origin":[15.200897,2.8116035,8.0]},"faces":{"north":{"uv":[2.5,0,5,8],"texture":"#0","tintindex":0},"east":{"uv":[2.5,0,5,8],"texture":"#0","tintindex":0},"south":{"uv":[2.5,0,5,8],"texture":"#0","tintindex":0},"west":{"uv":[2.5,0,5,8],"texture":"#0","tintindex":0}}},{"from":[13.993398,5.2266035,8.4025],"to":[18.018398,6.031604,8.4025],"rotation":{"angle":-45,"axis":"z","origin":[13.993398,5.6291037,8.4025]},"faces":{"north":{"uv":[6.5,2.5,5.5,8],"rotation":90,"texture":"#0","tintindex":0},"south":{"uv":[5.5,2.5,6.5,8],"rotation":270,"texture":"#0","tintindex":0}}},{"from":[13.993398,4.421603,7.5975],"to":[20.0309,5.2266035,7.5975],"rotation":{"angle":-45,"axis":"z","origin":[13.993398,4.8241034,7.5975]},"faces":{"north":{"uv":[6.5,0.5,5.5,8],"rotation":90,"texture":"#0","tintindex":0},"south":{"uv":[5.5,0.5,6.5,8],"rotation":270,"texture":"#0","tintindex":0}}},{"from":[7.3521476,3.6166039,8.805],"to":[11.779648,5.6291037,8.805],"rotation":{"angle":-45,"axis":"y","origin":[10.370897,6.836603,12.025]},"faces":{"north":{"uv":[6.5,0,12,2.5],"texture":"#0","tintindex":0},"south":{"uv":[6.5,0,12,2.5],"texture":"#0","tintindex":0}}},{"from":[14.295273,6.132229,9.106875],"to":[12.081522,-0.50902176,6.893125],"rotation":{"angle":0,"axis":"y","origin":[17.213398,9.251604,10.0125]},"faces":{"north":{"uv":[2.5,0,5,8],"rotation":180,"texture":"#0","tintindex":0},"east":{"uv":[2.5,0,5,8],"rotation":180,"texture":"#0","tintindex":0},"south":{"uv":[2.5,0,5,8],"rotation":180,"texture":"#0","tintindex":0},"west":{"uv":[2.5,0,5,8],"rotation":180,"texture":"#0","tintindex":0}}}],"display":{"gui":{"rotation":[5,30,-45],"translation":[-1.5,-1.25,0],"scale":[0.54,0.54,0.54]},"head":{"rotation":[0,0,-45],"translation":[-2.5,-80.0,7.5],"scale":[4.0,4.0,4.0]},"thirdperson_righthand":{"rotation":[90.0,0,-45],"translation":[-2.5625,-6.6875,15.256248],"scale":[1.00625,1.00625,1.00625]}},"groups":[0,{"name":"group","origin":[17,20,17],"children":[1,2]},{"name":"group","origin":[17,20,17],"children":[3,4]},{"name":"group","origin":[17,20,17],"children":[5,6]},{"name":"group","origin":[17,20,17],"children":[7,8]},{"name":"group","origin":[17,20,17],"children":[9,10]},{"name":"group","origin":[1,18,18],"children":[11,12,13,14,15,16,17,18,19,20,21,22,23,24]},25]}