{"credit":"Made with Blockbench","texture_size":[64,64],"textures":{"0":"custom/cosmetics/christmas/santa_sack","particle":"custom/cosmetics/christmas/santa_sack"},"elements":[{"from":[5.6,-2.341339,6.9881353],"to":[10.4,2.8586607,11.788136],"faces":{"north":{"uv":[3.5,0,6.5,3.25],"texture":"#0","tintindex":0},"east":{"uv":[3.5,0,6.5,3.25],"texture":"#0","tintindex":0},"south":{"uv":[3.5,0,6.5,3.25],"texture":"#0","tintindex":0},"west":{"uv":[3.5,0,6.5,3.25],"texture":"#0","tintindex":0},"down":{"uv":[6.5,0,9.5,3],"texture":"#0","tintindex":0}}},{"from":[5.52,1.1786604,6.9081354],"to":[10.48,2.538661,11.868135],"faces":{"north":{"uv":[0,4.25,3,5],"texture":"#0"},"east":{"uv":[0,4.25,3,5],"texture":"#0"},"south":{"uv":[0,4.25,3,5],"texture":"#0"},"west":{"uv":[0,4.25,3,5],"texture":"#0"}}},{"from":[5.2,2.458661,6.5881357],"to":[10.8,3.658661,12.188136],"faces":{"north":{"uv":[0,3.5,3.5,4.25],"texture":"#0"},"east":{"uv":[0,3.5,3.5,4.25],"texture":"#0"},"south":{"uv":[0,3.5,3.5,4.25],"texture":"#0"},"west":{"uv":[0,3.5,3.5,4.25],"texture":"#0"},"up":{"uv":[0,0,3.5,3.5],"texture":"#0"},"down":{"uv":[0,4,0.25,4.25],"texture":"#0"}}},{"name":"cube inverted","from":[10.48,2.538661,11.868135],"to":[5.52,1.1786604,6.9081354],"faces":{"north":{"uv":[0,5,3,4.25],"texture":"#0"},"east":{"uv":[0,5,3,4.25],"texture":"#0"},"south":{"uv":[0,5,3,4.25],"texture":"#0"},"west":{"uv":[0,5,3,4.25],"texture":"#0"}}},{"from":[4.0,1.2586603,11.388136],"to":[5.6,2.458661,12.988136],"rotation":{"angle":-45,"axis":"y","origin":[5.6,1.8586607,11.388136]},"faces":{"north":{"uv":[3,5.25,4,6],"texture":"#0"},"east":{"uv":[4,5.25,3,6],"texture":"#0"},"south":{"uv":[4,4.25,3,5],"texture":"#0"},"west":{"uv":[3,4.25,4,5],"texture":"#0"}}},{"from":[4.3999996,1.2586603,11.788136],"to":[6.0,2.458661,13.388136],"rotation":{"angle":22.5,"axis":"y","origin":[6.0,1.8586607,11.788136]},"faces":{"north":{"uv":[3,5.25,4,6],"texture":"#0"},"east":{"uv":[4,5.25,3,6],"texture":"#0"},"south":{"uv":[4,4.25,3,5],"texture":"#0"},"west":{"uv":[3,4.25,4,5],"texture":"#0"}}},{"name":"cube inverted","from":[6.0,2.458661,13.388136],"to":[4.3999996,1.2586603,11.788136],"rotation":{"angle":22.5,"axis":"y","origin":[6.0,1.8586607,11.788136]},"faces":{"north":{"uv":[4,5,3,4.25],"texture":"#0"},"east":{"uv":[3,5,4,4.25],"texture":"#0"},"south":{"uv":[3,6,4,5.25],"texture":"#0"},"west":{"uv":[4,6,3,5.25],"texture":"#0"}}},{"name":"cube inverted","from":[5.6,2.458661,12.988136],"to":[4.0,1.2586603,11.388136],"rotation":{"angle":-45,"axis":"y","origin":[5.6,1.8586607,11.388136]},"faces":{"north":{"uv":[4,5,3,4.25],"texture":"#0"},"east":{"uv":[3,5,4,4.25],"texture":"#0"},"south":{"uv":[3,6,4,5.25],"texture":"#0"},"west":{"uv":[4,6,3,5.25],"texture":"#0"}}},{"from":[5.2,3.2586603,7.388136],"to":[7.6,5.658661,9.788136],"rotation":{"angle":22.5,"axis":"z","origin":[6.8,4.458661,8.188136]},"faces":{"north":{"uv":[4,5.5,5.5,7],"texture":"#0"},"east":{"uv":[4,5.5,5.5,7],"texture":"#0"},"south":{"uv":[4,5.5,5.5,7],"texture":"#0"},"west":{"uv":[4,5.5,5.5,7],"texture":"#0"},"up":{"uv":[4,4,5.5,5.5],"texture":"#0"},"down":{"uv":[4,4,5.5,5.5],"texture":"#0"}}},{"from":[7.6,2.458661,6.9881353],"to":[10.0,4.8586607,9.388136],"faces":{"north":{"uv":[5.5,5.5,7,7],"texture":"#0"},"east":{"uv":[5.5,5.5,7,7],"texture":"#0"},"south":{"uv":[5.5,5.5,7,7],"texture":"#0"},"west":{"uv":[5.5,5.5,7,7],"texture":"#0"},"up":{"uv":[5.5,4,7,5.5],"texture":"#0"},"down":{"uv":[5.5,4,7,5.5],"texture":"#0"}}},{"from":[5.6,2.458661,9.388136],"to":[8.0,4.8586607,11.788136],"faces":{"north":{"uv":[8.5,5.5,10,7],"texture":"#0"},"east":{"uv":[8.5,5.5,10,7],"texture":"#0"},"south":{"uv":[8.5,5.5,10,7],"texture":"#0"},"west":{"uv":[8.5,5.5,10,7],"texture":"#0"},"up":{"uv":[8.5,4,10,5.5],"texture":"#0"},"down":{"uv":[8.5,4,10,5.5],"texture":"#0"}}},{"from":[8.0,3.2586603,9.388136],"to":[10.4,5.658661,11.788136],"rotation":{"angle":22.5,"axis":"x","origin":[8.8,4.458661,10.588136]},"faces":{"north":{"uv":[7,5.5,8.5,7],"texture":"#0"},"east":{"uv":[7,5.5,8.5,7],"texture":"#0"},"south":{"uv":[7,5.5,8.5,7],"texture":"#0"},"west":{"uv":[7,5.5,8.5,7],"texture":"#0"},"up":{"uv":[7,4,8.5,5.5],"texture":"#0"},"down":{"uv":[7,4,8.5,5.5],"texture":"#0"}}},{"from":[11.2,5.2586603,8.188136],"to":[12.0,6.0586615,8.988135],"rotation":{"angle":-22.5,"axis":"z","origin":[9.733332,3.658661,8.588136]},"faces":{"north":{"uv":[1.5,5.5,1,6],"texture":"#0"},"east":{"uv":[1.25,5.5,1.5,6],"texture":"#0"},"south":{"uv":[1,5.5,1.5,6],"texture":"#0"},"west":{"uv":[1,5.5,1.25,6],"texture":"#0"},"down":{"uv":[1.25,5.25,1.5,5.5],"texture":"#0"}}},{"from":[10.4,6.0586615,8.188136],"to":[12.0,6.8586607,8.988135],"rotation":{"angle":-22.5,"axis":"z","origin":[9.733332,3.658661,8.588136]},"faces":{"north":{"uv":[1.5,5,0.5,5.5],"texture":"#0"},"east":{"uv":[1.25,5,1.5,5.5],"texture":"#0"},"south":{"uv":[0.5,5,1.5,5.5],"texture":"#0"},"up":{"uv":[0.5,5,1.5,5.25],"texture":"#0"},"down":{"uv":[0.5,5.25,1.5,5.5],"texture":"#0"}}},{"from":[9.6,2.8586607,8.188136],"to":[10.4,6.8586607,8.988135],"rotation":{"angle":-22.5,"axis":"z","origin":[9.733332,3.658661,8.588136]},"faces":{"north":{"uv":[0.5,5,0,7.5],"texture":"#0"},"east":{"uv":[0.25,5,0.5,7.5],"texture":"#0"},"south":{"uv":[0,5,0.5,7.5],"texture":"#0"},"west":{"uv":[0,5,0.25,7.5],"texture":"#0"},"up":{"uv":[0,5,0.5,5.25],"texture":"#0"},"down":{"uv":[0.25,7.25,0.5,7.5],"texture":"#0"}}}],"display":{"gui":{"rotation":[30,135,0],"translation":[-0.25,-1.25,0],"scale":[0.57,0.57,0.57]},"head":{"rotation":[11,0,0],"translation":[0,-80.0,12],"scale":[4.0,4.0,4.0]},"thirdperson_righthand":{"rotation":[101.0,0,0],"translation":[-1.0,-9.5,15.412498],"scale":[1.0,1.0,1.0]}},"groups":[0,1,2,3,4,5,6,7,8,9,10,11,{"name":"group","origin":[0,0,0],"color":0,"children":[]},{"name":"group","origin":[0,0,0],"color":0,"children":[12,13,14]}]}