{"credit":"Made with Blockbench","texture_size":[64,64],"textures":{"0":"custom/cosmetics/spring/hatched_egg_hat","particle":"custom/cosmetics/spring/hatched_egg_hat"},"elements":[{"from":[5.375,-1.9000015,5.375],"to":[10.625,2.2249985,10.625],"faces":{"north":{"uv":[0,6.75,3.5,9.5],"texture":"#0","tintindex":0},"east":{"uv":[3.75,6.75,7.25,9.5],"texture":"#0","tintindex":0},"south":{"uv":[0,6.75,3.5,9.5],"texture":"#0","tintindex":0},"west":{"uv":[3.75,6.75,7.25,9.5],"texture":"#0","tintindex":0},"down":{"uv":[7,10.25,10.5,13.75],"texture":"#0","tintindex":0}}},{"from":[5.375,-1.9000015,5.375],"to":[10.625,2.2249985,10.625],"faces":{"north":{"uv":[7.5,6.75,11,9.5],"texture":"#0"},"east":{"uv":[11.25,6.75,14.75,9.5],"texture":"#0"},"south":{"uv":[7.5,6.75,11,9.5],"texture":"#0"},"west":{"uv":[11.25,6.75,14.75,9.5],"texture":"#0"}}},{"from":[6.125,-2.6500015,6.125],"to":[9.875,-1.9000015,9.875],"faces":{"north":{"uv":[0.5,9.5,3,10],"texture":"#0","tintindex":0},"east":{"uv":[0.5,9.5,3,10],"texture":"#0","tintindex":0},"south":{"uv":[0.5,9.5,3,10],"texture":"#0","tintindex":0},"west":{"uv":[0.5,9.5,3,10],"texture":"#0","tintindex":0},"down":{"uv":[0.5,10.75,3,13.25],"texture":"#0","tintindex":0}}},{"from":[6.125,-2.6500015,6.125],"to":[9.875,-1.9000015,9.875],"faces":{"north":{"uv":[3,9.5,5.5,10],"texture":"#0"},"east":{"uv":[3,9.5,5.5,10],"texture":"#0"},"south":{"uv":[3,9.5,5.5,10],"texture":"#0"},"west":{"uv":[3,9.5,5.5,10],"texture":"#0"},"down":{"uv":[4,10.75,6.5,13.25],"texture":"#0"}}},{"name":"cube inverted","from":[10.625,2.2249985,10.625],"to":[5.375,-1.9000015,5.375],"faces":{"north":{"uv":[0,9.5,3.5,6.75],"texture":"#0","tintindex":0},"east":{"uv":[3.75,9.5,7.25,6.75],"texture":"#0","tintindex":0},"south":{"uv":[0,9.5,3.5,6.75],"texture":"#0","tintindex":0},"west":{"uv":[3.75,9.5,7.25,6.75],"texture":"#0","tintindex":0},"up":{"uv":[10.5,10.25,7,13.75],"texture":"#0","tintindex":0}}},{"name":"cube inverted","from":[10.625,2.2249985,10.625],"to":[5.375,-1.9000015,5.375],"faces":{"north":{"uv":[7.5,9.5,11,6.75],"texture":"#0"},"east":{"uv":[11.25,9.5,14.75,6.75],"texture":"#0"},"south":{"uv":[7.5,9.5,11,6.75],"texture":"#0"},"west":{"uv":[11.25,9.5,14.75,6.75],"texture":"#0"}}},{"name":"cube inverted","from":[9.875,-1.9000015,9.875],"to":[6.125,-2.6500015,6.125],"faces":{"north":{"uv":[0.5,10,3,9.5],"texture":"#0","tintindex":0},"east":{"uv":[0.5,10,3,9.5],"texture":"#0","tintindex":0},"south":{"uv":[0.5,10,3,9.5],"texture":"#0","tintindex":0},"west":{"uv":[0.5,10,3,9.5],"texture":"#0","tintindex":0},"up":{"uv":[3,10.75,0.5,13.25],"texture":"#0","tintindex":0}}},{"name":"cube inverted","from":[9.875,-1.9000015,9.875],"to":[6.125,-2.6500015,6.125],"faces":{"north":{"uv":[3,10,5.5,9.5],"texture":"#0"},"east":{"uv":[3,10,5.5,9.5],"texture":"#0"},"south":{"uv":[3,10,5.5,9.5],"texture":"#0"},"west":{"uv":[3,10,5.5,9.5],"texture":"#0"},"up":{"uv":[6.5,10.75,4,13.25],"texture":"#0"}}}],"display":{"gui":{"rotation":[30,-45,0],"translation":[0,1.75,0],"scale":[0.69,0.69,0.69]},"head":{"translation":[0,-80.0,0],"scale":[4.0,4.0,4.0]}}}