{"credit":"Made with Blockbench","texture_size":[32,32],"textures":{"0":"custom/cosmetics/valentine/heart_wings","particle":"custom/cosmetics/valentine/heart_wings"},"elements":[{"from":[8.0,-1.4823418,5.34173],"to":[12.0,2.1176581,5.34173],"rotation":{"angle":22.5,"axis":"z","origin":[10.0,0.31765842,5.34173]},"faces":{"north":{"uv":[13,0,8,4.5],"rotation":180,"texture":"#0"},"south":{"uv":[13,0,8,4.5],"rotation":180,"texture":"#0"}}},{"from":[11.4,-0.21960211,5.410358],"to":[17.400002,6.180398,5.410358],"rotation":{"angle":-22.5,"axis":"y","origin":[8.0,3.7803984,0.21035802]},"faces":{"north":{"uv":[8,7.5,0,0],"rotation":90,"texture":"#0"},"south":{"uv":[0,0,8,7.5],"rotation":90,"texture":"#0"}}},{"from":[-1.4000006,-0.21960211,5.410358],"to":[4.6,6.180398,5.410358],"rotation":{"angle":22.5,"axis":"y","origin":[8.0,3.7803984,0.21035802]},"faces":{"north":{"uv":[8,0,0,7.5],"rotation":90,"texture":"#0"},"south":{"uv":[0,7.5,8,0],"rotation":90,"texture":"#0"}}},{"from":[11.4,-0.21960211,5.410358],"to":[17.400002,6.180398,5.410358],"rotation":{"angle":-22.5,"axis":"y","origin":[8.0,3.7803984,0.21035802]},"faces":{"north":{"uv":[8,15,0,7.5],"rotation":90,"texture":"#0","tintindex":0},"south":{"uv":[0,7.5,8,15],"rotation":90,"texture":"#0","tintindex":0}}},{"from":[-1.4000006,-0.21960211,5.410358],"to":[4.6,6.180398,5.410358],"rotation":{"angle":22.5,"axis":"y","origin":[8.0,3.7803984,0.21035802]},"faces":{"north":{"uv":[8,7.5,0,15],"rotation":90,"texture":"#0","tintindex":0},"south":{"uv":[0,15,8,7.5],"rotation":90,"texture":"#0","tintindex":0}}},{"from":[4.0,-1.4823418,5.34173],"to":[8.0,2.1176581,5.34173],"rotation":{"angle":-22.5,"axis":"z","origin":[6.0,0.31765842,5.34173]},"faces":{"north":{"uv":[8,0,13,4.5],"rotation":180,"texture":"#0"},"south":{"uv":[8,0,13,4.5],"rotation":180,"texture":"#0"}}},{"from":[8.0,-1.4823418,5.34173],"to":[12.0,2.1176581,5.34173],"rotation":{"angle":22.5,"axis":"z","origin":[10.0,0.31765842,5.34173]},"faces":{"north":{"uv":[13,4.5,8,9],"rotation":180,"texture":"#0","tintindex":0},"south":{"uv":[13,4.5,8,9],"rotation":180,"texture":"#0","tintindex":0}}},{"from":[4.0,-1.4823418,5.34173],"to":[8.0,2.1176581,5.34173],"rotation":{"angle":-22.5,"axis":"z","origin":[6.0,0.31765842,5.34173]},"faces":{"north":{"uv":[8,4.5,13,9],"rotation":180,"texture":"#0","tintindex":0},"south":{"uv":[8,4.5,13,9],"rotation":180,"texture":"#0","tintindex":0}}}],"gui_light":"front","display":{"gui":{"translation":[0,2,0],"scale":[0.47,0.47,0.47]},"head":{"rotation":[-24,0,0],"translation":[0,-80.0,2.5],"scale":[4.0,4.0,4.0]},"thirdperson_righthand":{"rotation":[66.0,0,0],"translation":[-1.0,-3.5625,22.599998],"scale":[1.0,1.0,1.0]}}}