{"credit":"Made with Blockbench","texture_size":[64,64],"textures":{"0":"custom/furniture/summer/life_guard_chair","1":"custom/cosmetics/summer/life_ring","particle":"custom/furniture/summer/life_guard_chair"},"elements":[{"from":[5.585,-0.2855811,3.4246693],"to":[10.415,4.544419,4.6321697],"rotation":{"angle":0,"axis":"x","origin":[11.82375,2.1294188,6.6446695]},"faces":{"north":{"uv":[1,6.5,4,9.5],"texture":"#0"},"east":{"uv":[4,6.5,4.75,9.5],"texture":"#0"},"south":{"uv":[1,6.5,4,9.5],"texture":"#0"},"west":{"uv":[4,6.5,4.75,9.5],"texture":"#0"},"up":{"uv":[1,9.5,4,10.25],"rotation":180,"texture":"#0"},"down":{"uv":[1,9.25,4,9.5],"texture":"#0"}}},{"from":[9.2075,3.3369193,4.6321697],"to":[6.7925,0.92191887,3.4246693],"rotation":{"angle":0,"axis":"x","origin":[11.82375,2.1294188,6.6446695]},"faces":{"east":{"uv":[4.75,6.5,5.5,8],"rotation":180,"texture":"#0"},"west":{"uv":[4.75,6.5,5.5,8],"rotation":180,"texture":"#0"},"up":{"uv":[4.75,8,5.5,9.5],"rotation":90,"texture":"#0"},"down":{"uv":[4.75,8,5.5,9.5],"rotation":270,"texture":"#0"}}},{"from":[5.585,-0.2855811,3.4246693],"to":[10.415,4.544419,4.6321697],"rotation":{"angle":0,"axis":"x","origin":[11.82375,2.1294188,6.6446695]},"faces":{"north":{"uv":[1,10.25,4,13.25],"texture":"#0","tintindex":0},"east":{"uv":[4,10.25,4.75,13.25],"texture":"#0","tintindex":0},"south":{"uv":[1,10.25,4,13.25],"texture":"#0","tintindex":0},"west":{"uv":[4,10.25,4.75,13.25],"texture":"#0","tintindex":0},"up":{"uv":[1,13.25,4,14],"rotation":180,"texture":"#0","tintindex":0},"down":{"uv":[1,13,4,13.25],"texture":"#0","tintindex":0}}},{"from":[9.2075,3.3369193,4.6321697],"to":[6.7925,0.92191887,3.4246693],"rotation":{"angle":0,"axis":"x","origin":[11.82375,2.1294188,6.6446695]},"faces":{"east":{"uv":[4.75,10.25,5.5,11.75],"rotation":180,"texture":"#0","tintindex":0},"west":{"uv":[4.75,10.25,5.5,11.75],"rotation":180,"texture":"#0","tintindex":0},"up":{"uv":[4.75,11.75,5.5,13.25],"rotation":90,"texture":"#0","tintindex":0},"down":{"uv":[4.75,11.75,5.5,13.25],"rotation":270,"texture":"#0","tintindex":0}}},{"from":[7.905469,-1.7695704,3.8674192],"to":[8.710468,-0.9645705,4.2699194],"rotation":{"angle":-22.5,"axis":"z","origin":[7.5975,-1.6418252,4.073701]},"faces":{"north":{"uv":[4.25,1,4.75,1.5],"rotation":90,"texture":"#1","tintindex":0},"east":{"uv":[4.25,1.25,4.75,1.5],"rotation":90,"texture":"#1","tintindex":0},"south":{"uv":[4.75,1,4.25,1.5],"rotation":270,"texture":"#1","tintindex":0},"west":{"uv":[4.25,1,4.75,1.25],"rotation":90,"texture":"#1","tintindex":0},"up":{"uv":[4.25,1,4.5,1.5],"rotation":270,"texture":"#1","tintindex":0},"down":{"uv":[4.5,1,4.75,1.5],"rotation":270,"texture":"#1","tintindex":0}}},{"from":[6.920245,-2.7547936,3.8674192],"to":[7.7252455,-1.9497938,4.2699194],"rotation":{"angle":22.5,"axis":"z","origin":[7.5975,-1.6418252,4.073701]},"faces":{"north":{"uv":[4.75,1,4.25,1.5],"texture":"#1","tintindex":0},"east":{"uv":[4.5,1,4.75,1.5],"texture":"#1","tintindex":0},"south":{"uv":[4.25,1,4.75,1.5],"texture":"#1","tintindex":0},"west":{"uv":[4.25,1,4.5,1.5],"texture":"#1","tintindex":0},"up":{"uv":[4.25,1,4.75,1.25],"texture":"#1","tintindex":0},"down":{"uv":[4.25,1.25,4.75,1.5],"texture":"#1","tintindex":0}}},{"from":[6.39,-1.8955812,3.8875446],"to":[8.805,-1.0905814,4.290045],"rotation":{"angle":45,"axis":"z","origin":[7.5975,-1.6418252,4.073701]},"faces":{"north":{"uv":[4,0.5,5.5,1],"texture":"#1","tintindex":0},"east":{"uv":[4,0.5,4.25,1],"texture":"#1","tintindex":0},"south":{"uv":[4,0.5,5.5,1],"texture":"#1","tintindex":0},"west":{"uv":[4,0.5,4.25,1],"texture":"#1","tintindex":0},"up":{"uv":[4,0.5,5.5,0.75],"texture":"#1","tintindex":0},"down":{"uv":[4,0.75,5.5,1],"texture":"#1","tintindex":0}}},{"from":[7.195,-1.0905814,3.8674192],"to":[8.0,-0.2855811,4.2699194],"rotation":{"angle":45,"axis":"z","origin":[7.5975,-1.6418252,4.073701]},"faces":{"north":{"uv":[4.5,0,5,0.5],"texture":"#1","tintindex":0},"east":{"uv":[4.5,0,5,0.5],"texture":"#1","tintindex":0},"south":{"uv":[4.5,0,5,0.5],"texture":"#1","tintindex":0},"west":{"uv":[4.5,0,5,0.5],"texture":"#1","tintindex":0},"up":{"uv":[4.5,0,5,0.5],"texture":"#1","tintindex":0}}},{"from":[4.7799997,-4.7130814,3.8271694],"to":[11.22,5.349419,3.8271694],"rotation":{"angle":0,"axis":"x","origin":[11.82375,2.1294188,6.6446695]},"faces":{"north":{"uv":[0,0,4,6.5],"texture":"#1"},"south":{"uv":[0,0,4,6.5],"texture":"#1"}}},{"from":[6.39,2.1294188,4.6724195],"to":[8.4025,3.3369193,5.0749197],"rotation":{"angle":-22.5,"axis":"z","origin":[9.408751,-2.499331,4.0686693]},"faces":{"north":{"uv":[5.5,0,6.75,0.75],"texture":"#1"},"east":{"uv":[5.5,0,5.75,0.75],"texture":"#1"},"south":{"uv":[5.5,0,6.75,0.75],"texture":"#1"},"west":{"uv":[5.5,0,5.75,0.75],"texture":"#1"},"up":{"uv":[5.5,0,6.75,0.25],"texture":"#1"},"down":{"uv":[5.5,0.5,6.75,0.75],"texture":"#1"}}},{"from":[6.7925,1.7269187,4.8736696],"to":[8.0,2.1294188,4.8736696],"rotation":{"angle":-22.5,"axis":"z","origin":[9.408751,-2.499331,4.0686693]},"faces":{"north":{"uv":[5.75,0.75,6.5,1],"texture":"#1"},"south":{"uv":[5.75,0.75,6.5,1],"texture":"#1"}}}],"gui_light":"front","display":{"gui":{"translation":[0,2.25,0],"scale":[0.68,0.68,0.68]},"head":{"rotation":[-13,0,0],"translation":[0,-80.0,17.75],"scale":[4.0,4.0,4.0]},"fixed":{"rotation":[0,-180,0],"translation":[0,0,-16],"scale":[2,2,2]},"thirdperson_righthand":{"rotation":[77.0,0,0],"translation":[-1.0,-13.09375,18.537498],"scale":[1.00625,1.00625,1.00625]}},"groups":[{"name":"group","origin":[0,0,0],"children":[0,1,{"name":"group","origin":[0,0,0],"children":[2,3,{"name":"group","origin":[5,-1.36955,1.6125],"children":[4,5,6,7]}]},8]},{"name":"group","origin":[11.5,-3.5,1.6],"children":[9,10]}]}