{"credit":"Made with Blockbench","texture_size":[64,64],"textures":{"0":"custom/cosmetics/summer/nautical_tentacles","particle":"custom/cosmetics/summer/nautical_tentacles"},"elements":[{"from":[4.3760824,11.236886,7.4245243],"to":[5.576082,12.036885,8.624524],"rotation":{"angle":22.5,"axis":"x","origin":[3.376082,5.936886,7.824525]},"faces":{"north":{"uv":[4.25,4.25,3.75,5],"rotation":270,"texture":"#0"}}},{"from":[2.376082,5.6368856,7.4245243],"to":[4.3760824,10.436887,9.424524],"rotation":{"angle":22.5,"axis":"x","origin":[3.376082,5.936886,7.824525]},"faces":{"north":{"uv":[4.75,5,1.75,6.25],"rotation":270,"texture":"#0","tintindex":0},"east":{"uv":[7.5,1.25,4.5,2.5],"rotation":270,"texture":"#0","tintindex":0},"south":{"uv":[4.5,0,7.5,1.25],"rotation":90,"texture":"#0","tintindex":0},"west":{"uv":[7.5,2.5,4.5,1.25],"rotation":270,"texture":"#0","tintindex":0},"up":{"uv":[8.75,0,7.5,1.25],"rotation":90,"texture":"#0","tintindex":0},"down":{"uv":[7.5,0.75,7,1.25],"rotation":90,"texture":"#0","tintindex":0}}},{"from":[4.3760824,8.836886,7.4245243],"to":[7.1760817,10.436887,9.024525],"rotation":{"angle":22.5,"axis":"x","origin":[3.376082,5.936886,7.824525]},"faces":{"north":{"uv":[2.75,3.25,1.75,5],"rotation":270,"texture":"#0","tintindex":0},"east":{"uv":[0,2,1,1],"rotation":180,"texture":"#0","tintindex":0},"south":{"uv":[2.5,0.75,3.5,2.5],"rotation":90,"texture":"#0","tintindex":0},"up":{"uv":[4.5,0.75,3.5,2.5],"rotation":90,"texture":"#0","tintindex":0},"down":{"uv":[1,0.75,0,2.5],"rotation":90,"texture":"#0","tintindex":0}}},{"from":[5.976082,10.436887,7.4245243],"to":[7.1760817,13.236886,8.624524],"rotation":{"angle":22.5,"axis":"x","origin":[3.376082,5.936886,7.824525]},"faces":{"north":{"uv":[1.75,3.25,0,4],"rotation":270,"texture":"#0","tintindex":0},"east":{"uv":[3.5,0,1.75,0.75],"rotation":90,"texture":"#0","tintindex":0},"south":{"uv":[3.5,0.75,1.75,1.5],"rotation":90,"texture":"#0","tintindex":0},"west":{"uv":[6.25,1.75,4.5,2.5],"rotation":90,"texture":"#0","tintindex":0},"up":{"uv":[0,0.75,0.75,1.5],"rotation":90,"texture":"#0","tintindex":0}}},{"from":[4.3760824,12.036885,7.4245243],"to":[5.976082,13.236886,8.624524],"rotation":{"angle":22.5,"axis":"x","origin":[3.376082,5.936886,7.824525]},"faces":{"north":{"uv":[0.75,4,0,5],"rotation":270,"texture":"#0","tintindex":0},"south":{"uv":[0.75,1.5,1.5,2.5],"rotation":90,"texture":"#0","tintindex":0},"west":{"uv":[6.25,1.75,5.75,2.5],"rotation":270,"texture":"#0","tintindex":0},"up":{"uv":[0,1.5,0.75,2.5],"rotation":90,"texture":"#0","tintindex":0},"down":{"uv":[5.75,2.5,6.25,1.75],"rotation":180,"texture":"#0","tintindex":0}}},{"from":[4.3760824,11.236886,7.4245243],"to":[5.576082,12.036885,8.624524],"rotation":{"angle":22.5,"axis":"x","origin":[3.376082,5.936886,7.824525]},"faces":{"north":{"uv":[1.25,4.25,0.75,5],"rotation":270,"texture":"#0","tintindex":0},"east":{"uv":[2,1.75,1.5,2.25],"rotation":90,"texture":"#0","tintindex":0},"south":{"uv":[1.5,1.75,2,2.5],"rotation":90,"texture":"#0","tintindex":0},"west":{"uv":[6.25,1.75,5.75,2.5],"rotation":270,"texture":"#0","tintindex":0},"down":{"uv":[5.75,2.5,6.25,1.75],"rotation":180,"texture":"#0","tintindex":0}}},{"from":[2.376082,5.6368856,7.4245243],"to":[4.3760824,10.436887,9.424524],"rotation":{"angle":22.5,"axis":"x","origin":[3.376082,5.936886,7.824525]},"faces":{"north":{"uv":[7.75,5,4.75,6.25],"rotation":270,"texture":"#0"}}},{"from":[5.976082,10.436887,7.4245243],"to":[7.1760817,13.236886,8.624524],"rotation":{"angle":22.5,"axis":"x","origin":[3.376082,5.936886,7.824525]},"faces":{"north":{"uv":[4.75,3.25,3,4],"rotation":270,"texture":"#0"}}},{"from":[4.3760824,8.836886,7.4245243],"to":[7.1760817,10.436887,9.024525],"rotation":{"angle":22.5,"axis":"x","origin":[3.376082,5.936886,7.824525]},"faces":{"north":{"uv":[5.75,3.25,4.75,5],"rotation":270,"texture":"#0"}}},{"from":[4.3760824,12.036885,7.4245243],"to":[5.976082,13.236886,8.624524],"rotation":{"angle":22.5,"axis":"x","origin":[3.376082,5.936886,7.824525]},"faces":{"north":{"uv":[3.75,4,3,5],"rotation":270,"texture":"#0"}}},{"from":[4.3760824,11.236886,7.4245243],"to":[5.576082,12.036885,8.624524],"rotation":{"angle":22.5,"axis":"x","origin":[3.376082,5.936886,7.824525]},"faces":{"north":{"uv":[4.25,4.25,3.75,5],"rotation":270,"texture":"#0"}}},{"from":[2.376082,5.6368856,7.4245243],"to":[4.3760824,10.436887,9.424524],"rotation":{"angle":22.5,"axis":"x","origin":[3.376082,5.936886,7.824525]},"faces":{"north":{"uv":[4.75,5,1.75,6.25],"rotation":270,"texture":"#0","tintindex":0},"east":{"uv":[7.5,1.25,4.5,2.5],"rotation":270,"texture":"#0","tintindex":0},"south":{"uv":[4.5,0,7.5,1.25],"rotation":90,"texture":"#0","tintindex":0},"west":{"uv":[7.5,2.5,4.5,1.25],"rotation":270,"texture":"#0","tintindex":0},"up":{"uv":[8.75,0,7.5,1.25],"rotation":90,"texture":"#0","tintindex":0},"down":{"uv":[7.5,0.75,7,1.25],"rotation":90,"texture":"#0","tintindex":0}}},{"from":[4.3760824,8.836886,7.4245243],"to":[7.1760817,10.436887,9.024525],"rotation":{"angle":22.5,"axis":"x","origin":[3.376082,5.936886,7.824525]},"faces":{"north":{"uv":[2.75,3.25,1.75,5],"rotation":270,"texture":"#0","tintindex":0},"east":{"uv":[0,2,1,1],"rotation":180,"texture":"#0","tintindex":0},"south":{"uv":[2.5,0.75,3.5,2.5],"rotation":90,"texture":"#0","tintindex":0},"up":{"uv":[4.5,0.75,3.5,2.5],"rotation":90,"texture":"#0","tintindex":0},"down":{"uv":[1,0.75,0,2.5],"rotation":90,"texture":"#0","tintindex":0}}},{"from":[5.976082,10.436887,7.4245243],"to":[7.1760817,13.236886,8.624524],"rotation":{"angle":22.5,"axis":"x","origin":[3.376082,5.936886,7.824525]},"faces":{"north":{"uv":[1.75,3.25,0,4],"rotation":270,"texture":"#0","tintindex":0},"east":{"uv":[3.5,0,1.75,0.75],"rotation":90,"texture":"#0","tintindex":0},"south":{"uv":[3.5,0.75,1.75,1.5],"rotation":90,"texture":"#0","tintindex":0},"west":{"uv":[6.25,1.75,4.5,2.5],"rotation":90,"texture":"#0","tintindex":0},"up":{"uv":[0,0.75,0.75,1.5],"rotation":90,"texture":"#0","tintindex":0}}},{"from":[4.3760824,12.036885,7.4245243],"to":[5.976082,13.236886,8.624524],"rotation":{"angle":22.5,"axis":"x","origin":[3.376082,5.936886,7.824525]},"faces":{"north":{"uv":[0.75,4,0,5],"rotation":270,"texture":"#0","tintindex":0},"south":{"uv":[0.75,1.5,1.5,2.5],"rotation":90,"texture":"#0","tintindex":0},"west":{"uv":[6.25,1.75,5.75,2.5],"rotation":270,"texture":"#0","tintindex":0},"up":{"uv":[0,1.5,0.75,2.5],"rotation":90,"texture":"#0","tintindex":0},"down":{"uv":[5.75,2.5,6.25,1.75],"rotation":180,"texture":"#0","tintindex":0}}},{"from":[4.3760824,11.236886,7.4245243],"to":[5.576082,12.036885,8.624524],"rotation":{"angle":22.5,"axis":"x","origin":[3.376082,5.936886,7.824525]},"faces":{"north":{"uv":[1.25,4.25,0.75,5],"rotation":270,"texture":"#0","tintindex":0},"east":{"uv":[2,1.75,1.5,2.25],"rotation":90,"texture":"#0","tintindex":0},"south":{"uv":[1.5,1.75,2,2.5],"rotation":90,"texture":"#0","tintindex":0},"west":{"uv":[6.25,1.75,5.75,2.5],"rotation":270,"texture":"#0","tintindex":0},"down":{"uv":[5.75,2.5,6.25,1.75],"rotation":180,"texture":"#0","tintindex":0}}},{"from":[2.376082,5.6368856,7.4245243],"to":[4.3760824,10.436887,9.424524],"rotation":{"angle":22.5,"axis":"x","origin":[3.376082,5.936886,7.824525]},"faces":{"north":{"uv":[7.75,5,4.75,6.25],"rotation":270,"texture":"#0"}}},{"from":[5.976082,10.436887,7.4245243],"to":[7.1760817,13.236886,8.624524],"rotation":{"angle":22.5,"axis":"x","origin":[3.376082,5.936886,7.824525]},"faces":{"north":{"uv":[4.75,3.25,3,4],"rotation":270,"texture":"#0"}}},{"from":[4.3760824,8.836886,7.4245243],"to":[7.1760817,10.436887,9.024525],"rotation":{"angle":22.5,"axis":"x","origin":[3.376082,5.936886,7.824525]},"faces":{"north":{"uv":[5.75,3.25,4.75,5],"rotation":270,"texture":"#0"}}},{"from":[4.3760824,12.036885,7.4245243],"to":[5.976082,13.236886,8.624524],"rotation":{"angle":22.5,"axis":"x","origin":[3.376082,5.936886,7.824525]},"faces":{"north":{"uv":[3.75,4,3,5],"rotation":270,"texture":"#0"}}},{"from":[11.128774,4.484194,7.4245243],"to":[11.928773,5.6841936,8.624524],"rotation":{"angle":-22.5,"axis":"y","origin":[5.8287745,3.4841938,7.824525]},"faces":{"north":{"uv":[3.75,4.25,4.25,5],"texture":"#0"}}},{"from":[5.5287743,2.4841938,7.4245243],"to":[10.328774,4.484194,9.424524],"rotation":{"angle":-22.5,"axis":"y","origin":[5.8287745,3.4841938,7.824525]},"faces":{"north":{"uv":[1.75,5,4.75,6.25],"texture":"#0","tintindex":0},"east":{"uv":[7.5,0,8.75,1.25],"texture":"#0","tintindex":0},"south":{"uv":[7.5,0,4.5,1.25],"texture":"#0","tintindex":0},"west":{"uv":[7,0.75,7.5,1.25],"texture":"#0","tintindex":0},"up":{"uv":[4.5,1.25,7.5,2.5],"rotation":180,"texture":"#0","tintindex":0},"down":{"uv":[4.5,2.5,7.5,1.25],"rotation":180,"texture":"#0","tintindex":0}}},{"from":[8.728774,4.484194,7.4245243],"to":[10.328774,7.284194,9.024525],"rotation":{"angle":-22.5,"axis":"y","origin":[5.8287745,3.4841938,7.824525]},"faces":{"north":{"uv":[1.75,3.25,2.75,5],"texture":"#0","tintindex":0},"east":{"uv":[3.5,0.75,4.5,2.5],"texture":"#0","tintindex":0},"south":{"uv":[3.5,0.75,2.5,2.5],"texture":"#0","tintindex":0},"west":{"uv":[0,0.75,1,2.5],"texture":"#0","tintindex":0},"up":{"uv":[0,1,1,2],"rotation":90,"texture":"#0","tintindex":0}}},{"from":[10.328774,6.084194,7.4245243],"to":[13.128774,7.284194,8.624524],"rotation":{"angle":-22.5,"axis":"y","origin":[5.8287745,3.4841938,7.824525]},"faces":{"north":{"uv":[0,3.25,1.75,4],"texture":"#0","tintindex":0},"east":{"uv":[0.75,0.75,0,1.5],"texture":"#0","tintindex":0},"south":{"uv":[1.75,0.75,3.5,1.5],"texture":"#0","tintindex":0},"up":{"uv":[1.75,0,3.5,0.75],"texture":"#0","tintindex":0},"down":{"uv":[4.5,1.75,6.25,2.5],"texture":"#0","tintindex":0}}},{"from":[11.928773,4.484194,7.4245243],"to":[13.128774,6.084194,8.624524],"rotation":{"angle":-22.5,"axis":"y","origin":[5.8287745,3.4841938,7.824525]},"faces":{"north":{"uv":[0,4,0.75,5],"texture":"#0","tintindex":0},"east":{"uv":[0.75,1.5,0,2.5],"texture":"#0","tintindex":0},"south":{"uv":[1.5,1.5,0.75,2.5],"texture":"#0","tintindex":0},"west":{"uv":[5.75,1.75,6.25,2.5],"rotation":90,"texture":"#0","tintindex":0},"down":{"uv":[5.75,1.75,6.25,2.5],"rotation":180,"texture":"#0","tintindex":0}}},{"from":[11.128774,4.484194,7.4245243],"to":[11.928773,5.6841936,8.624524],"rotation":{"angle":-22.5,"axis":"y","origin":[5.8287745,3.4841938,7.824525]},"faces":{"north":{"uv":[0.75,4.25,1.25,5],"texture":"#0","tintindex":0},"south":{"uv":[2,1.75,1.5,2.5],"texture":"#0","tintindex":0},"west":{"uv":[5.75,1.75,6.25,2.5],"rotation":90,"texture":"#0","tintindex":0},"up":{"uv":[1.5,1.75,2,2.25],"texture":"#0","tintindex":0},"down":{"uv":[5.75,1.75,6.25,2.5],"rotation":180,"texture":"#0","tintindex":0}}},{"from":[5.5287743,2.4841938,7.4245243],"to":[10.328774,4.484194,9.424524],"rotation":{"angle":-22.5,"axis":"y","origin":[5.8287745,3.4841938,7.824525]},"faces":{"north":{"uv":[4.75,5,7.75,6.25],"texture":"#0"}}},{"from":[10.328774,6.084194,7.4245243],"to":[13.128774,7.284194,8.624524],"rotation":{"angle":-22.5,"axis":"y","origin":[5.8287745,3.4841938,7.824525]},"faces":{"north":{"uv":[3,3.25,4.75,4],"texture":"#0"}}},{"from":[8.728774,4.484194,7.4245243],"to":[10.328774,7.284194,9.024525],"rotation":{"angle":-22.5,"axis":"y","origin":[5.8287745,3.4841938,7.824525]},"faces":{"north":{"uv":[4.75,3.25,5.75,5],"texture":"#0"}}},{"from":[11.928773,4.484194,7.4245243],"to":[13.128774,6.084194,8.624524],"rotation":{"angle":-22.5,"axis":"y","origin":[5.8287745,3.4841938,7.824525]},"faces":{"north":{"uv":[3,4,3.75,5],"texture":"#0"}}},{"from":[11.128774,4.484194,7.4245243],"to":[11.928773,5.6841936,8.624524],"rotation":{"angle":-22.5,"axis":"y","origin":[5.8287745,3.4841938,7.824525]},"faces":{"north":{"uv":[3.75,4.25,4.25,5],"texture":"#0"}}},{"from":[5.5287743,2.4841938,7.4245243],"to":[10.328774,4.484194,9.424524],"rotation":{"angle":-22.5,"axis":"y","origin":[5.8287745,3.4841938,7.824525]},"faces":{"north":{"uv":[1.75,5,4.75,6.25],"texture":"#0","tintindex":0},"east":{"uv":[7.5,0,8.75,1.25],"texture":"#0","tintindex":0},"south":{"uv":[7.5,0,4.5,1.25],"texture":"#0","tintindex":0},"west":{"uv":[7,0.75,7.5,1.25],"texture":"#0","tintindex":0},"up":{"uv":[4.5,1.25,7.5,2.5],"rotation":180,"texture":"#0","tintindex":0},"down":{"uv":[4.5,2.5,7.5,1.25],"rotation":180,"texture":"#0","tintindex":0}}},{"from":[8.728774,4.484194,7.4245243],"to":[10.328774,7.284194,9.024525],"rotation":{"angle":-22.5,"axis":"y","origin":[5.8287745,3.4841938,7.824525]},"faces":{"north":{"uv":[1.75,3.25,2.75,5],"texture":"#0","tintindex":0},"east":{"uv":[3.5,0.75,4.5,2.5],"texture":"#0","tintindex":0},"south":{"uv":[3.5,0.75,2.5,2.5],"texture":"#0","tintindex":0},"west":{"uv":[0,0.75,1,2.5],"texture":"#0","tintindex":0},"up":{"uv":[0,1,1,2],"rotation":90,"texture":"#0","tintindex":0}}},{"from":[10.328774,6.084194,7.4245243],"to":[13.128774,7.284194,8.624524],"rotation":{"angle":-22.5,"axis":"y","origin":[5.8287745,3.4841938,7.824525]},"faces":{"north":{"uv":[0,3.25,1.75,4],"texture":"#0","tintindex":0},"east":{"uv":[0.75,0.75,0,1.5],"texture":"#0","tintindex":0},"south":{"uv":[1.75,0.75,3.5,1.5],"texture":"#0","tintindex":0},"up":{"uv":[1.75,0,3.5,0.75],"texture":"#0","tintindex":0},"down":{"uv":[4.5,1.75,6.25,2.5],"texture":"#0","tintindex":0}}},{"from":[11.928773,4.484194,7.4245243],"to":[13.128774,6.084194,8.624524],"rotation":{"angle":-22.5,"axis":"y","origin":[5.8287745,3.4841938,7.824525]},"faces":{"north":{"uv":[0,4,0.75,5],"texture":"#0","tintindex":0},"east":{"uv":[0.75,1.5,0,2.5],"texture":"#0","tintindex":0},"south":{"uv":[1.5,1.5,0.75,2.5],"texture":"#0","tintindex":0},"west":{"uv":[5.75,1.75,6.25,2.5],"rotation":90,"texture":"#0","tintindex":0},"down":{"uv":[5.75,1.75,6.25,2.5],"rotation":180,"texture":"#0","tintindex":0}}},{"from":[11.128774,4.484194,7.4245243],"to":[11.928773,5.6841936,8.624524],"rotation":{"angle":-22.5,"axis":"y","origin":[5.8287745,3.4841938,7.824525]},"faces":{"north":{"uv":[0.75,4.25,1.25,5],"texture":"#0","tintindex":0},"south":{"uv":[2,1.75,1.5,2.5],"texture":"#0","tintindex":0},"west":{"uv":[5.75,1.75,6.25,2.5],"rotation":90,"texture":"#0","tintindex":0},"up":{"uv":[1.5,1.75,2,2.25],"texture":"#0","tintindex":0},"down":{"uv":[5.75,1.75,6.25,2.5],"rotation":180,"texture":"#0","tintindex":0}}},{"from":[5.5287743,2.4841938,7.4245243],"to":[10.328774,4.484194,9.424524],"rotation":{"angle":-22.5,"axis":"y","origin":[5.8287745,3.4841938,7.824525]},"faces":{"north":{"uv":[4.75,5,7.75,6.25],"texture":"#0"}}},{"from":[10.328774,6.084194,7.4245243],"to":[13.128774,7.284194,8.624524],"rotation":{"angle":-22.5,"axis":"y","origin":[5.8287745,3.4841938,7.824525]},"faces":{"north":{"uv":[3,3.25,4.75,4],"texture":"#0"}}},{"from":[8.728774,4.484194,7.4245243],"to":[10.328774,7.284194,9.024525],"rotation":{"angle":-22.5,"axis":"y","origin":[5.8287745,3.4841938,7.824525]},"faces":{"north":{"uv":[4.75,3.25,5.75,5],"texture":"#0"}}},{"from":[11.928773,4.484194,7.4245243],"to":[13.128774,6.084194,8.624524],"rotation":{"angle":-22.5,"axis":"y","origin":[5.8287745,3.4841938,7.824525]},"faces":{"north":{"uv":[3,4,3.75,5],"texture":"#0"}}},{"from":[1.231966,-3.9953346,7.0245247],"to":[2.4319658,-3.1953344,8.2245245],"rotation":{"angle":22.5,"axis":"z","origin":[3.538622,4.4633894,8.324525]},"faces":{"north":{"uv":[3.75,5,4.25,4.25],"rotation":270,"texture":"#0"}}},{"from":[2.4319658,-2.3953342,7.0245247],"to":[4.431966,2.404666,9.024525],"rotation":{"angle":22.5,"axis":"z","origin":[3.538622,4.4633894,8.324525]},"faces":{"north":{"uv":[1.75,6.25,4.75,5],"rotation":270,"texture":"#0","tintindex":0},"east":{"uv":[4.5,1.25,7.5,2.5],"rotation":270,"texture":"#0","tintindex":0},"south":{"uv":[7.5,1.25,4.5,0],"rotation":90,"texture":"#0","tintindex":0},"west":{"uv":[4.5,2.5,7.5,1.25],"rotation":270,"texture":"#0","tintindex":0},"up":{"uv":[7,1.25,7.5,0.75],"rotation":90,"texture":"#0","tintindex":0},"down":{"uv":[7.5,1.25,8.75,0],"rotation":90,"texture":"#0","tintindex":0}}},{"from":[-0.36803436,-2.3953342,7.0245247],"to":[2.4319658,-0.79533434,8.624524],"rotation":{"angle":22.5,"axis":"z","origin":[3.538622,4.4633894,8.324525]},"faces":{"north":{"uv":[1.75,5,2.75,3.25],"rotation":270,"texture":"#0","tintindex":0},"south":{"uv":[3.5,2.5,2.5,0.75],"rotation":90,"texture":"#0","tintindex":0},"west":{"uv":[1,1,0,2],"rotation":180,"texture":"#0","tintindex":0},"up":{"uv":[0,2.5,1,0.75],"rotation":90,"texture":"#0","tintindex":0},"down":{"uv":[3.5,2.5,4.5,0.75],"rotation":90,"texture":"#0","tintindex":0}}},{"from":[-0.36803436,-5.1953344,7.0245247],"to":[0.83196545,-2.3953342,8.2245245],"rotation":{"angle":22.5,"axis":"z","origin":[3.538622,4.4633894,8.324525]},"faces":{"north":{"uv":[0,4,1.75,3.25],"rotation":270,"texture":"#0","tintindex":0},"east":{"uv":[4.5,2.5,6.25,1.75],"rotation":90,"texture":"#0","tintindex":0},"south":{"uv":[1.75,1.5,3.5,0.75],"rotation":90,"texture":"#0","tintindex":0},"west":{"uv":[1.75,0.75,3.5,0],"rotation":90,"texture":"#0","tintindex":0},"down":{"uv":[0.75,1.5,0,0.75],"rotation":90,"texture":"#0","tintindex":0}}},{"from":[0.83196545,-5.1953344,7.0245247],"to":[2.4319658,-3.9953346,8.2245245],"rotation":{"angle":22.5,"axis":"z","origin":[3.538622,4.4633894,8.324525]},"faces":{"north":{"uv":[0,5,0.75,4],"rotation":270,"texture":"#0","tintindex":0},"east":{"uv":[5.75,2.5,6.25,1.75],"rotation":270,"texture":"#0","tintindex":0},"south":{"uv":[1.5,2.5,0.75,1.5],"rotation":90,"texture":"#0","tintindex":0},"up":{"uv":[6.25,1.75,5.75,2.5],"rotation":180,"texture":"#0","tintindex":0},"down":{"uv":[0.75,2.5,0,1.5],"rotation":90,"texture":"#0","tintindex":0}}},{"from":[1.231966,-3.9953346,7.0245247],"to":[2.4319658,-3.1953344,8.2245245],"rotation":{"angle":22.5,"axis":"z","origin":[3.538622,4.4633894,8.324525]},"faces":{"north":{"uv":[0.75,5,1.25,4.25],"rotation":270,"texture":"#0","tintindex":0},"east":{"uv":[5.75,2.5,6.25,1.75],"rotation":270,"texture":"#0","tintindex":0},"south":{"uv":[2,2.5,1.5,1.75],"rotation":90,"texture":"#0","tintindex":0},"west":{"uv":[1.5,2.25,2,1.75],"rotation":90,"texture":"#0","tintindex":0},"up":{"uv":[6.25,1.75,5.75,2.5],"rotation":180,"texture":"#0","tintindex":0}}},{"from":[2.4319658,-2.3953342,7.0245247],"to":[4.431966,2.404666,9.024525],"rotation":{"angle":22.5,"axis":"z","origin":[3.538622,4.4633894,8.324525]},"faces":{"north":{"uv":[4.75,6.25,7.75,5],"rotation":270,"texture":"#0"}}},{"from":[-0.36803436,-5.1953344,7.0245247],"to":[0.83196545,-2.3953342,8.2245245],"rotation":{"angle":22.5,"axis":"z","origin":[3.538622,4.4633894,8.324525]},"faces":{"north":{"uv":[3,4,4.75,3.25],"rotation":270,"texture":"#0"}}},{"from":[-0.36803436,-2.3953342,7.0245247],"to":[2.4319658,-0.79533434,8.624524],"rotation":{"angle":22.5,"axis":"z","origin":[3.538622,4.4633894,8.324525]},"faces":{"north":{"uv":[4.75,5,5.75,3.25],"rotation":270,"texture":"#0"}}},{"from":[0.83196545,-5.1953344,7.0245247],"to":[2.4319658,-3.9953346,8.2245245],"rotation":{"angle":22.5,"axis":"z","origin":[3.538622,4.4633894,8.324525]},"faces":{"north":{"uv":[3,5,3.75,4],"rotation":270,"texture":"#0"}}},{"from":[1.231966,-3.9953346,7.0245247],"to":[2.4319658,-3.1953344,8.2245245],"rotation":{"angle":22.5,"axis":"z","origin":[3.538622,4.4633894,8.324525]},"faces":{"north":{"uv":[3.75,5,4.25,4.25],"rotation":270,"texture":"#0"}}},{"from":[2.4319658,-2.3953342,7.0245247],"to":[4.431966,2.404666,9.024525],"rotation":{"angle":22.5,"axis":"z","origin":[3.538622,4.4633894,8.324525]},"faces":{"north":{"uv":[1.75,6.25,4.75,5],"rotation":270,"texture":"#0","tintindex":0},"east":{"uv":[4.5,1.25,7.5,2.5],"rotation":270,"texture":"#0","tintindex":0},"south":{"uv":[7.5,1.25,4.5,0],"rotation":90,"texture":"#0","tintindex":0},"west":{"uv":[4.5,2.5,7.5,1.25],"rotation":270,"texture":"#0","tintindex":0},"up":{"uv":[7,1.25,7.5,0.75],"rotation":90,"texture":"#0","tintindex":0},"down":{"uv":[7.5,1.25,8.75,0],"rotation":90,"texture":"#0","tintindex":0}}},{"from":[-0.36803436,-2.3953342,7.0245247],"to":[2.4319658,-0.79533434,8.624524],"rotation":{"angle":22.5,"axis":"z","origin":[3.538622,4.4633894,8.324525]},"faces":{"north":{"uv":[1.75,5,2.75,3.25],"rotation":270,"texture":"#0","tintindex":0},"south":{"uv":[3.5,2.5,2.5,0.75],"rotation":90,"texture":"#0","tintindex":0},"west":{"uv":[1,1,0,2],"rotation":180,"texture":"#0","tintindex":0},"up":{"uv":[0,2.5,1,0.75],"rotation":90,"texture":"#0","tintindex":0},"down":{"uv":[3.5,2.5,4.5,0.75],"rotation":90,"texture":"#0","tintindex":0}}},{"from":[-0.36803436,-5.1953344,7.0245247],"to":[0.83196545,-2.3953342,8.2245245],"rotation":{"angle":22.5,"axis":"z","origin":[3.538622,4.4633894,8.324525]},"faces":{"north":{"uv":[0,4,1.75,3.25],"rotation":270,"texture":"#0","tintindex":0},"east":{"uv":[4.5,2.5,6.25,1.75],"rotation":90,"texture":"#0","tintindex":0},"south":{"uv":[1.75,1.5,3.5,0.75],"rotation":90,"texture":"#0","tintindex":0},"west":{"uv":[1.75,0.75,3.5,0],"rotation":90,"texture":"#0","tintindex":0},"down":{"uv":[0.75,1.5,0,0.75],"rotation":90,"texture":"#0","tintindex":0}}},{"from":[0.83196545,-5.1953344,7.0245247],"to":[2.4319658,-3.9953346,8.2245245],"rotation":{"angle":22.5,"axis":"z","origin":[3.538622,4.4633894,8.324525]},"faces":{"north":{"uv":[0,5,0.75,4],"rotation":270,"texture":"#0","tintindex":0},"east":{"uv":[5.75,2.5,6.25,1.75],"rotation":270,"texture":"#0","tintindex":0},"south":{"uv":[1.5,2.5,0.75,1.5],"rotation":90,"texture":"#0","tintindex":0},"up":{"uv":[6.25,1.75,5.75,2.5],"rotation":180,"texture":"#0","tintindex":0},"down":{"uv":[0.75,2.5,0,1.5],"rotation":90,"texture":"#0","tintindex":0}}},{"from":[1.231966,-3.9953346,7.0245247],"to":[2.4319658,-3.1953344,8.2245245],"rotation":{"angle":22.5,"axis":"z","origin":[3.538622,4.4633894,8.324525]},"faces":{"north":{"uv":[0.75,5,1.25,4.25],"rotation":270,"texture":"#0","tintindex":0},"east":{"uv":[5.75,2.5,6.25,1.75],"rotation":270,"texture":"#0","tintindex":0},"south":{"uv":[2,2.5,1.5,1.75],"rotation":90,"texture":"#0","tintindex":0},"west":{"uv":[1.5,2.25,2,1.75],"rotation":90,"texture":"#0","tintindex":0},"up":{"uv":[6.25,1.75,5.75,2.5],"rotation":180,"texture":"#0","tintindex":0}}},{"from":[2.4319658,-2.3953342,7.0245247],"to":[4.431966,2.404666,9.024525],"rotation":{"angle":22.5,"axis":"z","origin":[3.538622,4.4633894,8.324525]},"faces":{"north":{"uv":[4.75,6.25,7.75,5],"rotation":270,"texture":"#0"}}},{"from":[-0.36803436,-5.1953344,7.0245247],"to":[0.83196545,-2.3953342,8.2245245],"rotation":{"angle":22.5,"axis":"z","origin":[3.538622,4.4633894,8.324525]},"faces":{"north":{"uv":[3,4,4.75,3.25],"rotation":270,"texture":"#0"}}},{"from":[-0.36803436,-2.3953342,7.0245247],"to":[2.4319658,-0.79533434,8.624524],"rotation":{"angle":22.5,"axis":"z","origin":[3.538622,4.4633894,8.324525]},"faces":{"north":{"uv":[4.75,5,5.75,3.25],"rotation":270,"texture":"#0"}}},{"from":[0.83196545,-5.1953344,7.0245247],"to":[2.4319658,-3.9953346,8.2245245],"rotation":{"angle":22.5,"axis":"z","origin":[3.538622,4.4633894,8.324525]},"faces":{"north":{"uv":[3,5,3.75,4],"rotation":270,"texture":"#0"}}},{"from":[-3.853086,1.7147617,7.0245247],"to":[-3.0530858,2.914762,8.2245245],"rotation":{"angle":-22.5,"axis":"z","origin":[3.538622,4.4633894,8.324525]},"faces":{"north":{"uv":[4.25,5,3.75,4.25],"texture":"#0"}}},{"from":[-2.253086,2.914762,7.0245247],"to":[2.546914,4.9147615,9.024525],"rotation":{"angle":-22.5,"axis":"z","origin":[3.538622,4.4633894,8.324525]},"faces":{"north":{"uv":[4.75,6.25,1.75,5],"texture":"#0","tintindex":0},"east":{"uv":[7.5,1.25,7,0.75],"texture":"#0","tintindex":0},"south":{"uv":[4.5,1.25,7.5,0],"texture":"#0","tintindex":0},"west":{"uv":[8.75,1.25,7.5,0],"texture":"#0","tintindex":0},"up":{"uv":[7.5,1.25,4.5,2.5],"rotation":180,"texture":"#0","tintindex":0},"down":{"uv":[7.5,2.5,4.5,1.25],"rotation":180,"texture":"#0","tintindex":0}}},{"from":[-2.253086,0.11476183,7.0245247],"to":[-0.6530862,2.914762,8.624524],"rotation":{"angle":-22.5,"axis":"z","origin":[3.538622,4.4633894,8.324525]},"faces":{"north":{"uv":[2.75,5,1.75,3.25],"texture":"#0","tintindex":0},"east":{"uv":[1,2.5,0,0.75],"texture":"#0","tintindex":0},"south":{"uv":[2.5,2.5,3.5,0.75],"texture":"#0","tintindex":0},"west":{"uv":[4.5,2.5,3.5,0.75],"texture":"#0","tintindex":0},"down":{"uv":[1,2,0,1],"rotation":90,"texture":"#0","tintindex":0}}},{"from":[-5.0530863,0.11476183,7.0245247],"to":[-2.253086,1.3147621,8.2245245],"rotation":{"angle":-22.5,"axis":"z","origin":[3.538622,4.4633894,8.324525]},"faces":{"north":{"uv":[1.75,4,0,3.25],"texture":"#0","tintindex":0},"south":{"uv":[3.5,1.5,1.75,0.75],"texture":"#0","tintindex":0},"west":{"uv":[0,1.5,0.75,0.75],"texture":"#0","tintindex":0},"up":{"uv":[6.25,2.5,4.5,1.75],"texture":"#0","tintindex":0},"down":{"uv":[3.5,0.75,1.75,0],"texture":"#0","tintindex":0}}},{"from":[-5.0530863,1.3147621,7.0245247],"to":[-3.853086,2.914762,8.2245245],"rotation":{"angle":-22.5,"axis":"z","origin":[3.538622,4.4633894,8.324525]},"faces":{"north":{"uv":[0.75,5,0,4],"texture":"#0","tintindex":0},"east":{"uv":[6.25,2.5,5.75,1.75],"rotation":90,"texture":"#0","tintindex":0},"south":{"uv":[0.75,2.5,1.5,1.5],"texture":"#0","tintindex":0},"west":{"uv":[0,2.5,0.75,1.5],"texture":"#0","tintindex":0},"up":{"uv":[6.25,2.5,5.75,1.75],"rotation":180,"texture":"#0","tintindex":0}}},{"from":[-3.853086,1.7147617,7.0245247],"to":[-3.0530858,2.914762,8.2245245],"rotation":{"angle":-22.5,"axis":"z","origin":[3.538622,4.4633894,8.324525]},"faces":{"north":{"uv":[1.25,5,0.75,4.25],"texture":"#0","tintindex":0},"east":{"uv":[6.25,2.5,5.75,1.75],"rotation":90,"texture":"#0","tintindex":0},"south":{"uv":[1.5,2.5,2,1.75],"texture":"#0","tintindex":0},"up":{"uv":[6.25,2.5,5.75,1.75],"rotation":180,"texture":"#0","tintindex":0},"down":{"uv":[2,2.25,1.5,1.75],"texture":"#0","tintindex":0}}},{"from":[-2.253086,2.914762,7.0245247],"to":[2.546914,4.9147615,9.024525],"rotation":{"angle":-22.5,"axis":"z","origin":[3.538622,4.4633894,8.324525]},"faces":{"north":{"uv":[7.75,6.25,4.75,5],"texture":"#0"}}},{"from":[-5.0530863,0.11476183,7.0245247],"to":[-2.253086,1.3147621,8.2245245],"rotation":{"angle":-22.5,"axis":"z","origin":[3.538622,4.4633894,8.324525]},"faces":{"north":{"uv":[4.75,4,3,3.25],"texture":"#0"}}},{"from":[-2.253086,0.11476183,7.0245247],"to":[-0.6530862,2.914762,8.624524],"rotation":{"angle":-22.5,"axis":"z","origin":[3.538622,4.4633894,8.324525]},"faces":{"north":{"uv":[5.75,5,4.75,3.25],"texture":"#0"}}},{"from":[-5.0530863,1.3147621,7.0245247],"to":[-3.853086,2.914762,8.2245245],"rotation":{"angle":-22.5,"axis":"z","origin":[3.538622,4.4633894,8.324525]},"faces":{"north":{"uv":[3.75,5,3,4],"texture":"#0"}}},{"from":[-3.853086,1.7147617,7.0245247],"to":[-3.0530858,2.914762,8.2245245],"rotation":{"angle":-22.5,"axis":"z","origin":[3.538622,4.4633894,8.324525]},"faces":{"north":{"uv":[4.25,5,3.75,4.25],"texture":"#0"}}},{"from":[-2.253086,2.914762,7.0245247],"to":[2.546914,4.9147615,9.024525],"rotation":{"angle":-22.5,"axis":"z","origin":[3.538622,4.4633894,8.324525]},"faces":{"north":{"uv":[4.75,6.25,1.75,5],"texture":"#0","tintindex":0},"east":{"uv":[7.5,1.25,7,0.75],"texture":"#0","tintindex":0},"south":{"uv":[4.5,1.25,7.5,0],"texture":"#0","tintindex":0},"west":{"uv":[8.75,1.25,7.5,0],"texture":"#0","tintindex":0},"up":{"uv":[7.5,1.25,4.5,2.5],"rotation":180,"texture":"#0","tintindex":0},"down":{"uv":[7.5,2.5,4.5,1.25],"rotation":180,"texture":"#0","tintindex":0}}},{"from":[-2.253086,0.11476183,7.0245247],"to":[-0.6530862,2.914762,8.624524],"rotation":{"angle":-22.5,"axis":"z","origin":[3.538622,4.4633894,8.324525]},"faces":{"north":{"uv":[2.75,5,1.75,3.25],"texture":"#0","tintindex":0},"east":{"uv":[1,2.5,0,0.75],"texture":"#0","tintindex":0},"south":{"uv":[2.5,2.5,3.5,0.75],"texture":"#0","tintindex":0},"west":{"uv":[4.5,2.5,3.5,0.75],"texture":"#0","tintindex":0},"down":{"uv":[1,2,0,1],"rotation":90,"texture":"#0","tintindex":0}}},{"from":[-5.0530863,0.11476183,7.0245247],"to":[-2.253086,1.3147621,8.2245245],"rotation":{"angle":-22.5,"axis":"z","origin":[3.538622,4.4633894,8.324525]},"faces":{"north":{"uv":[1.75,4,0,3.25],"texture":"#0","tintindex":0},"south":{"uv":[3.5,1.5,1.75,0.75],"texture":"#0","tintindex":0},"west":{"uv":[0,1.5,0.75,0.75],"texture":"#0","tintindex":0},"up":{"uv":[6.25,2.5,4.5,1.75],"texture":"#0","tintindex":0},"down":{"uv":[3.5,0.75,1.75,0],"texture":"#0","tintindex":0}}},{"from":[-5.0530863,1.3147621,7.0245247],"to":[-3.853086,2.914762,8.2245245],"rotation":{"angle":-22.5,"axis":"z","origin":[3.538622,4.4633894,8.324525]},"faces":{"north":{"uv":[0.75,5,0,4],"texture":"#0","tintindex":0},"east":{"uv":[6.25,2.5,5.75,1.75],"rotation":90,"texture":"#0","tintindex":0},"south":{"uv":[0.75,2.5,1.5,1.5],"texture":"#0","tintindex":0},"west":{"uv":[0,2.5,0.75,1.5],"texture":"#0","tintindex":0},"up":{"uv":[6.25,2.5,5.75,1.75],"rotation":180,"texture":"#0","tintindex":0}}},{"from":[-3.853086,1.7147617,7.0245247],"to":[-3.0530858,2.914762,8.2245245],"rotation":{"angle":-22.5,"axis":"z","origin":[3.538622,4.4633894,8.324525]},"faces":{"north":{"uv":[1.25,5,0.75,4.25],"texture":"#0","tintindex":0},"east":{"uv":[6.25,2.5,5.75,1.75],"rotation":90,"texture":"#0","tintindex":0},"south":{"uv":[1.5,2.5,2,1.75],"texture":"#0","tintindex":0},"up":{"uv":[6.25,2.5,5.75,1.75],"rotation":180,"texture":"#0","tintindex":0},"down":{"uv":[2,2.25,1.5,1.75],"texture":"#0","tintindex":0}}},{"from":[-2.253086,2.914762,7.0245247],"to":[2.546914,4.9147615,9.024525],"rotation":{"angle":-22.5,"axis":"z","origin":[3.538622,4.4633894,8.324525]},"faces":{"north":{"uv":[7.75,6.25,4.75,5],"texture":"#0"}}},{"from":[-5.0530863,0.11476183,7.0245247],"to":[-2.253086,1.3147621,8.2245245],"rotation":{"angle":-22.5,"axis":"z","origin":[3.538622,4.4633894,8.324525]},"faces":{"north":{"uv":[4.75,4,3,3.25],"texture":"#0"}}},{"from":[-2.253086,0.11476183,7.0245247],"to":[-0.6530862,2.914762,8.624524],"rotation":{"angle":-22.5,"axis":"z","origin":[3.538622,4.4633894,8.324525]},"faces":{"north":{"uv":[5.75,5,4.75,3.25],"texture":"#0"}}},{"from":[-5.0530863,1.3147621,7.0245247],"to":[-3.853086,2.914762,8.2245245],"rotation":{"angle":-22.5,"axis":"z","origin":[3.538622,4.4633894,8.324525]},"faces":{"north":{"uv":[3.75,5,3,4],"texture":"#0"}}},{"from":[1.7160859,2.9560618,7.9245243],"to":[6.5160856,6.5560617,10.324525],"rotation":{"angle":-45,"axis":"z","origin":[3.538622,4.4633894,8.324525]},"faces":{"north":{"uv":[8,4,11,6.25],"texture":"#0"},"east":{"uv":[11.25,4,12.75,6.25],"texture":"#0"},"south":{"uv":[8,4,11,6.25],"texture":"#0"},"west":{"uv":[12.75,4,11.25,6.25],"texture":"#0"},"up":{"uv":[8,2.25,11,3.75],"texture":"#0"},"down":{"uv":[8,6.5,11,8],"texture":"#0"}}},{"from":[2.516086,1.7560616,8.7245245],"to":[5.7160864,2.9560618,9.524525],"rotation":{"angle":-45,"axis":"z","origin":[3.538622,4.4633894,8.324525]},"faces":{"north":{"uv":[8.75,0,10.75,0.75],"texture":"#0"},"east":{"uv":[8.75,0,9,0.75],"texture":"#0"},"south":{"uv":[8.75,0,10.75,0.75],"texture":"#0"},"west":{"uv":[8.75,0,9,0.75],"texture":"#0"},"down":{"uv":[8.75,0.5,10.75,0.75],"texture":"#0"}}},{"from":[-1.70855,5.4914503,9.024525],"to":[3.0914497,10.29145,9.024525],"faces":{"north":{"uv":[12,0,15,3],"texture":"#0"},"south":{"uv":[15,0,12,3],"texture":"#0"}}},{"from":[5.0914497,-1.3085504,9.024525],"to":[9.89145,3.4914498,9.024525],"rotation":{"angle":0,"axis":"y","origin":[7.0914497,7.0914497,5.824525]},"faces":{"north":{"uv":[15,0,12,3],"rotation":270,"texture":"#0"},"south":{"uv":[15,3,12,0],"rotation":270,"texture":"#0"}}}],"gui_light":"front","display":{"gui":{"rotation":[21,-180,45],"translation":[0,-0.75,0],"scale":[0.38,0.38,0.38]},"head":{"rotation":[10,0,45],"translation":[0,-80.0,8.75],"scale":[4.0,4.0,4.0]},"thirdperson_righthand":{"rotation":[100.0,0,45],"translation":[-1.0,-7.46875,18.849998],"scale":[1.0,1.0,1.0]}},"groups":[{"name":"group","origin":[16,0,0],"color":0,"children":[0,1,2,3,4,5,6,7,8,9,10,11,12,13,14,15,16,17,18,19]},{"name":"group","origin":[0,0,0],"color":0,"children":[20,21,22,23,24,25,26,27,28,29,30,31,32,33,34,35,36,37,38,39]},{"name":"group","origin":[0,0,0],"color":0,"children":[40,41,42,43,44,45,46,47,48,49,50,51,52,53,54,55,56,57,58,59]},{"name":"group","origin":[16,0,0],"color":0,"children":[60,61,62,63,64,65,66,67,68,69,70,71,72,73,74,75,76,77,78,79]},80,81,82,83]}