{"credit":"Made with Blockbench","texture_size":[64,64],"textures":{"0":"custom/cosmetics/patrick/pot_of_gold","1":"custom/cosmetics/patrick/rainbow","particle":"custom/cosmetics/patrick/pot_of_gold"},"elements":[{"from":[8.0,1.1522532,0.5186978],"to":[8.0,10.007254,16.618698],"rotation":{"angle":0,"axis":"x","origin":[8.0,4.372253,6.556198]},"faces":{"east":{"uv":[10.25,2.5,0,8],"texture":"#1","tintindex":0},"west":{"uv":[0,2.5,10.25,8],"texture":"#1","tintindex":0}}},{"from":[5.38375,-4.8852468,-0.08505243],"to":[10.61625,-0.05524683,5.1474476],"rotation":{"angle":0,"axis":"y","origin":[8.0,-1.665247,3.3361979]},"faces":{"north":{"uv":[3.5,0.5,6.75,3.5],"texture":"#0"},"east":{"uv":[3.5,0.5,6.75,3.5],"texture":"#0"},"south":{"uv":[3.5,0.5,6.75,3.5],"texture":"#0"},"west":{"uv":[3.5,0.5,6.75,3.5],"texture":"#0"}}},{"from":[10.61625,-0.05524683,5.1474476],"to":[5.38375,-4.8852468,-0.08505243],"rotation":{"angle":0,"axis":"y","origin":[13.2325,3.164753,8.568698]},"faces":{"north":{"uv":[3.5,0.5,6.75,3.5],"rotation":180,"texture":"#0"},"east":{"uv":[3.5,0.5,6.75,3.5],"rotation":180,"texture":"#0"},"south":{"uv":[3.5,0.5,6.75,3.5],"rotation":180,"texture":"#0"},"west":{"uv":[3.5,0.5,6.75,3.5],"rotation":180,"texture":"#0"}}},{"from":[5.38375,-4.0802474,-0.08505243],"to":[10.61625,-4.0802474,5.1474476],"rotation":{"angle":0,"axis":"y","origin":[8.0,-0.86024714,3.3361979]},"faces":{"east":{"uv":[3.5,0.5,6.75,3.5],"texture":"#0"},"down":{"uv":[0,3.5,3.25,6.75],"texture":"#0"}}},{"from":[5.1825,-0.05524683,-0.2863025],"to":[10.8175,0.749753,5.3486977],"rotation":{"angle":0,"axis":"y","origin":[8.4025,3.164753,2.9336977]},"faces":{"north":{"uv":[3.5,0,7,0.5],"texture":"#0"},"east":{"uv":[3.5,0,7,0.5],"texture":"#0"},"south":{"uv":[3.5,0,7,0.5],"texture":"#0"},"west":{"uv":[3.5,0,7,0.5],"texture":"#0"},"up":{"uv":[0,0,3.5,3.5],"texture":"#0"},"down":{"uv":[3,3.5,3.25,3.75],"texture":"#0"}}},{"from":[5.283125,-2.1683722,-0.78942674],"to":[10.716875,-0.7596221,5.851823],"rotation":{"angle":22.5,"axis":"x","origin":[8.0,-1.4639969,2.531198]},"faces":{"east":{"uv":[3.25,4,8,4.75],"texture":"#0"},"south":{"uv":[3.25,5,6.5,5.75],"texture":"#0"},"west":{"uv":[3.25,4,8,4.75],"texture":"#0"}}},{"from":[10.716875,-0.7596221,5.851823],"to":[5.283125,-2.1683722,-0.78942674],"rotation":{"angle":22.5,"axis":"x","origin":[8.0,-1.4639969,2.531198]},"faces":{"north":{"uv":[3.25,5,6.5,5.75],"texture":"#0"},"east":{"uv":[3.25,4,8,4.75],"texture":"#0"},"west":{"uv":[3.25,4,8,4.75],"texture":"#0"}}},{"from":[10.8175,0.749753,1.5249476],"to":[12.83,0.749753,3.537448],"rotation":{"angle":-45,"axis":"z","origin":[10.8175,0.749753,2.531198]},"faces":{"up":{"uv":[6.75,0.5,8,1.75],"rotation":270,"texture":"#0"},"down":{"uv":[6.75,0.5,8,1.75],"rotation":270,"texture":"#0"}}},{"from":[3.17,0.749753,1.5249476],"to":[5.1825,0.749753,3.537448],"rotation":{"angle":45,"axis":"z","origin":[5.1825,0.749753,2.531198]},"faces":{"up":{"uv":[6.75,0.5,8,1.75],"rotation":90,"texture":"#0"},"down":{"uv":[6.75,0.5,8,1.75],"rotation":90,"texture":"#0"}}},{"from":[5.585,0.749753,0.116197646],"to":[10.415,1.1522532,4.946198],"rotation":{"angle":0,"axis":"y","origin":[8.805,3.9697533,3.3361979]},"faces":{"north":{"uv":[0.25,0.25,3.25,0.5],"rotation":180,"texture":"#0"},"east":{"uv":[3,0.25,3.25,3.25],"rotation":90,"texture":"#0"},"south":{"uv":[3,0.25,3.25,3.25],"rotation":270,"texture":"#0"},"west":{"uv":[3,0.25,3.25,3.25],"rotation":90,"texture":"#0"},"up":{"uv":[0.25,0.25,3.25,3.25],"texture":"#0"}}}],"display":{"gui":{"rotation":[30,-45,0],"translation":[-3.5,3,0],"scale":[0.54,0.54,0.54]},"head":{"rotation":[10,0,0],"translation":[0,-80.0,41.5],"scale":[4.0,4.0,4.0]},"thirdperson_righthand":{"rotation":[100.0,0,0],"translation":[-1.0,-27.9375,25.412498],"scale":[1.00625,1.00625,1.00625]}},"groups":[0,{"name":"group","origin":[1,14,8],"children":[1,2,3,4,5,6,7,8]},9]}