{"credit":"Made with Blockbench","texture_size":[64,64],"textures":{"0":"custom/cosmetics/patrick/rainbow_wings","1":"custom/cosmetics/patrick/rainbow_wing_1","2":"custom/cosmetics/patrick/rainbow_wing_2","3":"custom/cosmetics/patrick/rainbow_wings_cloud","4":"custom/cosmetics/patrick/rainbow_wings_cloud_2","particle":"custom/cosmetics/patrick/rainbow_wings"},"elements":[{"from":[6.2,-0.7196164,3.6080267],"to":[9.8,2.880384,6.408027],"rotation":{"angle":0,"axis":"y","origin":[4.8,-0.7196164,3.6080267]},"faces":{"north":{"uv":[0,0,2.25,2.25],"texture":"#0","tintindex":0},"east":{"uv":[2.25,0,4,2.25],"texture":"#0","tintindex":0},"south":{"uv":[0,0,2.25,2.25],"texture":"#0","tintindex":0},"west":{"uv":[2.25,0,4,2.25],"texture":"#0","tintindex":0},"up":{"uv":[4,0,6.25,1.75],"texture":"#0","tintindex":0},"down":{"uv":[6.25,0,8.5,1.75],"texture":"#0","tintindex":0}}},{"from":[7.0,-2.7196164,4.408027],"to":[9.0,-0.7196164,6.408027],"rotation":{"angle":-22.5,"axis":"x","origin":[7.8,-1.3196163,5.408027]},"faces":{"north":{"uv":[0,2.25,1.25,3.5],"texture":"#0","tintindex":0},"east":{"uv":[2.5,2.25,1.25,3.5],"texture":"#0","tintindex":0},"south":{"uv":[0,2.25,1.25,3.5],"texture":"#0","tintindex":0},"west":{"uv":[1.25,2.25,2.5,3.5],"texture":"#0","tintindex":0},"up":{"uv":[2.5,2.25,3.75,3.5],"texture":"#0","tintindex":0},"down":{"uv":[2.5,2.25,3.75,3.5],"texture":"#0","tintindex":0}}},{"from":[13.410624,0.34346342,4.408027],"to":[15.010625,1.9434633,6.008027],"rotation":{"angle":0,"axis":"z","origin":[-0.78937626,0.5434637,5.2080274]},"faces":{"north":{"uv":[4,1.75,5,2.75],"texture":"#0","tintindex":0},"south":{"uv":[5,1.75,4,2.75],"texture":"#0","tintindex":0},"west":{"uv":[6,1.75,5,2.75],"texture":"#0","tintindex":0},"up":{"uv":[6,2.75,7,1.75],"rotation":270,"texture":"#0","tintindex":0},"down":{"uv":[7,2.75,8,1.75],"rotation":270,"texture":"#0","tintindex":0}}},{"from":[15.010625,-0.056536674,4.008027],"to":[17.410625,3.1434636,6.408027],"rotation":{"angle":0,"axis":"z","origin":[-0.78937626,0.5434637,5.2080274]},"faces":{"north":{"uv":[0,3.5,1.5,5.5],"texture":"#0","tintindex":0},"east":{"uv":[4.5,3.5,3,5.5],"texture":"#0","tintindex":0},"south":{"uv":[1.5,3.5,0,5.5],"texture":"#0","tintindex":0},"west":{"uv":[3,3.5,1.5,5.5],"texture":"#0","tintindex":0},"up":{"uv":[6,3.5,4.5,5],"texture":"#0","tintindex":0},"down":{"uv":[6,5,4.5,6.5],"texture":"#0","tintindex":0}}},{"from":[10.234312,-1.0509844,5.2080274],"to":[16.634312,5.3490157,5.2080274],"rotation":{"angle":-45,"axis":"z","origin":[13.300984,3.7490158,5.2080274]},"faces":{"north":{"uv":[15,0,0,15],"texture":"#1"},"south":{"uv":[15,15,0,0],"rotation":180,"texture":"#1"}}},{"from":[-0.6343126,-1.0509844,5.2080274],"to":[5.765688,5.3490157,5.2080274],"rotation":{"angle":45,"axis":"z","origin":[2.6990156,3.7490158,5.2080274]},"faces":{"north":{"uv":[0,0,15,15],"texture":"#1"},"south":{"uv":[0,15,15,0],"rotation":180,"texture":"#1"}}},{"from":[-1.4106245,-0.056536674,4.008027],"to":[0.98937607,3.1434636,6.408027],"rotation":{"angle":0,"axis":"z","origin":[16.789375,0.5434637,5.2080274]},"faces":{"north":{"uv":[1.5,3.5,0,5.5],"texture":"#0","tintindex":0},"east":{"uv":[1.5,3.5,3,5.5],"texture":"#0","tintindex":0},"south":{"uv":[0,3.5,1.5,5.5],"texture":"#0","tintindex":0},"west":{"uv":[3,3.5,4.5,5.5],"texture":"#0","tintindex":0},"up":{"uv":[4.5,3.5,6,5],"texture":"#0","tintindex":0},"down":{"uv":[4.5,5,6,6.5],"texture":"#0","tintindex":0}}},{"from":[0.98937607,1.1434636,4.408027],"to":[2.589376,2.7434635,6.008027],"rotation":{"angle":0,"axis":"z","origin":[16.789375,0.5434637,5.2080274]},"faces":{"north":{"uv":[5,1.75,4,2.75],"texture":"#0","tintindex":0},"east":{"uv":[5,1.75,6,2.75],"texture":"#0","tintindex":0},"south":{"uv":[4,1.75,5,2.75],"texture":"#0","tintindex":0},"up":{"uv":[6,1.75,7,2.75],"rotation":270,"texture":"#0","tintindex":0},"down":{"uv":[7,1.75,8,2.75],"rotation":270,"texture":"#0","tintindex":0}}},{"from":[8.8,-5.119616,5.2080274],"to":[14.4,0.48038387,5.2080274],"rotation":{"angle":22.5,"axis":"z","origin":[11.6,-3.119616,5.2080274]},"faces":{"north":{"uv":[0,0,14,14],"texture":"#2"},"south":{"uv":[0,14,14,0],"rotation":180,"texture":"#2"}}},{"from":[1.5999999,-5.119616,5.2080274],"to":[7.2,0.48038387,5.2080274],"rotation":{"angle":-22.5,"axis":"z","origin":[4.3999996,-3.119616,5.2080274]},"faces":{"north":{"uv":[14,0,0,14],"texture":"#2"},"south":{"uv":[14,14,0,0],"rotation":180,"texture":"#2"}}},{"from":[12.4,-4.919616,4.408027],"to":[15.200001,-3.3196168,6.008027],"faces":{"north":{"uv":[0,5.5,1.75,6.5],"texture":"#0","tintindex":0},"east":{"uv":[3.5,5.5,4.5,6.5],"texture":"#0","tintindex":0},"south":{"uv":[0,5.5,1.75,6.5],"texture":"#0","tintindex":0},"west":{"uv":[3.5,5.5,4.5,6.5],"texture":"#0","tintindex":0},"up":{"uv":[1.75,5.5,3.5,6.5],"texture":"#0","tintindex":0},"down":{"uv":[0,6.5,1.75,7.5],"texture":"#0","tintindex":0}}},{"from":[0.7999997,-4.919616,4.408027],"to":[3.6,-3.3196168,6.008027],"rotation":{"angle":0,"axis":"y","origin":[14.4,-0.31961632,2.0080268]},"faces":{"north":{"uv":[1.75,5.5,0,6.5],"texture":"#0","tintindex":0},"east":{"uv":[4.5,5.5,3.5,6.5],"texture":"#0","tintindex":0},"south":{"uv":[1.75,5.5,0,6.5],"texture":"#0","tintindex":0},"west":{"uv":[4.5,5.5,3.5,6.5],"texture":"#0","tintindex":0},"up":{"uv":[3.5,5.5,1.75,6.5],"texture":"#0","tintindex":0},"down":{"uv":[1.75,6.5,0,7.5],"texture":"#0","tintindex":0}}},{"from":[-0.8000002,0.48038387,5.008027],"to":[3.6,4.880384,5.008027],"faces":{"north":{"uv":[0,0,11,11],"rotation":270,"texture":"#3"},"south":{"uv":[0,0,11,11],"texture":"#3"}}},{"from":[5.6,-5.919616,5.008027],"to":[10.0,-1.5196161,5.008027],"rotation":{"angle":-45,"axis":"z","origin":[8.6,-3.7196164,5.008027]},"faces":{"north":{"uv":[0,0,11,11],"rotation":180,"texture":"#4"},"south":{"uv":[0,0,11,11],"rotation":90,"texture":"#4"}}},{"from":[12.4,0.48038387,5.008027],"to":[16.8,4.880384,5.008027],"rotation":{"angle":0,"axis":"y","origin":[14.4,-0.31961632,2.0080268]},"faces":{"north":{"uv":[0,11,11,0],"rotation":270,"texture":"#3"},"south":{"uv":[11,0,0,11],"texture":"#3"}}}],"gui_light":"front","display":{"thirdperson_righthand":{"rotation":[102,0,0],"translation":[-1,-18.25,28.69375],"scale":[2,2,2]},"gui":{"translation":[0,4.75,0],"scale":[0.67,0.67,0.67]},"head":{"rotation":[12,0,0],"translation":[0,-80.0,26],"scale":[4.0,4.0,4.0]}},"groups":[0,1,{"name":"group","origin":[17,13,4],"color":0,"children":[2,3,4,5,6,7]},8,9,10,11,12,13,14]}