{"credit":"Made with Blockbench","texture_size":[64,64],"textures":{"0":"custom/cosmetics/halloween/reaper_scythe","1":"custom/cosmetics/halloween/reaper_scythe_soul","particle":"custom/cosmetics/halloween/reaper_scythe"},"elements":[{"from":[4.371626,-3.6055942,9.662384],"to":[5.171626,12.394406,10.462384],"faces":{"north":{"uv":[0,2,0.5,12],"texture":"#0"},"east":{"uv":[0.5,2,0,12],"texture":"#0"},"south":{"uv":[0,2,0.5,12],"texture":"#0"},"west":{"uv":[0.5,2,0,12],"texture":"#0"},"up":{"uv":[1,0,1.25,0.25],"texture":"#0"},"down":{"uv":[1,0,1.25,0.25],"texture":"#0"}}},{"from":[3.9716253,8.394406,9.262384],"to":[5.5716257,11.594405,10.862385],"faces":{"north":{"uv":[0,0,1,2],"texture":"#0"},"east":{"uv":[0,0,1,2],"texture":"#0"},"south":{"uv":[0,0,1,2],"texture":"#0"},"west":{"uv":[0,0,1,2],"texture":"#0"},"up":{"uv":[2,1,3,2],"texture":"#0"},"down":{"uv":[1,1,2,2],"texture":"#0"}}},{"from":[3.9716253,-5.205594,9.262384],"to":[5.5716257,-3.6055942,10.862385],"faces":{"north":{"uv":[1,0,2,1],"texture":"#0"},"east":{"uv":[3,0,2,1],"texture":"#0"},"south":{"uv":[3,0,4,1],"texture":"#0"},"west":{"uv":[2,0,3,1],"texture":"#0"},"up":{"uv":[4,0,5,1],"texture":"#0"}}},{"name":"cube inverted","from":[5.5716257,-3.6055942,10.862385],"to":[3.9716253,-5.205594,9.262384],"faces":{"north":{"uv":[3,1,4,0],"texture":"#0"},"east":{"uv":[2,1,3,0],"texture":"#0"},"south":{"uv":[1,1,2,0],"texture":"#0"},"west":{"uv":[3,1,2,0],"texture":"#0"},"down":{"uv":[5,0,4,1],"texture":"#0"}}},{"from":[-4.8283744,6.794406,10.062385],"to":[3.9716253,11.994407,10.062385],"faces":{"north":{"uv":[0.5,2,6,5.25],"texture":"#0"},"south":{"uv":[6,2,0.5,5.25],"texture":"#0"}}},{"from":[-6.4283743,1.9944057,10.022385],"to":[3.9716253,12.394406,10.102385],"faces":{"north":{"uv":[0,0,13,13],"texture":"#1","tintindex":0},"south":{"uv":[13,0,0,13],"texture":"#1","tintindex":0}}}],"display":{"ground":{"translation":[0,19.5,0],"scale":[0.81,0.81,0.81]},"gui":{"rotation":[0,0,-51],"translation":[-1.75,-0.5,0],"scale":[0.35,0.35,0.35]},"head":{"rotation":[14,0,51],"translation":[-4.25,-80.0,1.75],"scale":[4.0,4.0,4.0]},"thirdperson_righthand":{"rotation":[104.0,0,51],"translation":[-3.65625,-3.09375,12.287498],"scale":[1.0,1.0,1.0]}}}