{"credit":"Made with Blockbench","texture_size":[32,32],"textures":{"0":"custom/cosmetics/summer/shark_tail","particle":"custom/cosmetics/summer/shark_tail"},"elements":[{"from":[7.195,-1.9978118,6.449685],"to":[8.805,0.014688492,9.669684],"faces":{"north":{"uv":[0,10.5,2,13],"texture":"#0"},"east":{"uv":[4,8,0,10.5],"texture":"#0"},"south":{"uv":[0,10.5,2,13],"texture":"#0"},"west":{"uv":[0,8,4,10.5],"texture":"#0"},"up":{"uv":[4,0,8,2],"rotation":90,"texture":"#0"},"down":{"uv":[4,8,8,10],"rotation":270,"texture":"#0"}}},{"from":[7.79875,-4.4128118,8.864685],"to":[8.20125,-1.1928115,10.474685],"rotation":{"angle":-22.5,"axis":"x","origin":[8.0,-1.3940616,10.072185]},"faces":{"north":{"uv":[2,10.5,2.5,14.5],"texture":"#0"},"east":{"uv":[4,10.5,2,14.5],"texture":"#0"},"west":{"uv":[2,10.5,4,14.5],"texture":"#0"}}},{"from":[7.79875,0.61843824,5.845935],"to":[8.20125,2.630939,8.663435],"rotation":{"angle":0,"axis":"x","origin":[8.0,-0.9915614,10.072185]},"faces":{"north":{"uv":[7,5,9.5,5.5],"rotation":90,"texture":"#0","tintindex":0},"east":{"uv":[7,5.5,9.5,2],"rotation":90,"texture":"#0","tintindex":0},"south":{"uv":[7,2,9.5,2.5],"rotation":90,"texture":"#0","tintindex":0},"west":{"uv":[7,2,9.5,5.5],"rotation":90,"texture":"#0","tintindex":0},"up":{"uv":[7,2,7.5,5.5],"rotation":180,"texture":"#0","tintindex":0},"down":{"uv":[9,2,9.5,5.5],"texture":"#0","tintindex":0}}},{"from":[7.195,-1.9978118,6.449685],"to":[8.805,0.014688492,9.669684],"faces":{"north":{"uv":[0,2.5,2,5],"texture":"#0","tintindex":0},"east":{"uv":[4,0,0,2.5],"texture":"#0","tintindex":0},"south":{"uv":[0,2.5,2,5],"texture":"#0","tintindex":0},"west":{"uv":[0,0,4,2.5],"texture":"#0","tintindex":0},"up":{"uv":[4,0,8,2],"rotation":90,"texture":"#0","tintindex":0}}},{"from":[7.79875,-4.4128118,8.864685],"to":[8.20125,-1.1928115,10.474685],"rotation":{"angle":-22.5,"axis":"x","origin":[8.0,-1.3940616,10.072185]},"faces":{"north":{"uv":[2,2.5,2.5,6.5],"texture":"#0","tintindex":0},"east":{"uv":[4,2.5,2,6.5],"texture":"#0","tintindex":0},"south":{"uv":[3.5,2.5,4,6.5],"texture":"#0","tintindex":0},"west":{"uv":[2,2.5,4,6.5],"texture":"#0","tintindex":0},"down":{"uv":[2,6,4,6.5],"rotation":90,"texture":"#0","tintindex":0}}},{"from":[7.7585,-1.6355615,8.824435],"to":[8.2415,3.274938,11.319935],"rotation":{"angle":45,"axis":"x","origin":[8.0,-0.9915614,10.072185]},"faces":{"north":{"uv":[4,2,4.5,8],"texture":"#0","tintindex":0},"east":{"uv":[7,2,4,8],"texture":"#0","tintindex":0},"south":{"uv":[6.5,2,7,8],"texture":"#0","tintindex":0},"west":{"uv":[4,2,7,8],"texture":"#0","tintindex":0},"up":{"uv":[4,2,7,2.5],"rotation":90,"texture":"#0","tintindex":0},"down":{"uv":[4,7.5,7,8],"rotation":270,"texture":"#0","tintindex":0}}}],"display":{"gui":{"rotation":[70,52,-38],"translation":[1.5,0.5,0],"scale":[0.68,0.68,0.68]},"head":{"rotation":[17,0,0],"translation":[0,-80.0,18.75],"scale":[4.0,4.0,4.0]},"thirdperson_righthand":{"rotation":[107.0,0,0],"translation":[-1.0,-13.71875,15.881248],"scale":[1.00625,1.00625,1.00625]}},"groups":[0,1,{"name":"group","origin":[8,2.5,8],"children":[2,3,4,5]}]}