{"credit":"Made with Blockbench","texture_size":[32,32],"textures":{"0":"custom/cosmetics/badger/shield_cross","particle":"custom/cosmetics/badger/shield_cross"},"elements":[{"from":[5.2,-1.0560231,7.68097],"to":[10.8,4.1439767,8.48097],"faces":{"north":{"uv":[3.5,0,10.5,6.5],"texture":"#0"},"east":{"uv":[3.5,0,4,6.5],"texture":"#0"},"south":{"uv":[3.5,0,10.5,6.5],"texture":"#0"},"west":{"uv":[3.5,0,4,6.5],"texture":"#0"},"up":{"uv":[3.5,0,10.5,0.5],"texture":"#0"},"down":{"uv":[3.5,6,10.5,6.5],"texture":"#0"}}},{"from":[6.0,-2.2560234,7.68097],"to":[10.0,-1.0560231,8.48097],"faces":{"north":{"uv":[4.5,6.5,9.5,8],"texture":"#0"},"east":{"uv":[4.5,6.5,5,8],"texture":"#0"},"south":{"uv":[4.5,6.5,9.5,8],"texture":"#0"},"west":{"uv":[4.5,6.5,5,8],"texture":"#0"},"down":{"uv":[4.5,7.5,9.5,8],"texture":"#0"}}},{"from":[3.3970556,3.8380885,8.68097],"to":[15.397057,5.0380883,8.68097],"rotation":{"angle":-45,"axis":"z","origin":[5.497056,3.238089,8.68097]},"faces":{"north":{"uv":[2,0,3.5,16],"rotation":270,"texture":"#0"},"south":{"uv":[2,0,3.5,16],"rotation":90,"texture":"#0"}}},{"from":[2.597056,3.0380883,8.080971],"to":[3.3970556,5.8380885,9.280971],"rotation":{"angle":-45,"axis":"z","origin":[5.497056,3.238089,8.68097]},"faces":{"north":{"uv":[10.5,1.5,14,2.5],"rotation":270,"texture":"#0"},"east":{"uv":[10.5,0,14,1.5],"rotation":90,"texture":"#0"},"south":{"uv":[10.5,1.5,14,2.5],"rotation":90,"texture":"#0"},"west":{"uv":[10.5,2,14,2.5],"rotation":90,"texture":"#0"},"up":{"uv":[14,0,15.5,1],"rotation":90,"texture":"#0"},"down":{"uv":[14,0,15.5,1],"rotation":90,"texture":"#0"}}},{"from":[0.59705585,4.0380883,8.280971],"to":[2.597056,4.8380885,9.080971],"rotation":{"angle":-45,"axis":"z","origin":[5.497056,3.238089,8.68097]},"faces":{"north":{"uv":[10.5,4,11.5,6.5],"rotation":270,"texture":"#0","tintindex":0},"south":{"uv":[10.5,4,11.5,6.5],"rotation":90,"texture":"#0","tintindex":0},"up":{"uv":[10.5,4,11.5,6.5],"rotation":90,"texture":"#0","tintindex":0},"down":{"uv":[10.5,4,11.5,6.5],"rotation":90,"texture":"#0","tintindex":0}}},{"from":[-0.60294443,3.8380885,8.080971],"to":[0.59705585,5.0380883,9.280971],"rotation":{"angle":-45,"axis":"z","origin":[5.497056,3.238089,8.68097]},"faces":{"north":{"uv":[10.5,2.5,12,4],"rotation":270,"texture":"#0"},"east":{"uv":[12,4,13.5,5.5],"rotation":180,"texture":"#0"},"south":{"uv":[12,2.5,10.5,4],"rotation":90,"texture":"#0"},"west":{"uv":[12,2.5,13.5,4],"rotation":180,"texture":"#0"},"up":{"uv":[12,2.5,13.5,4],"rotation":90,"texture":"#0"},"down":{"uv":[12,4,13.5,5.5],"rotation":90,"texture":"#0"}}},{"from":[8.8,2.1439767,8.080971],"to":[9.6,10.543978,8.880971],"rotation":{"angle":-45,"axis":"z","origin":[8.4,3.5106444,4.4809704]},"faces":{"north":{"uv":[1,0,0,11],"texture":"#0"},"east":{"uv":[0,0,1,11],"texture":"#0"},"south":{"uv":[1,0,0,11],"texture":"#0"},"west":{"uv":[0,0,1,11],"texture":"#0"},"up":{"uv":[0,0,1,1],"texture":"#0"},"down":{"uv":[0,15,0.5,15.5],"texture":"#0"}}},{"from":[8.76,-4.2960234,8.040971],"to":[9.64,8.583977,8.920971],"rotation":{"angle":-45,"axis":"z","origin":[8.4,3.5106444,4.4809704]},"faces":{"north":{"uv":[2,0,1,16],"texture":"#0","tintindex":0},"east":{"uv":[1,0,2,16],"texture":"#0","tintindex":0},"south":{"uv":[2,0,1,16],"texture":"#0","tintindex":0},"west":{"uv":[1,0,2,16],"texture":"#0","tintindex":0}}},{"name":"cube inverted","from":[9.64,8.583977,8.920971],"to":[8.76,-4.2960234,8.040971],"rotation":{"angle":-45,"axis":"z","origin":[8.4,3.5106444,4.4809704]},"faces":{"north":{"uv":[2,16,1,0],"texture":"#0","tintindex":0},"east":{"uv":[1,16,2,0],"texture":"#0","tintindex":0},"south":{"uv":[2,16,1,0],"texture":"#0","tintindex":0},"west":{"uv":[1,16,2,0],"texture":"#0","tintindex":0}}},{"from":[8.4,7.3439775,7.880971],"to":[10.0,8.943977,9.080971],"rotation":{"angle":-45,"axis":"z","origin":[8.4,3.5106444,4.4809704]},"faces":{"north":{"uv":[11.5,5.5,13.5,7.5],"texture":"#0"},"east":{"uv":[13.5,5.5,15,7.5],"texture":"#0"},"south":{"uv":[11.5,5.5,13.5,7.5],"texture":"#0"},"west":{"uv":[13.5,5.5,15,7.5],"texture":"#0"},"up":{"uv":[13.5,4,15.5,5.5],"texture":"#0"},"down":{"uv":[12,2.5,13.5,4],"rotation":90,"texture":"#0"}}},{"from":[6.4,5.743977,8.48097],"to":[12.0,10.543978,8.48097],"rotation":{"angle":-45,"axis":"z","origin":[8.4,3.5106444,4.4809704]},"faces":{"north":{"uv":[3.5,8,10.5,14],"texture":"#0"},"south":{"uv":[3.5,8,10.5,14],"texture":"#0"}}},{"from":[8.8,-4.2560234,8.080971],"to":[9.6,2.1439767,8.880971],"rotation":{"angle":-45,"axis":"z","origin":[8.4,3.5106444,4.4809704]},"faces":{"north":{"uv":[0,8,1,16],"texture":"#0"},"east":{"uv":[1,8,0,16],"texture":"#0"},"south":{"uv":[0,8,1,16],"texture":"#0"},"west":{"uv":[1,8,0,16],"texture":"#0"},"down":{"uv":[0,15,0.5,15.5],"texture":"#0"}}},{"from":[6.8,-0.2560234,7.580971],"to":[9.2,2.1439767,7.580971],"faces":{"north":{"uv":[10.5,7.5,13.5,10.5],"texture":"#0","tintindex":0}}}],"gui_light":"front","display":{"gui":{"rotation":[0,-180,0],"translation":[0.25,-1,0],"scale":[0.44,0.44,0.44]},"head":{"rotation":[7,-180,0],"translation":[0,-80.0,10.25],"scale":[4.0,4.0,4.0]},"thirdperson_righthand":{"rotation":[97.0,-180,0],"translation":[-1.0,-8.40625,18.849998],"scale":[1.0,1.0,1.0]}},"groups":[0,1,{"name":"group","origin":[0,0,0],"color":0,"children":[2,3,4,5]},{"name":"group","origin":[0,0,0],"color":0,"children":[6,7,8,9,10,11]},12]}