{"credit":"Made with Blockbench","texture_size":[64,64],"textures":{"1":"custom/cosmetics/summer/surfboard"},"elements":[{"from":[10.183659,-4.3541403,8.351535],"to":[14.983658,11.64586,9.151535],"faces":{"north":{"uv":[3,0,6,10],"texture":"#1","tintindex":0},"south":{"uv":[3,0,6,10],"texture":"#1","tintindex":0}}},{"from":[10.183659,-4.3541403,8.351535],"to":[14.983658,11.64586,9.151535],"faces":{"north":{"uv":[0,0,3,10],"texture":"#1"},"east":{"uv":[0,0,0.25,10],"texture":"#1"},"south":{"uv":[0,0,3,10],"texture":"#1"},"west":{"uv":[2.75,0,3,10],"texture":"#1"},"up":{"uv":[0,0,3,0.25],"texture":"#1"},"down":{"uv":[0,9.75,3,10],"texture":"#1"}}},{"from":[12.383659,7.24586,8.251535],"to":[12.783659,9.64586,12.251535],"rotation":{"angle":-45,"axis":"x","origin":[12.583658,7.6458597,10.951534]},"faces":{"north":{"uv":[7.5,2.25,6,2.5],"rotation":90,"texture":"#1"},"east":{"uv":[7.5,2.5,6,0],"rotation":90,"texture":"#1"},"south":{"uv":[6,0,7.5,0.25],"rotation":90,"texture":"#1"},"west":{"uv":[7.5,0,6,2.5],"rotation":90,"texture":"#1"},"up":{"uv":[7.25,2.5,7.5,0],"texture":"#1"},"down":{"uv":[6,0,6.25,2.5],"texture":"#1"}}}],"display":{"thirdperson_righthand":{"rotation":[164,94,0],"translation":[-1.25,-7.25,3]},"thirdperson_lefthand":{"rotation":[164,94,0],"translation":[-1.25,-7.25,3]},"firstperson_righthand":{"rotation":[-77,97,0],"translation":[8.5,-3,0.75]},"firstperson_lefthand":{"rotation":[-77,97,0],"translation":[8.5,-3,0.75]},"ground":{"translation":[0,11.5,0],"scale":[0.32,0.32,0.32]},"gui":{"rotation":[-38,-42,-76],"translation":[1.25,1,0],"scale":[0.47,0.47,0.47]},"head":{"rotation":[8,0,-59],"translation":[7,-80.0,6.5],"scale":[4.0,4.0,4.0]},"fixed":{"rotation":[-80,-180,0],"translation":[0,8.75,-13],"scale":[2.01,2.01,2.01]}}}