{"credit":"Made with Blockbench","textures":{"0":"custom/cosmetics/tribal/tribal_spears","1":"custom/cosmetics/tribal/tribal_mask","particle":"custom/cosmetics/tribal/tribal_spears"},"elements":[{"from":[1.5999999,-2.3000016,7.2],"to":[6.8,1.6999984,7.2],"rotation":{"angle":-22.5,"axis":"y","origin":[8.0,2.0999985,8.0]},"faces":{"north":{"uv":[9.5,13,16,8],"texture":"#1","tintindex":0},"south":{"uv":[16,13,9.5,8],"texture":"#1","tintindex":0}}},{"from":[9.2,-2.3000016,7.2],"to":[14.4,1.6999984,7.2],"rotation":{"angle":22.5,"axis":"y","origin":[8.0,2.0999985,8.0]},"faces":{"north":{"uv":[16,13,9.5,8],"texture":"#1","tintindex":0},"south":{"uv":[9.5,13,16,8],"texture":"#1","tintindex":0}}},{"from":[4.7799997,-4.720001,6.38],"to":[5.2200003,8.119999,6.82],"rotation":{"angle":45,"axis":"z","origin":[7.792688,4.8020706,6.611536]},"faces":{"north":{"uv":[0.5,0,1,16],"texture":"#0","tintindex":0},"east":{"uv":[0.5,0,1,16],"texture":"#0","tintindex":0},"south":{"uv":[0.5,0,1,16],"texture":"#0","tintindex":0},"west":{"uv":[0.5,0,1,16],"texture":"#0","tintindex":0},"down":{"uv":[0.5,15.5,1,16],"texture":"#0","tintindex":0}}},{"from":[10.78,-4.720001,6.38],"to":[11.219999,8.119999,6.82],"rotation":{"angle":-45,"axis":"z","origin":[8.192688,4.8027706,6.61084]},"faces":{"north":{"uv":[0.5,0,1,16],"texture":"#0","tintindex":0},"east":{"uv":[0.5,0,1,16],"texture":"#0","tintindex":0},"south":{"uv":[0.5,0,1,16],"texture":"#0","tintindex":0},"west":{"uv":[0.5,0,1,16],"texture":"#0","tintindex":0},"down":{"uv":[0.5,15.5,1,16],"texture":"#0","tintindex":0}}},{"from":[5.96,-1.1400018,5.96],"to":[10.04,2.9399986,6.44],"rotation":{"angle":0,"axis":"y","origin":[8.0,2.0999985,9.2]},"faces":{"north":{"uv":[2.5,6,7.5,11],"texture":"#0","tintindex":0}}},{"from":[6.0,-1.1000013,6.0],"to":[10.0,2.8999987,6.4],"rotation":{"angle":0,"axis":"y","origin":[8.0,2.0999985,9.2]},"faces":{"north":{"uv":[2.5,0.5,7.5,5.5],"texture":"#0"},"east":{"uv":[7.5,0.5,8,5.5],"texture":"#0"},"south":{"uv":[2.5,0.5,7.5,5.5],"texture":"#0"},"west":{"uv":[7.5,0.5,8,5.5],"texture":"#0"},"up":{"uv":[2.5,0,7.5,0.5],"texture":"#0"},"down":{"uv":[2.5,5.5,7.5,6],"texture":"#0"}}},{"from":[10.8,-4.7000017,6.4],"to":[11.2,8.099998,6.8],"rotation":{"angle":-45,"axis":"z","origin":[8.192688,4.8027706,6.61084]},"faces":{"north":{"uv":[0,0,0.5,16],"texture":"#0"},"east":{"uv":[0,0,0.5,16],"texture":"#0"},"south":{"uv":[0,0,0.5,16],"texture":"#0"},"west":{"uv":[0,0,0.5,16],"texture":"#0"},"up":{"uv":[0,0,0.5,0.5],"texture":"#0"}}},{"from":[10.4,7.299999,6.6],"to":[11.6,10.099998,6.6],"rotation":{"angle":-45,"axis":"z","origin":[8.192688,4.8027706,6.61084]},"faces":{"north":{"uv":[1,0,2.5,3.5],"texture":"#0"},"south":{"uv":[1,0,2.5,3.5],"texture":"#0"}}},{"from":[10.999324,7.299999,6.025848],"to":[10.999324,10.099998,7.225848],"rotation":{"angle":-45,"axis":"z","origin":[8.192688,4.8027706,6.61084]},"faces":{"east":{"uv":[1,0,2.5,3.5],"texture":"#0"},"west":{"uv":[1,0,2.5,3.5],"texture":"#0"}}},{"from":[4.8,-4.7000017,6.4],"to":[5.2,8.099998,6.8],"rotation":{"angle":45,"axis":"z","origin":[7.792688,4.8020706,6.611536]},"faces":{"north":{"uv":[0,0,0.5,16],"texture":"#0"},"east":{"uv":[0,0,0.5,16],"texture":"#0"},"south":{"uv":[0,0,0.5,16],"texture":"#0"},"west":{"uv":[0,0,0.5,16],"texture":"#0"},"up":{"uv":[0,0,0.5,0.5],"texture":"#0"}}},{"from":[4.3999996,7.299999,6.6],"to":[5.6,10.099998,6.6],"rotation":{"angle":45,"axis":"z","origin":[7.792688,4.8020706,6.611536]},"faces":{"north":{"uv":[1,0,2.5,3.5],"texture":"#0"},"south":{"uv":[1,0,2.5,3.5],"texture":"#0"}}},{"from":[4.999324,7.299999,6.025848],"to":[4.999324,10.099998,7.225848],"rotation":{"angle":45,"axis":"z","origin":[7.792688,4.8020706,6.611536]},"faces":{"east":{"uv":[1,0,2.5,3.5],"texture":"#0"},"west":{"uv":[1,0,2.5,3.5],"texture":"#0"}}},{"from":[5.2,-3.9000015,6.2],"to":[7.2,-1.1000013,6.2],"rotation":{"angle":-22.5,"axis":"z","origin":[6.604892,-2.4992938,6.194404]},"faces":{"north":{"uv":[10,4.5,12.5,8],"rotation":180,"texture":"#1"},"south":{"uv":[10,4.5,12.5,8],"rotation":180,"texture":"#1"}}},{"from":[8.8,-3.9000015,6.2],"to":[10.8,-1.1000013,6.2],"rotation":{"angle":22.5,"axis":"z","origin":[9.404884,-2.4943976,6.189524]},"faces":{"north":{"uv":[10,4.5,12.5,8],"rotation":180,"texture":"#1"},"south":{"uv":[10,4.5,12.5,8],"rotation":180,"texture":"#1"}}}],"display":{"thirdperson_righthand":{"rotation":[90.0,180,0],"translation":[-1.0,-1.21875,18.849998],"scale":[1.0,1.0,1.0]},"thirdperson_lefthand":{"rotation":[78,0,0],"translation":[0,-1.25,1],"scale":[0.39,0.39,0.39]},"firstperson_righthand":{"rotation":[0,145,0],"translation":[17.5,0,-11]},"firstperson_lefthand":{"rotation":[0,145,0],"translation":[17.5,0,-11]},"ground":{"translation":[0,4.75,1],"scale":[0.39,0.39,0.39]},"gui":{"rotation":[0,180,0],"translation":[0,1,0],"scale":[0.56,0.56,0.56]},"head":{"rotation":[0,180,0],"translation":[0,-80.0,-1.25],"scale":[4.0,4.0,4.0]},"fixed":{"translation":[0,6,6],"scale":[2,2,2]}},"groups":[{"name":"group","origin":[8,8,8],"children":[{"name":"group","origin":[8,8,11],"children":[0,1,2,3,4]},5]},{"name":"group","origin":[8,8,8],"children":[6,7,8]},{"name":"group","origin":[8,8,8],"children":[9,10,11]},12,13]}