{"credit":"Made with Blockbench","texture_size":[64,64],"textures":{"0":"custom/cosmetics/thanksgiving/turkey_tail","particle":"custom/cosmetics/thanksgiving/turkey_tail"},"elements":[{"from":[-1.6000004,-0.16153908,12.1206],"to":[17.6,12.638461,12.1206],"faces":{"north":{"uv":[0,0,12,8],"texture":"#0"},"south":{"uv":[12,0,0,8],"texture":"#0"}}},{"from":[1.1999998,-0.16153908,12.1206],"to":[14.8,8.638461,12.1206],"rotation":{"angle":-22.5,"axis":"x","origin":[8.0,-0.16153908,12.1206]},"faces":{"north":{"uv":[1.75,10.5,10.25,16],"texture":"#0"},"south":{"uv":[1.75,10.5,10.25,16],"texture":"#0"}}}],"gui_light":"front","display":{"gui":{"rotation":[0,-180,0],"scale":[0.37,0.37,0.37]},"head":{"rotation":[47,0,0],"translation":[0,-80.0,15],"scale":[4.0,4.0,4.0]},"thirdperson_righthand":{"rotation":[137.0,0,0],"translation":[-1.0,-11.375,15.412498],"scale":[1.0,1.0,1.0]}}}