{"credit":"Made with Blockbench","texture_size":[64,64],"textures":{"1":"custom/cosmetics/may4th/x_wing_balloon","2":"custom/cosmetics/may4th/x_wing_glow","3":"custom/cosmetics/may4th/x_wing_laser_alt","4":"custom/cosmetics/may4th/x_wing_flame","particle":"custom/cosmetics/may4th/x_wing_glow"},"elements":[{"from":[-4.07243,0.09853,5.5],"to":[-3.07243,1.59853,5.5],"rotation":{"angle":0,"axis":"z","origin":[0.18411,0.5995,11.625]},"faces":{"north":{"uv":[11.5,0,11.75,0.75],"texture":"#1"},"south":{"uv":[11.5,0,11.75,0.75],"texture":"#1"}}},{"from":[2.42075,-2.20679,22],"to":[3.92076,-0.70679,25.5],"rotation":{"angle":22.5,"axis":"z","origin":[0.18411,0.5995,11.625]},"faces":{"east":{"uv":[0,7,3,0],"rotation":270,"texture":"#4"},"west":{"uv":[0,0,3,7],"rotation":270,"texture":"#4"},"up":{"uv":[3,0,0,7],"texture":"#4"},"down":{"uv":[3,7,0,0],"texture":"#4"}}},{"from":[-3.82243,0.84853,-11],"to":[-3.32243,0.84853,4],"rotation":{"angle":0,"axis":"y","origin":[0.18411,0.5995,11.625]},"faces":{"up":{"uv":[0,0,0.5,15],"rotation":180,"texture":"#3","tintindex":0},"down":{"uv":[0,0,0.5,15],"texture":"#3","tintindex":0}}},{"from":[-3.57243,0.59853,-11],"to":[-3.57243,1.09853,4],"rotation":{"angle":0,"axis":"z","origin":[-3.57243,0.84853,-3.5]},"faces":{"east":{"uv":[0,0,0.5,15],"rotation":270,"texture":"#3","tintindex":0},"west":{"uv":[0,0,0.5,15],"rotation":90,"texture":"#3","tintindex":0}}},{"from":[-4.07243,1.34853,15],"to":[5.92757,1.84853,19],"rotation":{"angle":0,"axis":"z","origin":[0.18411,0.5995,11.625]},"faces":{"north":{"uv":[5,11.75,0,12],"texture":"#1"},"east":{"uv":[5,11.5,4.75,9.5],"rotation":90,"texture":"#1"},"south":{"uv":[0,11.75,5,12],"texture":"#1"},"west":{"uv":[0,10.25,0.5,10.5],"texture":"#1"},"up":{"uv":[5,12.25,0,14.25],"rotation":180,"texture":"#1"},"down":{"uv":[0,14.25,5,12.25],"texture":"#1"}}},{"from":[-4.07243,0.34853,13.5],"to":[-3.07243,1.34853,20.5],"rotation":{"angle":0,"axis":"z","origin":[0.18411,0.5995,11.625]},"faces":{"north":{"uv":[7,1.75,7.5,2.25],"texture":"#1"},"east":{"uv":[10.75,3.5,11.25,0],"rotation":90,"texture":"#1"},"south":{"uv":[7,1.75,7.5,2.25],"texture":"#1"},"west":{"uv":[10.75,0,11.25,3.5],"rotation":90,"texture":"#1"},"up":{"uv":[10.75,3.5,11.25,0],"texture":"#1"},"down":{"uv":[10.75,0,11.25,3.5],"texture":"#1"}}},{"from":[1.92075,-2.70679,13.5],"to":[4.42075,-0.20679,22],"rotation":{"angle":22.5,"axis":"z","origin":[0.18411,0.5995,11.625]},"faces":{"north":{"uv":[10.75,5.5,9.5,4.25],"rotation":90,"texture":"#1"},"east":{"uv":[9.5,0,10.75,4.25],"rotation":270,"texture":"#1"},"south":{"uv":[0,0,5,5],"texture":"#2"},"west":{"uv":[8.25,4.25,9.5,0],"rotation":270,"texture":"#1"},"up":{"uv":[9.5,4.25,10.75,0],"texture":"#1"},"down":{"uv":[8.25,0,9.5,4.25],"texture":"#1"}}},{"from":[1.92075,-2.70679,13.5],"to":[4.42075,-0.20679,22],"rotation":{"angle":22.5,"axis":"z","origin":[0.18411,0.5995,11.625]},"faces":{"east":{"uv":[13.25,0,14.5,4.25],"rotation":270,"texture":"#1","tintindex":0},"west":{"uv":[12,4.25,13.25,0],"rotation":270,"texture":"#1","tintindex":0},"up":{"uv":[13.25,4.25,14.5,0],"texture":"#1","tintindex":0},"down":{"uv":[12,0,13.25,4.25],"texture":"#1","tintindex":0}}},{"name":"cube inverted","from":[3.92076,-0.70679,25.5],"to":[2.42075,-2.20679,22],"rotation":{"angle":22.5,"axis":"z","origin":[0.18411,0.5995,11.625]},"faces":{"east":{"uv":[3,0,0,7],"rotation":270,"texture":"#4"},"west":{"uv":[3,7,0,0],"rotation":270,"texture":"#4"},"up":{"uv":[0,7,3,0],"texture":"#4"},"down":{"uv":[0,0,3,7],"texture":"#4"}}},{"from":[-3.82243,0.59853,4],"to":[-3.32243,1.09853,13.5],"rotation":{"angle":0,"axis":"y","origin":[0.18411,0.5995,11.625]},"faces":{"north":{"uv":[11.25,4.5,11.5,4.75],"rotation":180,"texture":"#1"},"east":{"uv":[11.5,4.75,11.25,0],"rotation":90,"texture":"#1"},"south":{"uv":[11.25,0,11.5,0.25],"rotation":270,"texture":"#1"},"west":{"uv":[11.5,0,11.25,4.75],"rotation":90,"texture":"#1"},"up":{"uv":[11.25,0,11.5,4.75],"rotation":180,"texture":"#1"},"down":{"uv":[11.25,0,11.5,4.75],"texture":"#1"}}}],"display":{"thirdperson_righthand":{"rotation":[90,0,0],"translation":[-4.75,29,36.5],"scale":[4,4,4]},"thirdperson_lefthand":{"rotation":[90,0,0],"translation":[-7.25,29,36.5],"scale":[4,4,4]},"gui":{"rotation":[33,143,0],"translation":[0,1,0],"scale":[0.27,0.27,0.27]},"head":{"translation":[0,12,-14.75],"scale":[2.2857,2.2857,2.2857]}},"groups":[{"name":"group","origin":[4,2.5,17],"color":0,"children":[0,1,2,3,4,5,{"name":"group","origin":[14.5,8.5,17.5],"color":0,"children":[6,7]},8]},9]}