{"credit":"Made with Blockbench","texture_size":[64,64],"textures":{"1":"custom/cosmetics/may4th/x_wing_balloon","particle":"custom/cosmetics/may4th/x_wing_glow"},"elements":[{"from":[5.3,0,14.075],"to":[10.7,6.075,26.9],"rotation":{"angle":0,"axis":"y","origin":[2.6,0,11.375]},"faces":{"north":{"uv":[6.25,0,8.25,2.25],"texture":"#1"},"east":{"uv":[2,4.75,4.25,0],"rotation":90,"texture":"#1"},"south":{"uv":[6.25,3.75,8.25,6],"texture":"#1"},"west":{"uv":[2,0,4.25,4.75],"rotation":90,"texture":"#1"},"up":{"uv":[0,0,2,4.75],"rotation":180,"texture":"#1"},"down":{"uv":[4.25,0,6.25,4.75],"texture":"#1"}}},{"from":[5.3,0,14.075],"to":[10.7,6.075,26.9],"rotation":{"angle":0,"axis":"y","origin":[2.6,0,11.375]},"faces":{"north":{"uv":[8.75,8.5,10.75,10.75],"texture":"#1","tintindex":0},"east":{"uv":[6.25,13.25,8.5,8.5],"rotation":90,"texture":"#1","tintindex":0},"west":{"uv":[6.25,8.5,8.5,13.25],"rotation":90,"texture":"#1","tintindex":0}}},{"from":[5.975,0,1.25],"to":[10.025,4.05,14.075],"rotation":{"angle":0,"axis":"y","origin":[2.6,0,11.375]},"faces":{"north":{"uv":[6.25,2.25,7.75,3.75],"texture":"#1"},"east":{"uv":[3,9.5,1.5,4.75],"rotation":90,"texture":"#1"},"south":{"uv":[0,0,1.5,1.5],"texture":"#1"},"west":{"uv":[3,4.75,1.5,9.5],"rotation":90,"texture":"#1"},"up":{"uv":[0,4.75,1.5,9.5],"rotation":180,"texture":"#1"},"down":{"uv":[3,4.75,4.5,9.5],"texture":"#1"}}},{"from":[5.975,0,1.25],"to":[10.025,4.05,14.075],"rotation":{"angle":0,"axis":"y","origin":[2.6,0,11.375]},"faces":{"east":{"uv":[6,9.5,4.5,4.75],"rotation":90,"texture":"#1","tintindex":0},"west":{"uv":[6,4.75,4.5,9.5],"rotation":90,"texture":"#1","tintindex":0}}},{"name":"cube inverted","from":[10.7,6.075,26.9],"to":[5.3,0,14.075],"rotation":{"angle":0,"axis":"y","origin":[2.6,0,11.375]},"faces":{"north":{"uv":[6.25,6,8.25,3.75],"texture":"#1"},"east":{"uv":[4.25,0,2,4.75],"rotation":90,"texture":"#1"},"south":{"uv":[6.25,2.25,8.25,0],"texture":"#1"},"west":{"uv":[4.25,4.75,2,0],"rotation":90,"texture":"#1"},"up":{"uv":[6.25,0,4.25,4.75],"texture":"#1"},"down":{"uv":[2,0,0,4.75],"rotation":180,"texture":"#1"}}}],"display":{"gui":{"rotation":[33,143,0],"translation":[0,1,0],"scale":[0.27,0.27,0.27]},"head":{"translation":[0,8.75,-45.5],"scale":[3.4285,3.4285,3.4285]}},"groups":[0,1,2,3,{"name":"group","origin":[4,2.5,17],"color":0,"children":[]},4]}