{"credit":"Made with Blockbench","texture_size":[64,64],"textures":{"0":"custom/cosmetics/spring/flower_pedal_balloon","particle":"custom/cosmetics/spring/flower_pedal_balloon"},"elements":[{"from":[-2,16,-16],"to":[18,16,3],"rotation":{"angle":-22.5,"axis":"x","origin":[8,16,3]},"faces":{"up":{"uv":[1.5,0,6.5,4.75],"texture":"#0","tintindex":0},"down":{"uv":[1.5,0,6.5,4.75],"rotation":180,"texture":"#0","tintindex":0}}},{"from":[-8,16,2],"to":[3,16,14],"rotation":{"angle":0,"axis":"y","origin":[8,16,8]},"faces":{"up":{"uv":[9,0,12,2.75],"rotation":270,"texture":"#0","tintindex":0},"down":{"uv":[9,0,12,2.75],"rotation":270,"texture":"#0","tintindex":0}}},{"from":[-16,16,-2],"to":[3,16,18],"rotation":{"angle":22.5,"axis":"z","origin":[3,16,8]},"faces":{"up":{"uv":[1.5,0,6.5,4.75],"rotation":270,"texture":"#0","tintindex":0},"down":{"uv":[1.5,0,6.5,4.75],"rotation":270,"texture":"#0","tintindex":0}}},{"from":[2,16,-8],"to":[14,16,3],"rotation":{"angle":0,"axis":"y","origin":[8,16,8]},"faces":{"up":{"uv":[9,0,12,2.75],"texture":"#0","tintindex":0},"down":{"uv":[9,0,12,2.75],"rotation":180,"texture":"#0","tintindex":0}}},{"from":[13,16,2],"to":[24,16,14],"rotation":{"angle":0,"axis":"y","origin":[8,16,8]},"faces":{"up":{"uv":[9,0,12,2.75],"rotation":90,"texture":"#0","tintindex":0},"down":{"uv":[9,0,12,2.75],"rotation":90,"texture":"#0","tintindex":0}}},{"from":[13,16,-2],"to":[32,16,18],"rotation":{"angle":-22.5,"axis":"z","origin":[13,16,8]},"faces":{"up":{"uv":[1.5,0,6.5,4.75],"rotation":90,"texture":"#0","tintindex":0},"down":{"uv":[1.5,0,6.5,4.75],"rotation":90,"texture":"#0","tintindex":0}}},{"from":[2,16,13],"to":[14,16,24],"rotation":{"angle":0,"axis":"y","origin":[8,16,8]},"faces":{"up":{"uv":[9,0,12,2.75],"rotation":180,"texture":"#0","tintindex":0},"down":{"uv":[9,0,12,2.75],"texture":"#0","tintindex":0}}},{"from":[-2,16,13],"to":[18,16,32],"rotation":{"angle":22.5,"axis":"x","origin":[8,16,13]},"faces":{"up":{"uv":[1.5,0,6.5,4.75],"rotation":180,"texture":"#0","tintindex":0},"down":{"uv":[1.5,0,6.5,4.75],"texture":"#0","tintindex":0}}},{"from":[3,15,3],"to":[13,17,13],"rotation":{"angle":0,"axis":"y","origin":[0,-16,0]},"faces":{"north":{"uv":[12,0,14.5,0.5],"texture":"#0"},"east":{"uv":[12,0,14.5,0.5],"texture":"#0"},"south":{"uv":[12,0,14.5,0.5],"texture":"#0"},"west":{"uv":[12,0,14.5,0.5],"texture":"#0"},"up":{"uv":[6.5,0,9,2.5],"texture":"#0"},"down":{"uv":[12,0.5,14.5,3],"texture":"#0"}}},{"from":[4,14.92157,-1.31066],"to":[12,14.92157,9.68934],"rotation":{"angle":-45,"axis":"x","origin":[8,10.11091,8]},"faces":{"up":{"uv":[12,3,14,5.75],"texture":"#0"},"down":{"uv":[12,5.75,14,3],"texture":"#0"}}},{"from":[4,14.92157,6.31066],"to":[12,14.92157,17.31066],"rotation":{"angle":45,"axis":"x","origin":[8,10.11091,8]},"faces":{"up":{"uv":[14,5.75,12,3],"texture":"#0"},"down":{"uv":[14,3,12,5.75],"texture":"#0"}}},{"from":[6.31066,14.92157,4],"to":[17.31066,14.92157,12],"rotation":{"angle":-45,"axis":"z","origin":[8,10.11091,8]},"faces":{"up":{"uv":[12,3,14,5.75],"rotation":90,"texture":"#0"},"down":{"uv":[12,5.75,14,3],"rotation":270,"texture":"#0"}}},{"from":[-1.31066,14.92157,4],"to":[9.68934,14.92157,12],"rotation":{"angle":45,"axis":"z","origin":[8,10.11091,8]},"faces":{"up":{"uv":[14,5.75,12,3],"rotation":90,"texture":"#0"},"down":{"uv":[14,3,12,5.75],"rotation":270,"texture":"#0"}}}],"display":{"thirdperson_righthand":{"rotation":[47,26,-11],"translation":[1.5,2.5,2.5],"scale":[0.2,0.2,0.2]},"thirdperson_lefthand":{"rotation":[47,26,-11],"translation":[1.5,2.5,2.5],"scale":[0.2,0.2,0.2]},"firstperson_righthand":{"rotation":[6,0,14],"translation":[23.75,-0.5,-19.75]},"firstperson_lefthand":{"rotation":[6,0,14],"translation":[23.75,-0.5,-19.75]},"ground":{"translation":[0,6.25,0],"scale":[0.19,0.19,0.19]},"gui":{"rotation":[43,45,0],"translation":[0,-0.5,0],"scale":[0.38,0.38,0.38]},"head":{"translation":[0,-23.75,0],"scale":[2.2857,2.2857,2.2857]},"fixed":{"rotation":[-96,0,0],"translation":[0,-1.25,-13.25],"scale":[2,2,2]}},"groups":[{"name":"group","origin":[8,22.5,8],"color":0,"children":[0,1,2,3,4,5,6,7]},8,9,10,11,12]}