{"credit":"Made with Blockbench","textures":{"0":"custom/cosmetics/wolf/wolf_tail","particle":"custom/cosmetics/wolf/wolf_tail"},"elements":[{"from":[6.5,0,6.5],"to":[9.5,6,9.5],"faces":{"north":{"uv":[0,10,3,16],"texture":"#0","tintindex":0},"east":{"uv":[0,10,3,16],"texture":"#0","tintindex":0},"south":{"uv":[0,10,3,16],"texture":"#0","tintindex":0},"west":{"uv":[0,10,3,16],"texture":"#0","tintindex":0},"up":{"uv":[0,9,1,10],"texture":"#0","tintindex":0},"down":{"uv":[2,10,3,11],"texture":"#0","tintindex":0}}},{"from":[5.5,6,5.5],"to":[10.5,16,10.5],"faces":{"north":{"uv":[0,0,5,10],"texture":"#0","tintindex":0},"east":{"uv":[10,0,5,10],"texture":"#0","tintindex":0},"south":{"uv":[10,0,15,10],"texture":"#0","tintindex":0},"west":{"uv":[5,0,10,10],"texture":"#0","tintindex":0},"down":{"uv":[3,10,8,15],"rotation":180,"texture":"#0","tintindex":0}}},{"from":[10.5,16,10.5],"to":[5.5,6,5.5],"faces":{"north":{"uv":[10,0,15,10],"rotation":180,"texture":"#0","tintindex":0},"east":{"uv":[10,0,5,10],"rotation":180,"texture":"#0","tintindex":0},"south":{"uv":[0,0,5,10],"rotation":180,"texture":"#0","tintindex":0},"west":{"uv":[5,0,10,10],"rotation":180,"texture":"#0","tintindex":0},"up":{"uv":[3,10,8,15],"rotation":180,"texture":"#0","tintindex":0}}}],"display":{"thirdperson_righthand":{"rotation":[225.0,0,0],"translation":[-1.0,-9.34375,5.8812485],"scale":[1.00625,1.00625,1.00625]},"thirdperson_lefthand":{"rotation":[48,27,0],"translation":[0,1.25,1.25],"scale":[0.4,0.4,0.4]},"firstperson_righthand":{"rotation":[0,26,0],"translation":[10,0,-6.25]},"firstperson_lefthand":{"rotation":[0,26,0],"translation":[10,0,-6.25]},"ground":{"translation":[0,6.25,0],"scale":[0.4,0.4,0.4]},"gui":{"rotation":[30,-45,0],"translation":[0,-0.25,0],"scale":[0.95,0.95,0.95]},"head":{"rotation":[135,0,0],"translation":[0,-66.75,11.75],"scale":[1.61,1.61,1.61]}}}