{"credit":"Made with Blockbench","texture_size":[32,32],"textures":{"0":"custom/cosmetics/anniversary/1st_year_hat","1":"custom/decorations/candle_1","particle":"custom/cosmetics/anniversary/1st_year_hat"},"elements":[{"from":[3,0,3],"to":[13,5,13],"faces":{"north":{"uv":[0,12.5,5,15],"texture":"#0"},"east":{"uv":[0,12.5,5,15],"texture":"#0"},"south":{"uv":[0,12.5,5,15],"texture":"#0"},"west":{"uv":[0,12.5,5,15],"texture":"#0"},"up":{"uv":[0,12.5,1,13.5],"texture":"#0"},"down":{"uv":[0,12.5,1,13.5],"texture":"#0"}}},{"from":[2.75,0.75,2.75],"to":[13.25,5.25,13.25],"faces":{"north":{"uv":[0,5,5,7],"texture":"#0"},"east":{"uv":[0,5,5,7],"texture":"#0"},"south":{"uv":[0,5,5,7],"texture":"#0"},"west":{"uv":[0,5,5,7],"texture":"#0"},"up":{"uv":[0,0,5,5],"texture":"#0"}}},{"from":[2.75,0.75,2.75],"to":[13.25,5.25,13.25],"faces":{"north":{"uv":[5.5,5,10.5,7],"texture":"#0","tintindex":0},"east":{"uv":[5.5,5,10.5,7],"texture":"#0","tintindex":0},"south":{"uv":[5.5,5,10.5,7],"texture":"#0","tintindex":0},"west":{"uv":[5.5,5,10.5,7],"texture":"#0","tintindex":0},"up":{"uv":[5.5,0,10.5,5],"texture":"#0","tintindex":0}}},{"name":"cube inverted","from":[13.25,5.25,13.25],"to":[2.75,0.75,2.75],"faces":{"north":{"uv":[0,7,5,5],"texture":"#0"},"east":{"uv":[0,7,5,5],"texture":"#0"},"south":{"uv":[0,7,5,5],"texture":"#0"},"west":{"uv":[0,7,5,5],"texture":"#0"},"down":{"uv":[5,0,0,5],"texture":"#0"}}},{"name":"cube inverted","from":[13.25,5.25,13.25],"to":[2.75,0.75,2.75],"faces":{"north":{"uv":[5.5,7,10.5,5],"texture":"#0","tintindex":0},"east":{"uv":[5.5,7,10.5,5],"texture":"#0","tintindex":0},"south":{"uv":[5.5,7,10.5,5],"texture":"#0","tintindex":0},"west":{"uv":[5.5,7,10.5,5],"texture":"#0","tintindex":0},"down":{"uv":[10.5,0,5.5,5],"texture":"#0","tintindex":0}}},{"from":[5,5,5],"to":[11,10,11],"faces":{"north":{"uv":[5.5,12.5,8.5,15],"texture":"#0"},"east":{"uv":[5.5,12.5,8.5,15],"texture":"#0"},"south":{"uv":[5.5,12.5,8.5,15],"texture":"#0"},"west":{"uv":[5.5,12.5,8.5,15],"texture":"#0"},"up":{"uv":[5.5,12.5,6,13],"texture":"#0"},"down":{"uv":[5.5,12.5,6,13],"texture":"#0"}}},{"from":[4.75,6.75,4.75],"to":[11.25,10.25,11.25],"faces":{"north":{"uv":[0,10,3,11.5],"texture":"#0"},"east":{"uv":[0,10,3,11.5],"texture":"#0"},"south":{"uv":[0,10,3,11.5],"texture":"#0"},"west":{"uv":[0,10,3,11.5],"texture":"#0"},"up":{"uv":[0,7,3,10],"texture":"#0"}}},{"from":[4.75,6.75,4.75],"to":[11.25,10.25,11.25],"faces":{"north":{"uv":[5.5,10,8.5,11.5],"texture":"#0","tintindex":0},"east":{"uv":[5.5,10,8.5,11.5],"texture":"#0","tintindex":0},"south":{"uv":[5.5,10,8.5,11.5],"texture":"#0","tintindex":0},"west":{"uv":[5.5,10,8.5,11.5],"texture":"#0","tintindex":0},"up":{"uv":[5.5,7,8.5,10],"texture":"#0","tintindex":0}}},{"name":"cube inverted","from":[11.25,10.25,11.25],"to":[4.75,6.75,4.75],"faces":{"north":{"uv":[0,11.5,3,10],"texture":"#0"},"east":{"uv":[0,11.5,3,10],"texture":"#0"},"south":{"uv":[0,11.5,3,10],"texture":"#0"},"west":{"uv":[0,11.5,3,10],"texture":"#0"},"down":{"uv":[3,7,0,10],"texture":"#0"}}},{"name":"cube inverted","from":[11.25,10.25,11.25],"to":[4.75,6.75,4.75],"faces":{"north":{"uv":[5.5,11.5,8.5,10],"texture":"#0","tintindex":0},"east":{"uv":[5.5,11.5,8.5,10],"texture":"#0","tintindex":0},"south":{"uv":[5.5,11.5,8.5,10],"texture":"#0","tintindex":0},"west":{"uv":[5.5,11.5,8.5,10],"texture":"#0","tintindex":0},"down":{"uv":[8.5,7,5.5,10],"texture":"#0","tintindex":0}}},{"from":[5.5,10,7],"to":[10.5,13,9],"faces":{"north":{"uv":[10.5,2,13,3.5],"texture":"#0","tintindex":0},"east":{"uv":[12.5,2,13,3.5],"texture":"#0","tintindex":0},"south":{"uv":[10.5,2,13,3.5],"texture":"#0","tintindex":0},"west":{"uv":[10.5,2,11,3.5],"texture":"#0","tintindex":0},"up":{"uv":[10.5,2,13,2.5],"texture":"#0","tintindex":0}}},{"from":[6.5,13,7],"to":[9.5,17,9],"faces":{"north":{"uv":[11,0,12.5,2],"texture":"#0","tintindex":0},"east":{"uv":[11,0,11.5,2],"texture":"#0","tintindex":0},"south":{"uv":[12.5,0,11,2],"texture":"#0","tintindex":0},"west":{"uv":[12,0,12.5,2],"texture":"#0","tintindex":0},"up":{"uv":[11,0,12.5,0.5],"texture":"#0","tintindex":0}}},{"from":[9.5,14,7],"to":[10.5,17,9],"faces":{"north":{"uv":[10.5,0,11,1.5],"texture":"#0","tintindex":0},"east":{"uv":[10.5,0,11,1.5],"texture":"#0","tintindex":0},"south":{"uv":[10.5,0,11,1.5],"texture":"#0","tintindex":0},"up":{"uv":[10.5,0,11,1],"texture":"#0","tintindex":0},"down":{"uv":[10.5,1,11,1.5],"texture":"#0","tintindex":0}}},{"from":[6.5,11,7],"to":[9.5,16,9],"faces":{"north":{"uv":[11,4,12.5,6.5],"texture":"#0"},"south":{"uv":[12.5,4,11,6.5],"texture":"#0"}}},{"from":[6.5,17,8],"to":[9.5,21,8],"rotation":{"angle":-45,"axis":"y","origin":[8,19,8]},"faces":{"north":{"uv":[9,0,12,4],"texture":"#1"},"south":{"uv":[9,0,12,4],"texture":"#1"}}},{"from":[6.5,17,8],"to":[9.5,21,8],"rotation":{"angle":45,"axis":"y","origin":[8,19,8]},"faces":{"north":{"uv":[9,0,12,4],"texture":"#1"},"south":{"uv":[9,0,12,4],"texture":"#1"}}}],"display":{"gui":{"rotation":[30,135,0],"translation":[0,-0.25,0],"scale":[0.72,0.72,0.72]},"head":{"rotation":[6,0,3],"translation":[-0.75,15.25,1.5],"scale":[1.8,1.8,1.8]},"thirdperson_righthand":{"rotation":[96.0,0,3],"translation":[-1.46875,-2.9375,22.685547],"scale":[1.0546875,1.0546875,1.0546875]}}}