{"credit":"Made with Blockbench","textures":{"1":"custom/cosmetics/orbit/orbit_helmet","2":"custom/cosmetics/orbit/orbit_helmet_glow","3":"custom/cosmetics/orbit/default","particle":"custom/cosmetics/orbit/orbit_helmet"},"elements":[{"from":[0,0,0],"to":[16,14,2],"faces":{"north":{"uv":[0.5,8.75,4.5,12.25],"texture":"#1"},"east":{"uv":[0,8.75,0.5,12.25],"texture":"#1"},"west":{"uv":[0.5,8.75,0,12.25],"texture":"#1"},"up":{"uv":[0.5,8.25,4.5,8.75],"rotation":180,"texture":"#1"},"down":{"uv":[0.5,12.25,4.5,12.75],"rotation":180,"texture":"#1"}}},{"from":[6,11,-1],"to":[10,16,17],"faces":{"north":{"uv":[4.5,7,5.5,8.25],"texture":"#1"},"east":{"uv":[0,7,4.5,8.25],"texture":"#1"},"south":{"uv":[4.5,7,5.5,8.25],"texture":"#1"},"west":{"uv":[0,7,4.5,8.25],"texture":"#1"},"up":{"uv":[7.5,3.5,8.5,8],"rotation":180,"texture":"#1"},"down":{"uv":[1.25,7.5,3.133,8.191],"texture":"#1"}}},{"from":[0,0,2],"to":[16,14,16],"faces":{"east":{"uv":[4,3.5,7.5,7],"texture":"#1"},"south":{"uv":[4,0,8,3.5],"texture":"#1"},"west":{"uv":[7.5,3.5,4,7],"texture":"#1"},"up":{"uv":[0,0,4,3.5],"rotation":180,"texture":"#1"},"down":{"uv":[0,3.5,4,7],"texture":"#1"}}},{"from":[16,4,6],"to":[17,10,12],"faces":{"north":{"uv":[7.25,7,7.471,8.5],"texture":"#1"},"east":{"uv":[6,7,7.5,8.5],"texture":"#1"},"south":{"uv":[7.25,7,7.471,8.5],"texture":"#1"},"west":{"uv":[7.25,7,5.75,8.5],"texture":"#1"},"up":{"uv":[7.5,7,6,7.25],"rotation":90,"texture":"#1"},"down":{"uv":[7.5,8.25,6,8.5],"rotation":90,"texture":"#1"}}},{"from":[-1,4,6],"to":[0,10,12],"rotation":{"angle":0,"axis":"y","origin":[16,0,0]},"faces":{"north":{"uv":[7.471,7,7.25,8.5],"texture":"#1"},"east":{"uv":[5.75,7,7.25,8.5],"texture":"#1"},"south":{"uv":[7.471,7,7.25,8.5],"texture":"#1"},"west":{"uv":[7.5,7,6,8.5],"texture":"#1"},"up":{"uv":[7.5,7.25,6,7],"rotation":90,"texture":"#1"},"down":{"uv":[7.5,8.5,6,8.25],"rotation":90,"texture":"#1"}}},{"from":[-1.1,4,6],"to":[17.1,10,12],"faces":{"east":{"uv":[3,0,9,6],"texture":"#2","tintindex":0},"west":{"uv":[3,0,9,6],"texture":"#2","tintindex":0}}},{"from":[6,11,-1.1],"to":[10,16,17.1],"faces":{"north":{"uv":[0,0,4,5.25],"texture":"#2","tintindex":0},"south":{"uv":[0,0,4,5.25],"texture":"#2","tintindex":0}}},{"from":[0,0,-0.1],"to":[16,14,-0.1],"faces":{"north":{"uv":[0,0,16,14],"texture":"#3","tintindex":0}}},{"from":[3,11,13],"to":[3,27,17],"rotation":{"angle":45,"axis":"x","origin":[3,20,11]},"faces":{"east":{"uv":[8.5,4,9.5,8],"texture":"#1"},"west":{"uv":[9.5,4,8.5,8],"texture":"#1"}}},{"from":[13,11,13],"to":[13,27,17],"rotation":{"angle":45,"axis":"x","origin":[13,20,11]},"faces":{"east":{"uv":[8.5,4,9.5,8],"texture":"#1"},"west":{"uv":[9.5,4,8.5,8],"texture":"#1"}}}],"display":{"thirdperson_righthand":{"rotation":[90.0,0.0,0.0],"translation":[-1.0,-2.0,16.09375],"scale":[0.8203125,0.8203125,0.8203125]},"thirdperson_lefthand":{"rotation":[38,49,0],"translation":[0.25,0,0.25],"scale":[0.4,0.4,0.4]},"firstperson_righthand":{"rotation":[-10,139,4],"translation":[11.25,2.25,-11.75]},"firstperson_lefthand":{"rotation":[-10,139,4],"translation":[11.25,2.25,-11.75]},"ground":{"translation":[0,7.75,0],"scale":[0.4,0.4,0.4]},"gui":{"rotation":[30,130,0],"translation":[0,-1.5,0],"scale":[0.5,0.5,0.5]},"head":{"translation":[0,4,0],"scale":[1.4,1.4,1.4]},"fixed":{"rotation":[-90,0,0],"translation":[0,0,-16],"scale":[2,2,2]}},"groups":[0,{"name":"guide_body","origin":[8,8,8],"color":0,"children":[{"name":"group","origin":[8,8,8],"color":0,"children":[1,2,3,4]}]},5,6,7,8,9]}