{"credit":"Made with Blockbench","texture_size":[32,32],"textures":{"0":"custom/cosmetics/thanksgiving/leaf_crown","particle":"custom/cosmetics/thanksgiving/leaf_crown"},"elements":[{"from":[0.5,7,4],"to":[15.5,15,4],"rotation":{"angle":22.5,"axis":"x","origin":[8,8,4]},"faces":{"north":{"uv":[0,0,7.5,4],"texture":"#0","tintindex":0},"south":{"uv":[0,0,7.5,4],"texture":"#0","tintindex":0}}},{"from":[-0.5,8,6],"to":[16.5,8,20],"rotation":{"angle":-45,"axis":"x","origin":[8,8,7]},"faces":{"up":{"uv":[0,4,8.5,11],"rotation":180,"texture":"#0","tintindex":0},"down":{"uv":[0,4,8.5,11],"texture":"#0","tintindex":0}}},{"from":[-10,4,6],"to":[4,16,6],"rotation":{"angle":45,"axis":"y","origin":[4,5,6]},"faces":{"north":{"uv":[9,0,16,6],"texture":"#0","tintindex":0},"south":{"uv":[16,0,9,6],"texture":"#0","tintindex":0}}},{"from":[12,3,6],"to":[26,15,6],"rotation":{"angle":-45,"axis":"y","origin":[12,5,6]},"faces":{"north":{"uv":[16,0,9,6],"texture":"#0","tintindex":0},"south":{"uv":[9,0,16,6],"texture":"#0","tintindex":0}}}],"display":{"gui":{"rotation":[30,151,0],"translation":[-2.25,-1.75,0],"scale":[0.62,0.62,0.62]},"head":{"translation":[0,6,-0.75],"scale":[1.59,1.59,1.59]},"thirdperson_righthand":{"rotation":[90.0,0.0,0.0],"translation":[-1.0,-1.53125,17.265625],"scale":[0.9316406,0.9316406,0.9316406]}}}