{"credit":"Made with Blockbench","texture_size":[64,64],"textures":{"0":"custom/cosmetics/thanksgiving/turkey_tail","particle":"custom/cosmetics/thanksgiving/turkey_tail"},"elements":[{"from":[-16,0,5],"to":[32,32,5],"faces":{"north":{"uv":[0,0,12,8],"texture":"#0"},"south":{"uv":[12,0,0,8],"texture":"#0"}}},{"from":[-9,0,5],"to":[25,22,5],"rotation":{"angle":-22.5,"axis":"x","origin":[8,0,5]},"faces":{"north":{"uv":[1.75,10.5,10.25,16],"texture":"#0"},"south":{"uv":[1.75,10.5,10.25,16],"texture":"#0"}}}],"gui_light":"front","display":{"gui":{"rotation":[0,-180,0],"scale":[0.37,0.37,0.37]},"head":{"rotation":[47,0,0],"translation":[0,-51.5,15],"scale":[1.6,1.6,1.6]},"thirdperson_righthand":{"rotation":[137.0,0,0],"translation":[-1.0,-11.375,15.412498],"scale":[1.0,1.0,1.0]}}}