{"credit":"Made with Blockbench","texture_size":[32,32],"textures":{"0":"custom/cosmetics/valentine/bouquet","particle":"custom/cosmetics/valentine/bouquet"},"elements":[{"from":[3,8,3],"to":[13,8,13],"rotation":{"angle":-22.5,"axis":"z","origin":[8,9,8]},"faces":{"up":{"uv":[11,0,16,5],"texture":"#0"},"down":{"uv":[11,5,16,0],"texture":"#0"}}},{"from":[4.5,11,4.5],"to":[11.5,11,11.5],"rotation":{"angle":22.5,"axis":"z","origin":[8,11,8]},"faces":{"up":{"uv":[8,4.5,11.5,8],"texture":"#0"},"down":{"uv":[8,8,11.5,4.5],"texture":"#0"}}},{"from":[5.5,3,8],"to":[10.5,12,8],"rotation":{"angle":0,"axis":"y","origin":[13,11,16]},"faces":{"north":{"uv":[8.5,0,11,4.5],"texture":"#0"},"south":{"uv":[8.5,0,11,4.5],"texture":"#0"}}},{"from":[8,3,5.5],"to":[8,12,10.5],"rotation":{"angle":0,"axis":"y","origin":[8,7.5,8]},"faces":{"east":{"uv":[8.5,0,11,4.5],"texture":"#0"},"west":{"uv":[8.5,0,11,4.5],"texture":"#0"}}},{"from":[6.5,6.5,9.5],"to":[9.5,6.5,16.5],"rotation":{"angle":-22.5,"axis":"x","origin":[8,6.5,10]},"faces":{"up":{"uv":[0,4.5,1.5,8],"rotation":180,"texture":"#0"},"down":{"uv":[0,4.5,1.5,8],"texture":"#0"}}},{"from":[6.5,6.5,-0.5],"to":[9.5,6.5,6.5],"rotation":{"angle":22.5,"axis":"x","origin":[8,6.5,6]},"faces":{"up":{"uv":[0,4.5,1.5,8],"texture":"#0"},"down":{"uv":[0,4.5,1.5,8],"rotation":180,"texture":"#0"}}},{"from":[-0.5,6.5,6.5],"to":[6.5,6.5,9.5],"rotation":{"angle":-22.5,"axis":"z","origin":[6,6.5,8]},"faces":{"up":{"uv":[0,4.5,1.5,8],"rotation":270,"texture":"#0"},"down":{"uv":[0,4.5,1.5,8],"rotation":270,"texture":"#0"}}},{"from":[9.5,6.5,6.5],"to":[16.5,6.5,9.5],"rotation":{"angle":22.5,"axis":"z","origin":[10,6.5,8]},"faces":{"up":{"uv":[0,4.5,1.5,8],"rotation":90,"texture":"#0"},"down":{"uv":[0,4.5,1.5,8],"rotation":90,"texture":"#0"}}},{"from":[6.5,-1,6.5],"to":[9.5,6,9.5],"rotation":{"angle":0,"axis":"y","origin":[15,7,11]},"faces":{"north":{"uv":[0,8,1.5,11.5],"texture":"#0"},"east":{"uv":[0,8,1.5,11.5],"texture":"#0"},"south":{"uv":[0,8,1.5,11.5],"texture":"#0"},"west":{"uv":[0,8,1.5,11.5],"texture":"#0"},"up":{"uv":[1.5,5,3,6.5],"texture":"#0"},"down":{"uv":[0.5,9.5,1,10],"texture":"#0"}}},{"from":[4.5,6,3.5],"to":[11.5,6,6.5],"rotation":{"angle":-22.5,"axis":"x","origin":[8,6,6.5]},"faces":{"up":{"uv":[3,5,6.5,6.5],"rotation":180,"texture":"#0"},"down":{"uv":[3,5,6.5,6.5],"texture":"#0"}}},{"from":[4.5,6,9.5],"to":[11.5,6,12.5],"rotation":{"angle":22.5,"axis":"x","origin":[8,6,9.5]},"faces":{"up":{"uv":[3,5,6.5,6.5],"texture":"#0"},"down":{"uv":[3,5,6.5,6.5],"rotation":180,"texture":"#0"}}},{"from":[3,8,3],"to":[13,8,13],"rotation":{"angle":-22.5,"axis":"z","origin":[8,9,8]},"faces":{"up":{"uv":[3.5,0,8.5,5],"texture":"#0","tintindex":1},"down":{"uv":[3.5,5,8.5,0],"texture":"#0","tintindex":1}}},{"from":[9.7,6.2,9.7],"to":[6.3,-1.2,6.3],"rotation":{"angle":0,"axis":"y","origin":[8,6.83333,8]},"faces":{"north":{"uv":[1.5,8,3,11.5],"rotation":180,"texture":"#0","tintindex":1},"east":{"uv":[1.5,8,3,11.5],"rotation":180,"texture":"#0","tintindex":1},"south":{"uv":[1.5,8,3,11.5],"rotation":180,"texture":"#0","tintindex":1},"west":{"uv":[1.5,8,3,11.5],"rotation":180,"texture":"#0","tintindex":1}}},{"from":[6.3,-1.2,6.3],"to":[9.7,6.2,9.7],"rotation":{"angle":0,"axis":"y","origin":[15,7,11]},"faces":{"north":{"uv":[1.5,8,3,11.5],"texture":"#0","tintindex":1},"east":{"uv":[1.5,8,3,11.5],"texture":"#0","tintindex":1},"south":{"uv":[1.5,8,3,11.5],"texture":"#0","tintindex":1},"west":{"uv":[1.5,8,3,11.5],"texture":"#0","tintindex":1}}},{"from":[7.5,12,8.5],"to":[9.5,12,10.5],"rotation":{"angle":45,"axis":"x","origin":[8.5,12,9.5]},"faces":{"up":{"uv":[0,3.5,1,4.5],"rotation":270,"texture":"#0","tintindex":1},"down":{"uv":[0,3.5,1,4.5],"rotation":180,"texture":"#0","tintindex":1}}},{"from":[6.5,12,6.5],"to":[8.5,12,8.5],"rotation":{"angle":-22.5,"axis":"x","origin":[7.5,12,7.5]},"faces":{"up":{"uv":[0,3.5,1,4.5],"texture":"#0","tintindex":1},"down":{"uv":[0,3.5,1,4.5],"rotation":90,"texture":"#0","tintindex":1}}},{"from":[4.5,11,4.5],"to":[11.5,11,11.5],"rotation":{"angle":22.5,"axis":"z","origin":[8,11,8]},"faces":{"up":{"uv":[0,0,3.5,3.5],"texture":"#0","tintindex":1},"down":{"uv":[0,3.5,3.5,0],"texture":"#0","tintindex":1}}}],"display":{"thirdperson_righthand":{"rotation":[57.0,-12.0,-0.0],"translation":[-1.84375,1.28125,3.203125],"scale":[0.440625,0.440625,0.440625]},"thirdperson_lefthand":{"rotation":[57,12,0],"translation":[-0.1,1.5,2.75],"scale":[0.47,0.47,0.47]},"firstperson_righthand":{"rotation":[12,119,0],"translation":[8.25,-0.75,0]},"firstperson_lefthand":{"rotation":[12,119,0],"translation":[8.25,-0.75,0]},"ground":{"translation":[0,5.75,0],"scale":[0.49,0.49,0.49]},"gui":{"rotation":[30,-135,0],"translation":[0,1.75,0]},"head":{"translation":[0,12,0],"scale":[1.6,1.6,1.6]},"fixed":{"rotation":[-90,0,0],"translation":[0,0,-18],"scale":[2,2,2]}},"groups":[{"name":"group","origin":[8,8,8],"color":0,"children":[0,1,2,3,4,5,6,7,8]},9,10,{"name":"group","origin":[12,19,10],"color":0,"children":[11,12,13,14,15,16]}]}