{"credit":"Made with Blockbench","textures":{"0":"custom/cosmetics/valentine/halo","particle":"custom/cosmetics/valentine/halo"},"elements":[{"from":[0,0,0],"to":[16,0,16],"faces":{"up":{"uv":[0,0,16,16],"texture":"#0","tintindex":0},"down":{"uv":[0,0,16,16],"texture":"#0","tintindex":0}}}],"display":{"gui":{"rotation":[30,45,0],"translation":[0,7,0]},"head":{"rotation":[30,0,0],"translation":[0,24,12],"scale":[1.59,1.59,1.59]},"thirdperson_righthand":{"rotation":[120.0,0,0],"translation":[-1.0,-9.5,27.8125],"scale":[0.9316406,0.9316406,0.9316406]}}}