{"credit":"Made with Blockbench","texture_size":[32,32],"textures":{"0":"custom/cosmetics/valentine/heart_crown","particle":"custom/cosmetics/valentine/heart_crown"},"elements":[{"from":[1,0,3],"to":[9,6,3],"rotation":{"angle":22.5,"axis":"z","origin":[3,0,8]},"faces":{"north":{"uv":[16,0,12,3],"texture":"#0"},"south":{"uv":[12,0,16,3],"texture":"#0"}}},{"from":[1,0,3],"to":[9,6,3],"rotation":{"angle":22.5,"axis":"z","origin":[3,0,8]},"faces":{"north":{"uv":[16,3.5,12,6.5],"texture":"#0","tintindex":0},"south":{"uv":[16,3.5,12,6.5],"texture":"#0","tintindex":0}}},{"from":[4,2,3],"to":[12,9,3],"rotation":{"angle":-45,"axis":"y","origin":[8,5.71429,8]},"faces":{"north":{"uv":[8,0,12,3.5],"texture":"#0"},"south":{"uv":[8,0,12,3.5],"texture":"#0"}}},{"from":[4,2,3],"to":[12,9,3],"rotation":{"angle":-45,"axis":"y","origin":[8,5.71429,8]},"faces":{"north":{"uv":[8,3.5,12,7],"texture":"#0","tintindex":0},"south":{"uv":[8,3.5,12,7],"texture":"#0","tintindex":0}}},{"from":[3,0,3],"to":[13,2,13],"rotation":{"angle":-45,"axis":"y","origin":[8,5.71429,8]},"faces":{"north":{"uv":[0,11,5,12],"texture":"#0"},"east":{"uv":[0,11,5,12],"texture":"#0"},"south":{"uv":[0,11,5,12],"texture":"#0"},"west":{"uv":[0,11,5,12],"texture":"#0"},"up":{"uv":[0,6,5,11],"texture":"#0"},"down":{"uv":[7,7,12,12],"texture":"#0"}}},{"from":[4,2,4],"to":[12,6,12],"rotation":{"angle":-45,"axis":"y","origin":[8,5.71429,8]},"faces":{"north":{"uv":[0,4,4,6],"texture":"#0"},"east":{"uv":[0,4,4,6],"texture":"#0"},"south":{"uv":[0,4,4,6],"texture":"#0"},"west":{"uv":[0,4,4,6],"texture":"#0"},"up":{"uv":[0,0,4,4],"texture":"#0"}}},{"from":[4,2,4],"to":[12,6,12],"rotation":{"angle":-45,"axis":"y","origin":[8,5.71429,8]},"faces":{"north":{"uv":[4,4,8,6],"texture":"#0","tintindex":0},"east":{"uv":[4,4,8,6],"texture":"#0","tintindex":0},"south":{"uv":[4,4,8,6],"texture":"#0","tintindex":0},"west":{"uv":[4,4,8,6],"texture":"#0","tintindex":0},"up":{"uv":[4,0,8,4],"texture":"#0","tintindex":0}}},{"from":[8,6,6],"to":[8,14,10],"rotation":{"angle":0,"axis":"y","origin":[8,10,8]},"faces":{"east":{"uv":[5,8,7,12],"texture":"#0"},"west":{"uv":[5,8,7,12],"texture":"#0"}}},{"from":[6,6,8],"to":[10,14,8],"rotation":{"angle":0,"axis":"y","origin":[8,10,8]},"faces":{"north":{"uv":[5,8,7,12],"texture":"#0"},"south":{"uv":[5,8,7,12],"texture":"#0"}}},{"from":[8,6,6],"to":[8,14,10],"rotation":{"angle":0,"axis":"y","origin":[8,10,8]},"faces":{"east":{"uv":[12,8,14,12],"texture":"#0","tintindex":0},"west":{"uv":[12,8,14,12],"texture":"#0","tintindex":0}}},{"from":[6,6,8],"to":[10,14,8],"rotation":{"angle":0,"axis":"y","origin":[8,10,8]},"faces":{"north":{"uv":[12,8,14,12],"texture":"#0","tintindex":0},"south":{"uv":[12,8,14,12],"texture":"#0","tintindex":0}}},{"from":[13,2,6.5],"to":[13,8,14.5],"rotation":{"angle":22.5,"axis":"x","origin":[13,0,8]},"faces":{"east":{"uv":[12,0,16,3],"texture":"#0"},"west":{"uv":[16,0,12,3],"texture":"#0"}}},{"from":[13,2,6.5],"to":[13,8,14.5],"rotation":{"angle":22.5,"axis":"x","origin":[13,0,8]},"faces":{"east":{"uv":[12,3.5,16,6.5],"texture":"#0","tintindex":0},"west":{"uv":[12,3.5,16,6.5],"texture":"#0","tintindex":0}}}],"display":{"gui":{"rotation":[30,-180,0],"translation":[-0.5,2.25,0],"scale":[0.96,0.96,0.96]},"head":{"rotation":[4,45,0],"translation":[0,17.25,1],"scale":[1.7,1.7,1.7]},"thirdperson_righthand":{"rotation":[94.0,45,0],"translation":[-1.0,-2.625,23.857422],"scale":[0.99609375,0.99609375,0.99609375]}},"groups":[{"name":"group","origin":[0,0,0],"color":0,"children":[]},{"name":"group","origin":[0,0,0],"color":0,"children":[0,1]},{"name":"group","origin":[8,10,8],"color":0,"children":[2,3,4,5,6,7,8,9,10]},{"name":"group","origin":[0,0,0],"color":0,"children":[11,12]}]}