{"credit":"Made with Blockbench","texture_size":[32,32],"textures":{"0":"custom/cosmetics/valentine/heart_headband","particle":"custom/cosmetics/valentine/heart_headband"},"elements":[{"from":[3,0,6],"to":[13,6,10],"faces":{"north":{"uv":[0,2,5,5],"texture":"#0","tintindex":0},"east":{"uv":[5,2,7,5],"texture":"#0","tintindex":0},"south":{"uv":[0,2,5,5],"texture":"#0","tintindex":0},"west":{"uv":[5,2,7,5],"texture":"#0","tintindex":0},"up":{"uv":[0,0,5,2],"texture":"#0","tintindex":0},"down":{"uv":[0,4.5,5,5],"texture":"#0","tintindex":0}}},{"name":"cube inverted","from":[13,6,10],"to":[3,0,6],"faces":{"north":{"uv":[0,5,5,2],"texture":"#0","tintindex":0},"east":{"uv":[5,5,7,2],"texture":"#0","tintindex":0},"south":{"uv":[0,5,5,2],"texture":"#0","tintindex":0},"west":{"uv":[5,5,7,2],"texture":"#0","tintindex":0},"up":{"uv":[5,4.5,0,5],"texture":"#0","tintindex":0},"down":{"uv":[5,0,0,2],"texture":"#0","tintindex":0}}},{"from":[1,5.75,8],"to":[8,17.75,8],"rotation":{"angle":22.5,"axis":"z","origin":[4.5,6,8]},"faces":{"north":{"uv":[7,0,10.5,6],"texture":"#0","tintindex":0},"south":{"uv":[7,0,10.5,6],"texture":"#0","tintindex":0}}},{"from":[8,5.75,8],"to":[15,17.75,8],"rotation":{"angle":-22.5,"axis":"z","origin":[11.5,6,8]},"faces":{"north":{"uv":[10.5,0,7,6],"texture":"#0","tintindex":0},"south":{"uv":[10.5,0,7,6],"texture":"#0","tintindex":0}}}],"display":{"gui":{"rotation":[30,-45,0],"translation":[0,0.25,0],"scale":[0.82,0.82,0.82]},"head":{"rotation":[9,0,0],"translation":[0,10.75,1],"scale":[1.6,1.6,1.6]},"thirdperson_righthand":{"rotation":[99.0,0,0],"translation":[-1.0,-2.625,20.048828],"scale":[0.9375,0.9375,0.9375]}}}