{"credit":"Made with Blockbench","texture_size":[32,32],"textures":{"0":"custom/cosmetics/valentine/heart_staff","particle":"custom/cosmetics/valentine/heart_staff"},"elements":[{"from":[3,11,6],"to":[7,15,10],"rotation":{"angle":-45,"axis":"z","origin":[8,14,8]},"faces":{"north":{"uv":[0,2,2,0],"rotation":270,"texture":"#0"},"south":{"uv":[0,0,2,2],"rotation":270,"texture":"#0"},"west":{"uv":[0,2,2,0],"rotation":270,"texture":"#0"},"up":{"uv":[0,2,2,0],"rotation":180,"texture":"#0"},"down":{"uv":[0,0,2,2],"rotation":90,"texture":"#0"}}},{"from":[7,11,6],"to":[11,19,10],"rotation":{"angle":-45,"axis":"z","origin":[8,14,8]},"faces":{"north":{"uv":[0,0,2,4],"texture":"#0"},"east":{"uv":[0,0,2,4],"texture":"#0"},"south":{"uv":[2,0,0,4],"texture":"#0"},"west":{"uv":[2,0,4,4],"texture":"#0"},"up":{"uv":[0,2,2,0],"rotation":180,"texture":"#0"},"down":{"uv":[0,2,2,4],"rotation":180,"texture":"#0"}}},{"from":[5.5,8,5.5],"to":[10.5,10,10.5],"rotation":{"angle":0,"axis":"y","origin":[13,16,13]},"faces":{"north":{"uv":[0,6.5,2.5,7.5],"texture":"#0"},"east":{"uv":[0,6.5,2.5,7.5],"texture":"#0"},"south":{"uv":[0,6.5,2.5,7.5],"texture":"#0"},"west":{"uv":[0,6.5,2.5,7.5],"texture":"#0"},"up":{"uv":[0,4,2.5,6.5],"texture":"#0"},"down":{"uv":[0,4,2.5,6.5],"texture":"#0"}}},{"from":[7,-8,7],"to":[9,8,9],"rotation":{"angle":0,"axis":"y","origin":[15,0,15]},"faces":{"north":{"uv":[7,0,8,8],"texture":"#0"},"east":{"uv":[8,0,7,8],"texture":"#0"},"south":{"uv":[7,0,8,8],"texture":"#0"},"west":{"uv":[8,0,7,8],"texture":"#0"}}},{"from":[6,-12,7],"to":[10,-8,9],"rotation":{"angle":0,"axis":"y","origin":[14,-4,15]},"faces":{"north":{"uv":[6.5,8,8.5,10],"texture":"#0"},"east":{"uv":[8,8,8.5,10],"texture":"#0"},"south":{"uv":[6.5,8,8.5,10],"texture":"#0"},"west":{"uv":[8,8,8.5,10],"texture":"#0"},"up":{"uv":[6.5,8,8.5,8.5],"texture":"#0"},"down":{"uv":[6.5,9.5,7,10],"texture":"#0"}}},{"from":[9,5,8],"to":[21,14,8],"rotation":{"angle":22.5,"axis":"x","origin":[8,9.5,8]},"faces":{"north":{"uv":[14,4.5,8,0],"rotation":180,"texture":"#0"},"south":{"uv":[8,4.5,14,0],"rotation":180,"texture":"#0"}}},{"from":[-5,5,8],"to":[7,14,8],"rotation":{"angle":22.5,"axis":"x","origin":[8,9.5,8]},"faces":{"north":{"uv":[8,4.5,14,0],"rotation":180,"texture":"#0"},"south":{"uv":[14,4.5,8,0],"rotation":180,"texture":"#0"}}},{"from":[5.9,-12.1,6.9],"to":[10.1,-7.9,9.1],"rotation":{"angle":0,"axis":"y","origin":[14,-4,15]},"faces":{"north":{"uv":[5,6,7,8],"texture":"#0","tintindex":0},"south":{"uv":[5,6,7,8],"texture":"#0","tintindex":0}}},{"from":[6.9,-7.1,6.9],"to":[9.1,-3.9,9.1],"rotation":{"angle":0,"axis":"y","origin":[15,1,15]},"faces":{"north":{"uv":[2.5,5,3.5,6.5],"texture":"#0","tintindex":0},"east":{"uv":[2.5,5,3.5,6.5],"texture":"#0","tintindex":0},"south":{"uv":[2.5,5,3.5,6.5],"texture":"#0","tintindex":0},"west":{"uv":[2.5,5,3.5,6.5],"texture":"#0","tintindex":0}}},{"from":[9.1,-3.9,9.1],"to":[6.9,-7.1,6.9],"rotation":{"angle":0,"axis":"y","origin":[17,4,17]},"faces":{"north":{"uv":[2.5,5,3.5,6.5],"rotation":180,"texture":"#0","tintindex":0},"east":{"uv":[2.5,5,3.5,6.5],"rotation":180,"texture":"#0","tintindex":0},"south":{"uv":[2.5,5,3.5,6.5],"rotation":180,"texture":"#0","tintindex":0},"west":{"uv":[2.5,5,3.5,6.5],"rotation":180,"texture":"#0","tintindex":0}}},{"from":[3.5,3,4.2],"to":[12.5,12,4.2],"rotation":{"angle":22.5,"axis":"x","origin":[8,7.5,4.2]},"faces":{"north":{"uv":[0,12,4.5,7.5],"rotation":180,"texture":"#0","tintindex":0},"south":{"uv":[0,12,4.5,7.5],"rotation":180,"texture":"#0","tintindex":0}}},{"from":[10.65,10.15,10.65],"to":[5.35,7.85,5.35],"rotation":{"angle":0,"axis":"y","origin":[18,18,18]},"faces":{"north":{"uv":[2.5,6.5,5,7.5],"rotation":180,"texture":"#0","tintindex":0},"east":{"uv":[2.5,6.5,5,7.5],"rotation":180,"texture":"#0","tintindex":0},"south":{"uv":[2.5,6.5,5,7.5],"rotation":180,"texture":"#0","tintindex":0},"west":{"uv":[2.5,6.5,5,7.5],"rotation":180,"texture":"#0","tintindex":0}}},{"from":[5.35,7.85,5.35],"to":[10.65,10.15,10.65],"rotation":{"angle":0,"axis":"y","origin":[13,16,13]},"faces":{"north":{"uv":[2.5,6.5,5,7.5],"texture":"#0","tintindex":0},"east":{"uv":[2.5,6.5,5,7.5],"texture":"#0","tintindex":0},"south":{"uv":[2.5,6.5,5,7.5],"texture":"#0","tintindex":0},"west":{"uv":[2.5,6.5,5,7.5],"texture":"#0","tintindex":0}}}],"display":{"thirdperson_righthand":{"rotation":[58.0,9.0,7.0],"translation":[-3.109375,1.75,5.078125],"scale":[0.9375,0.9375,0.9375]},"thirdperson_lefthand":{"rotation":[58,-9,-7],"translation":[1.25,2,4.75]},"firstperson_righthand":{"rotation":[-9,-77,0],"translation":[13.5,0.75,-3.5]},"firstperson_lefthand":{"rotation":[-9,-77,0],"translation":[13.5,0.75,-3.5],"scale":[0,0,0]},"ground":{"translation":[0,12.75,0],"scale":[0.39,0.39,0.39]},"gui":{"rotation":[-21,-180,45],"translation":[1.5,1.5,0],"scale":[0.62,0.62,0.62]},"head":{"translation":[0,7.25,0]},"fixed":{"translation":[0,10.25,-3],"scale":[2,2,2]}},"groups":[{"name":"group","origin":[16,8,14],"children":[0,1]},2,3,4,5,6,{"name":"group","origin":[13,16,13],"children":[7,8,9,10,11,12]}]}