{"credit":"Made with Blockbench","texture_size":[64,64],"textures":{"3":"custom/cosmetics/vote/tuff_golem_balloon/tuff_golem_balloon","particle":"custom/cosmetics/vote/tuff_golem_balloon/tuff_golem_balloon"},"elements":[{"from":[3,8,3],"to":[13,19,13],"faces":{"north":{"uv":[0,0,2.5,2.75],"texture":"#3"},"east":{"uv":[7.5,0,5,2.75],"texture":"#3"},"south":{"uv":[12.5,0,15,2.75],"texture":"#3"},"west":{"uv":[2.5,0,5,2.75],"texture":"#3"},"up":{"uv":[7.5,0,10,2.5],"rotation":180,"texture":"#3"},"down":{"uv":[10,0,12.5,2.5],"rotation":180,"texture":"#3"}}},{"from":[7,11,1],"to":[9,15,3],"faces":{"north":{"uv":[1,1,1.5,2],"texture":"#3"},"east":{"uv":[4.25,2.75,3.75,3.75],"texture":"#3"},"south":{"uv":[0,0,0.5,1],"texture":"#3"},"west":{"uv":[3.75,2.75,4.25,3.75],"texture":"#3"},"up":{"uv":[3.75,2.75,4.25,3],"rotation":90,"texture":"#3"},"down":{"uv":[4.25,3.75,3.75,3.5],"rotation":90,"texture":"#3"}}},{"from":[2.75,1.75,2.75],"to":[13.25,10.25,13.25],"rotation":{"angle":0,"axis":"x","origin":[8,9,3]},"faces":{"north":{"uv":[7.25,5.25,9.75,7.25],"texture":"#3","tintindex":0},"east":{"uv":[10,5.25,12.5,7.25],"texture":"#3","tintindex":0},"south":{"uv":[7.25,5.25,9.75,7.25],"texture":"#3","tintindex":0},"west":{"uv":[10,5.25,12.5,7.25],"texture":"#3","tintindex":0},"up":{"uv":[10,2.5,12.5,5],"rotation":180,"texture":"#3","tintindex":0}}},{"from":[2.75,-0.35,2.75],"to":[13.25,8.15,13.25],"rotation":{"angle":0,"axis":"x","origin":[8,9,3]},"faces":{"north":{"uv":[7.25,7,9.75,9],"texture":"#3"},"east":{"uv":[10,7,12.5,9],"texture":"#3"},"south":{"uv":[7.25,7,9.75,9],"texture":"#3"},"west":{"uv":[10,7,12.5,9],"texture":"#3"}}},{"name":"cube inverted","from":[13.25,10.25,13.25],"to":[2.75,1.75,2.75],"rotation":{"angle":0,"axis":"x","origin":[8,9,3]},"faces":{"north":{"uv":[7.25,7.25,9.75,5.25],"texture":"#3","tintindex":0},"east":{"uv":[10,7.25,12.5,5.25],"texture":"#3","tintindex":0},"south":{"uv":[7.25,7.25,9.75,5.25],"texture":"#3","tintindex":0},"west":{"uv":[10,7.25,12.5,5.25],"texture":"#3","tintindex":0},"down":{"uv":[12.5,2.5,10,5],"rotation":180,"texture":"#3","tintindex":0}}},{"name":"cube inverted","from":[13.25,8.15,13.25],"to":[2.75,-0.35,2.75],"rotation":{"angle":0,"axis":"x","origin":[8,9,3]},"faces":{"north":{"uv":[7.25,9,9.75,7],"texture":"#3"},"east":{"uv":[10,9,12.5,7],"texture":"#3"},"south":{"uv":[7.25,9,9.75,7],"texture":"#3"},"west":{"uv":[10,9,12.5,7],"texture":"#3"}}},{"from":[-4,6,6],"to":[3,10,10],"rotation":{"angle":45,"axis":"z","origin":[-1,11,8]},"faces":{"north":{"uv":[1,4.5,0,2.75],"rotation":90,"texture":"#3"},"east":{"uv":[2,3.5,3,4.5],"texture":"#3"},"south":{"uv":[1,4.5,0,2.75],"rotation":90,"texture":"#3"},"west":{"uv":[2,3.5,3,4.5],"texture":"#3"},"up":{"uv":[1,2.75,2,4.5],"rotation":90,"texture":"#3"},"down":{"uv":[2,2.75,3,4.5],"rotation":90,"texture":"#3"}}},{"from":[13,6,6],"to":[20,10,10],"rotation":{"angle":-45,"axis":"z","origin":[17,11,8]},"faces":{"north":{"uv":[1,2.75,0,4.5],"rotation":90,"texture":"#3"},"east":{"uv":[3,3.5,2,4.5],"texture":"#3"},"south":{"uv":[1,2.75,0,4.5],"rotation":90,"texture":"#3"},"west":{"uv":[3,3.5,2,4.5],"texture":"#3"},"up":{"uv":[1,4.5,2,2.75],"rotation":90,"texture":"#3"},"down":{"uv":[2,4.5,3,2.75],"rotation":90,"texture":"#3"}}}],"display":{"gui":{"rotation":[30,135,0],"translation":[0,-1.75,0],"scale":[0.7,0.7,0.7]},"head":{"translation":[0,-5.75,0],"scale":[2.2857,2.2857,2.2857]}},"groups":[{"name":"Body","origin":[0,10,0],"color":0,"children":[0,1,{"name":"bone","origin":[-2.5,8,1],"color":0,"children":[]},{"name":"bone2","origin":[2.5,8,1],"color":0,"children":[]},{"name":"Arm","origin":[-6.5,10,1],"color":0,"children":[]},{"name":"Arm2","origin":[6.5,10,1],"color":0,"children":[]},{"name":"bone3","origin":[0,10,0],"color":0,"children":[{"name":"bone4","origin":[0,10,-6],"color":0,"children":[2,3,4,5]}]}]},6,7]}